id_texto;texto;score_ansiedade;score_depressao;score_burnout
1001;Tenho acumulado muitas faltas, a recuperação será difícil. o trânsito estava horrível, cheguei atrasado na primeira aula. tudo parece cinzento e sem cor.;0,545;0,349;0,218
1002;Minhas notas refletem meu desinteresse. comi uma coisa nova no ru, estava razoável.;0,18;0,203;0,426
1003;Minhas notas vieram boas, o esforço valeu a pena!. o trânsito estava horrível, cheguei atrasado na primeira aula. tudo parece cinzento e sem cor.;0,277;0,175;0,249
1004;Choveu o dia todo, não consegui sair para a rua. organizei minha rotina e a exaustão diminuiu. consegui avançar muito no projeto de pesquisa. as preocupações de ontem diminuíram hoje.;0,257;0,247;0,14
1005;O trânsito estava horrível, cheguei atrasado na primeira aula. sinto que o tempo está correndo e eu estou ficando para trás. fui mal na prova e isso só piora meu humor. estou sempre preocupado com o que pode dar errado. minha cabeça não desliga, repasso tudo mil vezes antes de dormir.;0,807;0,367;0,199
1006;Lavei as roupas hoje, a pilha estava gigante. tenho acumulado muitas faltas, a recuperação será difícil. a solidão bateu forte hoje, mesmo estando rodeado de gente.;0,376;0,542;0,171
1007;É um esforço enorme levantar da cama. minhas notas vieram boas, o esforço valeu a pena!. lavei as roupas hoje, a pilha estava gigante.;0,258;0,267;0,208
1008;Comi uma coisa nova no ru, estava razoável. me senti produtivo e o trabalho fluiu bem. consegui avançar muito no projeto de pesquisa. consegui me organizar bem para a prova.;0,084;0,104;0,207
1009;Organizei minha rotina e a exaustão diminuiu. choveu o dia todo, não consegui sair para a rua. minhas notas vieram boas, o esforço valeu a pena!. as coisas parecem sob controle.;0,219;0,245;0,227
1010;Minhas notas refletem meu desinteresse. o trânsito estava horrível, cheguei atrasado na primeira aula. meu estômago está revirado só de pensar na próxima apresentação. sinto que o tempo está correndo e eu estou ficando para trás.;0,503;0,298;0,503
1011;Lavei as roupas hoje, a pilha estava gigante. as preocupações de ontem diminuíram hoje. o esforço valeu a pena, senti-me competente. estou animado com o novo tópico da matéria.;0,116;0,155;0,16
1012;Tirei uma nota alta na prova difícil, estou aliviado. consegui ter um bom tempo de descanso hoje. as coisas parecem sob controle. choveu o dia todo, não consegui sair para a rua.;0,277;0,255;0,113
1013;Tenho tido ataques de pânico leves no meio da noite. fui mal na prova e isso só piora meu humor. não vejo sentido em continuar tentando. lavei as roupas hoje, a pilha estava gigante. é um esforço enorme levantar da cama.;0,795;0,518;0,13
1014;Estou animado com o novo tópico da matéria. me senti produtivo e o trabalho fluiu bem. as coisas parecem sob controle. choveu o dia todo, não consegui sair para a rua.;0,23;0,139;0,099
1015;Choveu o dia todo, não consegui sair para a rua. fui mal na prova e isso só piora meu humor. sinto um cinismo e irritação com todo mundo da faculdade. não consigo parar de pensar no prazo final.;0,658;0,395;0,259
1016;Sinto que sou um fardo para minha família e amigos. a solidão bateu forte hoje, mesmo estando rodeado de gente. comi uma coisa nova no ru, estava razoável. minhas notas vieram boas, o esforço valeu a pena!.;0,23;0,521;0,187
1017;Não estou sentindo aquela pressão de antes. lavei as roupas hoje, a pilha estava gigante. minhas notas vieram boas, o esforço valeu a pena!. me senti produtivo e o trabalho fluiu bem.;0,121;0,143;0,141
1018;Minhas notas refletem meu desinteresse. sinto que sou um fardo para minha família e amigos. lavei as roupas hoje, a pilha estava gigante.;0,401;0,404;0,371
1019;Comi uma coisa nova no ru, estava razoável. sinto que o tempo está correndo e eu estou ficando para trás. sinto que sou um fardo para minha família e amigos. o tcc está travado, não consigo escrever uma linha coerente.;0,413;0,276;0,367
1020;Tirei uma nota alta na prova difícil, estou aliviado. o trânsito estava horrível, cheguei atrasado na primeira aula. a solidão bateu forte hoje, mesmo estando rodeado de gente.;0,275;0,299;0,172
1021;Estou exausto. o corpo dói e a mente está lenta. comi uma coisa nova no ru, estava razoável. me senti produtivo e o trabalho fluiu bem. estou animado com o novo tópico da matéria. as preocupações de ontem diminuíram hoje.;0,257;0,154;0,348
1022;Consegui avançar muito no projeto de pesquisa. lavei as roupas hoje, a pilha estava gigante. minha cabeça não desliga, repasso tudo mil vezes antes de dormir. o esforço valeu a pena, senti-me competente. não estou sentindo aquela pressão de antes.;0,151;0,167;0,296
1023;Consegui ter um bom tempo de descanso hoje. fui mal na prova e isso só piora meu humor. as coisas parecem sob controle. comi uma coisa nova no ru, estava razoável.;0,258;0,181;0,227
1024;Sinto um cinismo e irritação com todo mundo da faculdade. comi uma coisa nova no ru, estava razoável. tudo parece cinzento e sem cor. minhas notas refletem meu desinteresse.;0,204;0,336;0,553
1025;Consegui avançar muito no projeto de pesquisa. é um esforço enorme levantar da cama. não vejo sentido em continuar tentando. o trânsito estava horrível, cheguei atrasado na primeira aula.;0,41;0,216;0,354
1026;Não sinto mais prazer nas coisas que gostava. choveu o dia todo, não consegui sair para a rua. tudo parece cinzento e sem cor. minhas notas refletem meu desinteresse.;0,261;0,562;0,397
1027;Não vejo sentido em continuar tentando. tudo parece cinzento e sem cor. minhas notas refletem meu desinteresse. comi uma coisa nova no ru, estava razoável.;0,181;0,356;0,59
1028;O tcc está travado, não consigo escrever uma linha coerente. meu estômago está revirado só de pensar na próxima apresentação. choveu o dia todo, não consegui sair para a rua. sinto um cinismo e irritação com todo mundo da faculdade.;0,605;0,27;0,299
1029;Não sinto mais prazer nas coisas que gostava. minhas notas refletem meu desinteresse. choveu o dia todo, não consegui sair para a rua. é um esforço enorme levantar da cama.;0,37;0,545;0,46
1030;Estou com medo de ser reprovado em duas matérias. estou desorientado e não consigo manter o foco em nada. comi uma coisa nova no ru, estava razoável. meu estômago está revirado só de pensar na próxima apresentação. sinto um cinismo e irritação com todo mundo da faculdade. é um esforço enorme levantar da cama.;0,698;0,214;0,233
1031;Estou com medo de ser reprovado em duas matérias. lavei as roupas hoje, a pilha estava gigante.;0,485;0,312;0,18
1032;O esforço valeu a pena, senti-me competente. as preocupações de ontem diminuíram hoje. estou animado com o novo tópico da matéria. o trânsito estava horrível, cheguei atrasado na primeira aula.;0,3;0,095;0,207
1033;Comi uma coisa nova no ru, estava razoável. sinto que sou um fardo para minha família e amigos. minha cabeça não desliga, repasso tudo mil vezes antes de dormir. fui mal na prova e isso só piora meu humor. não consigo parar de pensar no prazo final. sinto que o tempo está correndo e eu estou ficando para trás. não vejo sentido em continuar tentando.;0,574;0,351;0,384
1034;Consegui ter um bom tempo de descanso hoje. estou desorientado e não consigo manter o foco em nada. minhas notas vieram boas, o esforço valeu a pena!. o trânsito estava horrível, cheguei atrasado na primeira aula. consegui me organizar bem para a prova.;0,307;0,186;0,182
1035;É um esforço enorme levantar da cama. estou desorientado e não consigo manter o foco em nada. a faculdade virou uma tortura, o trabalho nunca acaba. meu estômago está revirado só de pensar na próxima apresentação. comi uma coisa nova no ru, estava razoável. não sinto mais prazer nas coisas que gostava. tenho tido ataques de pânico leves no meio da noite. sinto que o tempo está correndo e eu estou ficando para trás. minhas notas refletem meu desinteresse.;0,65;0,335;0,51
1036;Lavei as roupas hoje, a pilha estava gigante. tenho acumulado muitas faltas, a recuperação será difícil. não sinto mais prazer nas coisas que gostava.;0,254;0,406;0,251
1037;Consegui avançar muito no projeto de pesquisa. não consigo parar de pensar no prazo final. não vejo sentido em continuar tentando. sinto que o tempo está correndo e eu estou ficando para trás. tudo parece cinzento e sem cor. lavei as roupas hoje, a pilha estava gigante. tenho tido ataques de pânico leves no meio da noite.;0,602;0,238;0,269
1038;Choveu o dia todo, não consegui sair para a rua. sinto que o tempo está correndo e eu estou ficando para trás. tirei uma nota alta na prova difícil, estou aliviado. meu estômago está revirado só de pensar na próxima apresentação. tenho tido ataques de pânico leves no meio da noite.;0,628;0,307;0,083
1039;Tirei uma nota alta na prova difícil, estou aliviado. o esforço valeu a pena, senti-me competente. consegui me organizar bem para a prova. comi uma coisa nova no ru, estava razoável.;0,124;0,102;0,149
1040;Consegui me organizar bem para a prova. consegui ter um bom tempo de descanso hoje. choveu o dia todo, não consegui sair para a rua. estou animado com o novo tópico da matéria. tenho tido ataques de pânico leves no meio da noite.;0,472;0,163;0,064
1041;Consegui avançar muito no projeto de pesquisa. choveu o dia todo, não consegui sair para a rua. sinto que sou um fardo para minha família e amigos. não vejo sentido em continuar tentando.;0,332;0,522;0,315
1042;Me senti produtivo e o trabalho fluiu bem. tirei uma nota alta na prova difícil, estou aliviado. as coisas parecem sob controle. comi uma coisa nova no ru, estava razoável.;0,07;0,101;0,173
1043;As preocupações de ontem diminuíram hoje. me senti produtivo e o trabalho fluiu bem. consegui avançar muito no projeto de pesquisa. estou sempre preocupado com o que pode dar errado. minha cabeça não desliga, repasso tudo mil vezes antes de dormir. o trânsito estava horrível, cheguei atrasado na primeira aula.;0,5;0,208;0,196
1044;Tudo parece cinzento e sem cor. estou desorientado e não consigo manter o foco em nada. tenho tido ataques de pânico leves no meio da noite. estou exausto. o corpo dói e a mente está lenta. meu estômago está revirado só de pensar na próxima apresentação. fui mal na prova e isso só piora meu humor. não sinto mais prazer nas coisas que gostava. o trânsito estava horrível, cheguei atrasado na primeira aula.;0,672;0,366;0,206
1045;Sinto que o tempo está correndo e eu estou ficando para trás. tenho tido ataques de pânico leves no meio da noite. lavei as roupas hoje, a pilha estava gigante. minhas notas refletem meu desinteresse.;0,589;0,37;0,32
1046;Consegui ter um bom tempo de descanso hoje. lavei as roupas hoje, a pilha estava gigante. o tcc está travado, não consigo escrever uma linha coerente. consegui me organizar bem para a prova.;0,189;0,155;0,145
1047;Não vejo sentido em continuar tentando. não consigo parar de pensar no prazo final. comi uma coisa nova no ru, estava razoável. a solidão bateu forte hoje, mesmo estando rodeado de gente. estou com medo de ser reprovado em duas matérias.;0,37;0,455;0,286
1048;Comi uma coisa nova no ru, estava razoável. estou com medo de ser reprovado em duas matérias.;0,322;0,185;0,15
1049;Choveu o dia todo, não consegui sair para a rua. tirei uma nota alta na prova difícil, estou aliviado. o esforço valeu a pena, senti-me competente. consegui me organizar bem para a prova.;0,256;0,251;0,127
1050;Durmo mal e acordo com a sensação de não ter descansado. estou animado com o novo tópico da matéria. lavei as roupas hoje, a pilha estava gigante. o esforço valeu a pena, senti-me competente. a faculdade virou uma tortura, o trabalho nunca acaba. não estou sentindo aquela pressão de antes.;0,341;0,204;0,429
1051;Consegui ter um bom tempo de descanso hoje. consegui avançar muito no projeto de pesquisa. lavei as roupas hoje, a pilha estava gigante. não estou sentindo aquela pressão de antes.;0,127;0,171;0,181
1052;O trânsito estava horrível, cheguei atrasado na primeira aula. minha cabeça não desliga, repasso tudo mil vezes antes de dormir. é um esforço enorme levantar da cama. tenho tido ataques de pânico leves no meio da noite. não vejo sentido em continuar tentando. estou com medo de ser reprovado em duas matérias.;0,774;0,297;0,27
1053;Sinto que sou um fardo para minha família e amigos. comi uma coisa nova no ru, estava razoável. tenho acumulado muitas faltas, a recuperação será difícil. não vejo sentido em continuar tentando.;0,34;0,468;0,385
1054;Estou exausto. o corpo dói e a mente está lenta. não sinto mais prazer nas coisas que gostava. minhas notas refletem meu desinteresse. o trânsito estava horrível, cheguei atrasado na primeira aula.;0,426;0,306;0,58
1055;Consegui avançar muito no projeto de pesquisa. não estou sentindo aquela pressão de antes. choveu o dia todo, não consegui sair para a rua. estou sempre preocupado com o que pode dar errado. organizei minha rotina e a exaustão diminuiu. minha cabeça não desliga, repasso tudo mil vezes antes de dormir.;0,464;0,313;0,171
1056;Meu estômago está revirado só de pensar na próxima apresentação. comi uma coisa nova no ru, estava razoável. consegui ter um bom tempo de descanso hoje. estou animado com o novo tópico da matéria. as preocupações de ontem diminuíram hoje.;0,343;0,11;0,154
1057;Estou animado com o novo tópico da matéria. não estou sentindo aquela pressão de antes. choveu o dia todo, não consegui sair para a rua. me senti produtivo e o trabalho fluiu bem.;0,202;0,152;0,101
1058;Tenho acumulado muitas faltas, a recuperação será difícil. não vejo sentido em continuar tentando. choveu o dia todo, não consegui sair para a rua.;0,503;0,542;0,279
1059;Tirei uma nota alta na prova difícil, estou aliviado. consegui me organizar bem para a prova. o esforço valeu a pena, senti-me competente. choveu o dia todo, não consegui sair para a rua.;0,238;0,198;0,112
1060;As preocupações de ontem diminuíram hoje. tirei uma nota alta na prova difícil, estou aliviado. me senti produtivo e o trabalho fluiu bem. comi uma coisa nova no ru, estava razoável.;0,173;0,161;0,159
1061;Consegui avançar muito no projeto de pesquisa. comi uma coisa nova no ru, estava razoável. organizei minha rotina e a exaustão diminuiu. não estou sentindo aquela pressão de antes.;0,122;0,154;0,39
1062;Minhas notas vieram boas, o esforço valeu a pena!. choveu o dia todo, não consegui sair para a rua. meu estômago está revirado só de pensar na próxima apresentação. é um esforço enorme levantar da cama. não consigo parar de pensar no prazo final. sinto que sou um fardo para minha família e amigos.;0,681;0,266;0,238
1063;Me senti produtivo e o trabalho fluiu bem. tenho tido ataques de pânico leves no meio da noite. minha cabeça não desliga, repasso tudo mil vezes antes de dormir. não estou sentindo aquela pressão de antes. o trânsito estava horrível, cheguei atrasado na primeira aula. o tcc está travado, não consigo escrever uma linha coerente.;0,561;0,183;0,26
1064;Consegui avançar muito no projeto de pesquisa. estou sempre preocupado com o que pode dar errado. consegui ter um bom tempo de descanso hoje. tenho tido ataques de pânico leves no meio da noite. as preocupações de ontem diminuíram hoje. choveu o dia todo, não consegui sair para a rua.;0,48;0,286;0,112
1065;Choveu o dia todo, não consegui sair para a rua. estou exausto. o corpo dói e a mente está lenta. é um esforço enorme levantar da cama. tirei uma nota alta na prova difícil, estou aliviado.;0,409;0,322;0,177
1066;Choveu o dia todo, não consegui sair para a rua. é um esforço enorme levantar da cama. a solidão bateu forte hoje, mesmo estando rodeado de gente. tenho acumulado muitas faltas, a recuperação será difícil.;0,528;0,562;0,169
1067;Comi uma coisa nova no ru, estava razoável. não vejo sentido em continuar tentando. o tcc está travado, não consigo escrever uma linha coerente.;0,284;0,245;0,352
1068;Minhas notas refletem meu desinteresse. comi uma coisa nova no ru, estava razoável. não vejo sentido em continuar tentando.;0,191;0,3;0,663
1069;Organizei minha rotina e a exaustão diminuiu. o trânsito estava horrível, cheguei atrasado na primeira aula. as preocupações de ontem diminuíram hoje. fui mal na prova e isso só piora meu humor. durmo mal e acordo com a sensação de não ter descansado.;0,436;0,243;0,301
1070;Tenho acumulado muitas faltas, a recuperação será difícil. sinto um cinismo e irritação com todo mundo da faculdade. sinto que sou um fardo para minha família e amigos. não sinto mais prazer nas coisas que gostava. comi uma coisa nova no ru, estava razoável.;0,306;0,447;0,466
1071;Meu estômago está revirado só de pensar na próxima apresentação. fui mal na prova e isso só piora meu humor. comi uma coisa nova no ru, estava razoável. tenho tido ataques de pânico leves no meio da noite. durmo mal e acordo com a sensação de não ter descansado.;0,743;0,345;0,199
1072;Tenho acumulado muitas faltas, a recuperação será difícil. tudo parece cinzento e sem cor. estou sempre preocupado com o que pode dar errado. minha cabeça não desliga, repasso tudo mil vezes antes de dormir. comi uma coisa nova no ru, estava razoável. sinto que sou um fardo para minha família e amigos.;0,585;0,562;0,206
1073;As coisas parecem sob controle. quero largar tudo e sumir para ter paz mental. sinto um cinismo e irritação com todo mundo da faculdade. estou animado com o novo tópico da matéria. organizei minha rotina e a exaustão diminuiu. o trânsito estava horrível, cheguei atrasado na primeira aula.;0,507;0,164;0,316
1074;O tcc está travado, não consigo escrever uma linha coerente. choveu o dia todo, não consegui sair para a rua. não sinto mais prazer nas coisas que gostava. sinto que o tempo está correndo e eu estou ficando para trás. é um esforço enorme levantar da cama.;0,533;0,414;0,335
1075;Estou sempre preocupado com o que pode dar errado. a solidão bateu forte hoje, mesmo estando rodeado de gente. lavei as roupas hoje, a pilha estava gigante. tenho acumulado muitas faltas, a recuperação será difícil.;0,663;0,644;0,105
1076;Consegui me organizar bem para a prova. minhas notas vieram boas, o esforço valeu a pena!. o trânsito estava horrível, cheguei atrasado na primeira aula. me senti produtivo e o trabalho fluiu bem.;0,2;0,126;0,13
1077;Estou sempre preocupado com o que pode dar errado. fui mal na prova e isso só piora meu humor. tenho tido ataques de pânico leves no meio da noite. minha cabeça não desliga, repasso tudo mil vezes antes de dormir. lavei as roupas hoje, a pilha estava gigante. sinto um cinismo e irritação com todo mundo da faculdade. tudo parece cinzento e sem cor. estou desorientado e não consigo manter o foco em nada.;0,854;0,518;0,117
1078;Estou sempre preocupado com o que pode dar errado. lavei as roupas hoje, a pilha estava gigante. tenho tido ataques de pânico leves no meio da noite. tenho acumulado muitas faltas, a recuperação será difícil.;0,876;0,519;0,066
1079;Consegui me organizar bem para a prova. me senti produtivo e o trabalho fluiu bem. fui mal na prova e isso só piora meu humor. lavei as roupas hoje, a pilha estava gigante.;0,266;0,296;0,184
1080;Lavei as roupas hoje, a pilha estava gigante. tenho acumulado muitas faltas, a recuperação será difícil.;0,347;0,359;0,221
1081;As preocupações de ontem diminuíram hoje. consegui avançar muito no projeto de pesquisa. o esforço valeu a pena, senti-me competente. lavei as roupas hoje, a pilha estava gigante.;0,117;0,13;0,163
1082;A solidão bateu forte hoje, mesmo estando rodeado de gente. minhas notas vieram boas, o esforço valeu a pena!. comi uma coisa nova no ru, estava razoável.;0,129;0,328;0,203
1083;Comi uma coisa nova no ru, estava razoável. estou animado com o novo tópico da matéria. não vejo sentido em continuar tentando.;0,204;0,164;0,299
1084;O esforço valeu a pena, senti-me competente. tenho acumulado muitas faltas, a recuperação será difícil. tenho tido ataques de pânico leves no meio da noite. consegui me organizar bem para a prova. estou sempre preocupado com o que pode dar errado. o trânsito estava horrível, cheguei atrasado na primeira aula.;0,671;0,225;0,161
1085;Não sinto mais prazer nas coisas que gostava. fui mal na prova e isso só piora meu humor. lavei as roupas hoje, a pilha estava gigante. minha cabeça não desliga, repasso tudo mil vezes antes de dormir.;0,374;0,403;0,417
1086;Sinto que sou um fardo para minha família e amigos. não vejo sentido em continuar tentando. choveu o dia todo, não consegui sair para a rua. durmo mal e acordo com a sensação de não ter descansado. estou animado com o novo tópico da matéria.;0,533;0,432;0,205
1087;Consegui me organizar bem para a prova. tirei uma nota alta na prova difícil, estou aliviado. me senti produtivo e o trabalho fluiu bem. comi uma coisa nova no ru, estava razoável.;0,12;0,127;0,146
1088;Meu estômago está revirado só de pensar na próxima apresentação. consegui avançar muito no projeto de pesquisa. comi uma coisa nova no ru, estava razoável. consegui ter um bom tempo de descanso hoje. as preocupações de ontem diminuíram hoje.;0,304;0,126;0,17
1089;Não sinto mais prazer nas coisas que gostava. tirei uma nota alta na prova difícil, estou aliviado. tudo parece cinzento e sem cor. lavei as roupas hoje, a pilha estava gigante.;0,173;0,281;0,397
1090;Sinto que sou um fardo para minha família e amigos. choveu o dia todo, não consegui sair para a rua. fui mal na prova e isso só piora meu humor. não vejo sentido em continuar tentando.;0,502;0,69;0,309
1091;As preocupações de ontem diminuíram hoje. lavei as roupas hoje, a pilha estava gigante. consegui ter um bom tempo de descanso hoje. consegui avançar muito no projeto de pesquisa.;0,114;0,146;0,178
1092;É um esforço enorme levantar da cama. estou com medo de ser reprovado em duas matérias. tudo parece cinzento e sem cor. lavei as roupas hoje, a pilha estava gigante.;0,456;0,427;0,189
1093;Sinto que sou um fardo para minha família e amigos. estou desorientado e não consigo manter o foco em nada. tenho acumulado muitas faltas, a recuperação será difícil. lavei as roupas hoje, a pilha estava gigante. tudo parece cinzento e sem cor.;0,516;0,661;0,24
1094;O tcc está travado, não consigo escrever uma linha coerente. a faculdade virou uma tortura, o trabalho nunca acaba. minha cabeça não desliga, repasso tudo mil vezes antes de dormir. sinto um cinismo e irritação com todo mundo da faculdade. não consigo parar de pensar no prazo final. é um esforço enorme levantar da cama. sinto que o tempo está correndo e eu estou ficando para trás. choveu o dia todo, não consegui sair para a rua.;0,71;0,295;0,436
1095;Minhas notas refletem meu desinteresse. as coisas parecem sob controle. o trânsito estava horrível, cheguei atrasado na primeira aula. organizei minha rotina e a exaustão diminuiu.;0,273;0,214;0,386
1096;Minhas notas vieram boas, o esforço valeu a pena!. o esforço valeu a pena, senti-me competente. lavei as roupas hoje, a pilha estava gigante. as coisas parecem sob controle. estou desorientado e não consigo manter o foco em nada.;0,347;0,244;0,236
1097;É um esforço enorme levantar da cama. tudo parece cinzento e sem cor. fui mal na prova e isso só piora meu humor. lavei as roupas hoje, a pilha estava gigante.;0,478;0,512;0,242
1098;Sinto que sou um fardo para minha família e amigos. não sinto mais prazer nas coisas que gostava. choveu o dia todo, não consegui sair para a rua. meu estômago está revirado só de pensar na próxima apresentação. tenho acumulado muitas faltas, a recuperação será difícil.;0,539;0,549;0,223
1099;Choveu o dia todo, não consegui sair para a rua. não sinto mais prazer nas coisas que gostava. não consigo parar de pensar no prazo final. tudo parece cinzento e sem cor. sinto que o tempo está correndo e eu estou ficando para trás. minhas notas refletem meu desinteresse. meu estômago está revirado só de pensar na próxima apresentação.;0,59;0,383;0,247
1100;Não estou sentindo aquela pressão de antes. tirei uma nota alta na prova difícil, estou aliviado. organizei minha rotina e a exaustão diminuiu. choveu o dia todo, não consegui sair para a rua.;0,217;0,189;0,208
1101;Tenho acumulado muitas faltas, a recuperação será difícil. minha cabeça não desliga, repasso tudo mil vezes antes de dormir. meu estômago está revirado só de pensar na próxima apresentação. choveu o dia todo, não consegui sair para a rua. tudo parece cinzento e sem cor.;0,665;0,438;0,209
1102;Tirei uma nota alta na prova difícil, estou aliviado. as preocupações de ontem diminuíram hoje. choveu o dia todo, não consegui sair para a rua. organizei minha rotina e a exaustão diminuiu.;0,249;0,205;0,151
1103;Tenho tido ataques de pânico leves no meio da noite. o trânsito estava horrível, cheguei atrasado na primeira aula. minha cabeça não desliga, repasso tudo mil vezes antes de dormir. tirei uma nota alta na prova difícil, estou aliviado. estou sempre preocupado com o que pode dar errado.;0,86;0,321;0,082
1104;Estou desorientado e não consigo manter o foco em nada. quero largar tudo e sumir para ter paz mental. o trânsito estava horrível, cheguei atrasado na primeira aula. a solidão bateu forte hoje, mesmo estando rodeado de gente. estou com medo de ser reprovado em duas matérias.;0,592;0,569;0,249
1105;Estou com medo de ser reprovado em duas matérias. estou sempre preocupado com o que pode dar errado. comi uma coisa nova no ru, estava razoável. sinto que sou um fardo para minha família e amigos.;0,661;0,339;0,153
1106;É um esforço enorme levantar da cama. tenho acumulado muitas faltas, a recuperação será difícil. lavei as roupas hoje, a pilha estava gigante.;0,424;0,412;0,214
1107;Tirei uma nota alta na prova difícil, estou aliviado. não consigo parar de pensar no prazo final. choveu o dia todo, não consegui sair para a rua. consegui ter um bom tempo de descanso hoje. estou sempre preocupado com o que pode dar errado. consegui me organizar bem para a prova. sinto que o tempo está correndo e eu estou ficando para trás.;0,524;0,216;0,122
1108;O trânsito estava horrível, cheguei atrasado na primeira aula. as coisas parecem sob controle. quero largar tudo e sumir para ter paz mental. consegui ter um bom tempo de descanso hoje. estou animado com o novo tópico da matéria. estou exausto. o corpo dói e a mente está lenta.;0,598;0,153;0,246
1109;Me senti produtivo e o trabalho fluiu bem. as preocupações de ontem diminuíram hoje. consegui avançar muito no projeto de pesquisa. choveu o dia todo, não consegui sair para a rua. estou desorientado e não consigo manter o foco em nada. sinto um cinismo e irritação com todo mundo da faculdade.;0,346;0,317;0,31
1110;Tenho acumulado muitas faltas, a recuperação será difícil. choveu o dia todo, não consegui sair para a rua. não sinto mais prazer nas coisas que gostava. sinto que sou um fardo para minha família e amigos. estou desorientado e não consigo manter o foco em nada.;0,457;0,663;0,23
1111;Sinto que sou um fardo para minha família e amigos. meu estômago está revirado só de pensar na próxima apresentação. minha cabeça não desliga, repasso tudo mil vezes antes de dormir. choveu o dia todo, não consegui sair para a rua. a solidão bateu forte hoje, mesmo estando rodeado de gente. não consigo parar de pensar no prazo final. tirei uma nota alta na prova difícil, estou aliviado.;0,627;0,398;0,169
1112;Meu estômago está revirado só de pensar na próxima apresentação. tirei uma nota alta na prova difícil, estou aliviado. lavei as roupas hoje, a pilha estava gigante. sinto que sou um fardo para minha família e amigos. a solidão bateu forte hoje, mesmo estando rodeado de gente. não consigo parar de pensar no prazo final.;0,515;0,355;0,173
1113;Tenho acumulado muitas faltas, a recuperação será difícil. tenho tido ataques de pânico leves no meio da noite. sinto que sou um fardo para minha família e amigos. sinto que o tempo está correndo e eu estou ficando para trás. estou sempre preocupado com o que pode dar errado. o trânsito estava horrível, cheguei atrasado na primeira aula.;0,793;0,547;0,174
1114;Organizei minha rotina e a exaustão diminuiu. comi uma coisa nova no ru, estava razoável. as coisas parecem sob controle. minhas notas vieram boas, o esforço valeu a pena!.;0,139;0,107;0,267
1115;Estou exausto. o corpo dói e a mente está lenta. não estou sentindo aquela pressão de antes. lavei as roupas hoje, a pilha estava gigante. me senti produtivo e o trabalho fluiu bem. tirei uma nota alta na prova difícil, estou aliviado.;0,234;0,244;0,327
1116;Tirei uma nota alta na prova difícil, estou aliviado. o trânsito estava horrível, cheguei atrasado na primeira aula. organizei minha rotina e a exaustão diminuiu. as coisas parecem sob controle.;0,314;0,134;0,172
1117;As preocupações de ontem diminuíram hoje. minhas notas refletem meu desinteresse. estou sempre preocupado com o que pode dar errado. o trânsito estava horrível, cheguei atrasado na primeira aula. organizei minha rotina e a exaustão diminuiu.;0,419;0,22;0,252
1118;Sinto que o tempo está correndo e eu estou ficando para trás. comi uma coisa nova no ru, estava razoável. o tcc está travado, não consigo escrever uma linha coerente.;0,351;0,219;0,355
1119;Tenho acumulado muitas faltas, a recuperação será difícil. sinto que sou um fardo para minha família e amigos. comi uma coisa nova no ru, estava razoável. é um esforço enorme levantar da cama.;0,374;0,38;0,342
1120;O tcc está travado, não consigo escrever uma linha coerente. lavei as roupas hoje, a pilha estava gigante. as preocupações de ontem diminuíram hoje. consegui ter um bom tempo de descanso hoje.;0,224;0,214;0,224
1121;As coisas parecem sob controle. meu estômago está revirado só de pensar na próxima apresentação. minhas notas refletem meu desinteresse. comi uma coisa nova no ru, estava razoável. não consigo parar de pensar no prazo final. organizei minha rotina e a exaustão diminuiu. estou sempre preocupado com o que pode dar errado.;0,728;0,2;0,217
1122;Sinto que sou um fardo para minha família e amigos. tenho tido ataques de pânico leves no meio da noite. minha cabeça não desliga, repasso tudo mil vezes antes de dormir. comi uma coisa nova no ru, estava razoável. estou com medo de ser reprovado em duas matérias. não sinto mais prazer nas coisas que gostava.;0,673;0,623;0,185
1123;Não estou sentindo aquela pressão de antes. tirei uma nota alta na prova difícil, estou aliviado. organizei minha rotina e a exaustão diminuiu. o trânsito estava horrível, cheguei atrasado na primeira aula.;0,198;0,154;0,247
1124;Lavei as roupas hoje, a pilha estava gigante. organizei minha rotina e a exaustão diminuiu. tirei uma nota alta na prova difícil, estou aliviado. consegui me organizar bem para a prova.;0,171;0,198;0,158
1125;Comi uma coisa nova no ru, estava razoável. o tcc está travado, não consigo escrever uma linha coerente. não consigo parar de pensar no prazo final. consegui me organizar bem para a prova. o esforço valeu a pena, senti-me competente. meu estômago está revirado só de pensar na próxima apresentação.;0,412;0,08;0,175
1126;Minhas notas refletem meu desinteresse. sinto que sou um fardo para minha família e amigos. meu estômago está revirado só de pensar na próxima apresentação. sinto que o tempo está correndo e eu estou ficando para trás. lavei as roupas hoje, a pilha estava gigante. tenho tido ataques de pânico leves no meio da noite.;0,62;0,33;0,343
1127;O trânsito estava horrível, cheguei atrasado na primeira aula. minhas notas vieram boas, o esforço valeu a pena!.;0,337;0,182;0,181
1128;Tirei uma nota alta na prova difícil, estou aliviado. meu estômago está revirado só de pensar na próxima apresentação. comi uma coisa nova no ru, estava razoável. minha cabeça não desliga, repasso tudo mil vezes antes de dormir.;0,433;0,137;0,177
1129;Durmo mal e acordo com a sensação de não ter descansado. não vejo sentido em continuar tentando. choveu o dia todo, não consegui sair para a rua. estou exausto. o corpo dói e a mente está lenta. minhas notas vieram boas, o esforço valeu a pena!.;0,482;0,42;0,403
1130;Minhas notas vieram boas, o esforço valeu a pena!. consegui ter um bom tempo de descanso hoje. meu estômago está revirado só de pensar na próxima apresentação. não estou sentindo aquela pressão de antes. lavei as roupas hoje, a pilha estava gigante. minha cabeça não desliga, repasso tudo mil vezes antes de dormir.;0,3;0,122;0,206
1131;Choveu o dia todo, não consegui sair para a rua. estou com medo de ser reprovado em duas matérias.;0,648;0,476;0,134
1132;O tcc está travado, não consigo escrever uma linha coerente. o trânsito estava horrível, cheguei atrasado na primeira aula. a solidão bateu forte hoje, mesmo estando rodeado de gente.;0,487;0,421;0,283
1133;Tenho acumulado muitas faltas, a recuperação será difícil. lavei as roupas hoje, a pilha estava gigante.;0,431;0,351;0,21
1134;Sinto que sou um fardo para minha família e amigos. comi uma coisa nova no ru, estava razoável. estou animado com o novo tópico da matéria. é um esforço enorme levantar da cama.;0,299;0,21;0,202
1135;É um esforço enorme levantar da cama. estou com medo de ser reprovado em duas matérias. não sinto mais prazer nas coisas que gostava. lavei as roupas hoje, a pilha estava gigante.;0,412;0,341;0,269
1136;O esforço valeu a pena, senti-me competente. minhas notas vieram boas, o esforço valeu a pena!. lavei as roupas hoje, a pilha estava gigante. não estou sentindo aquela pressão de antes.;0,105;0,176;0,165
1137;Não consigo parar de pensar no prazo final. me senti produtivo e o trabalho fluiu bem. estou exausto. o corpo dói e a mente está lenta. minha cabeça não desliga, repasso tudo mil vezes antes de dormir. comi uma coisa nova no ru, estava razoável. as coisas parecem sob controle. estou animado com o novo tópico da matéria. estou sempre preocupado com o que pode dar errado.;0,756;0,227;0,24
1138;Estou animado com o novo tópico da matéria. lavei as roupas hoje, a pilha estava gigante. consegui ter um bom tempo de descanso hoje. não estou sentindo aquela pressão de antes.;0,193;0,146;0,148
1139;O trânsito estava horrível, cheguei atrasado na primeira aula. minha cabeça não desliga, repasso tudo mil vezes antes de dormir. estou com medo de ser reprovado em duas matérias. não sinto mais prazer nas coisas que gostava. não consigo parar de pensar no prazo final.;0,793;0,218;0,26
1140;O trânsito estava horrível, cheguei atrasado na primeira aula. a solidão bateu forte hoje, mesmo estando rodeado de gente. o tcc está travado, não consigo escrever uma linha coerente.;0,518;0,362;0,257
1141;Fui mal na prova e isso só piora meu humor. tenho tido ataques de pânico leves no meio da noite. sinto que o tempo está correndo e eu estou ficando para trás. lavei as roupas hoje, a pilha estava gigante. não consigo parar de pensar no prazo final.;0,797;0,287;0,159
1142;Consegui ter um bom tempo de descanso hoje. consegui avançar muito no projeto de pesquisa. não estou sentindo aquela pressão de antes. o trânsito estava horrível, cheguei atrasado na primeira aula.;0,218;0,107;0,235
1143;Choveu o dia todo, não consegui sair para a rua. é um esforço enorme levantar da cama. tenho tido ataques de pânico leves no meio da noite. estou com medo de ser reprovado em duas matérias.;0,718;0,461;0,096
1144;Sinto que o tempo está correndo e eu estou ficando para trás. fui mal na prova e isso só piora meu humor. estou exausto. o corpo dói e a mente está lenta. tenho tido ataques de pânico leves no meio da noite. o trânsito estava horrível, cheguei atrasado na primeira aula.;0,696;0,439;0,325
1145;Estou com medo de ser reprovado em duas matérias. é um esforço enorme levantar da cama. não vejo sentido em continuar tentando. choveu o dia todo, não consegui sair para a rua.;0,61;0,534;0,196
1146;A solidão bateu forte hoje, mesmo estando rodeado de gente. comi uma coisa nova no ru, estava razoável. estou com medo de ser reprovado em duas matérias.;0,406;0,496;0,155
1147;Comi uma coisa nova no ru, estava razoável. as preocupações de ontem diminuíram hoje. organizei minha rotina e a exaustão diminuiu. tirei uma nota alta na prova difícil, estou aliviado.;0,154;0,135;0,171
1148;Não vejo sentido em continuar tentando. lavei as roupas hoje, a pilha estava gigante. não sinto mais prazer nas coisas que gostava. tirei uma nota alta na prova difícil, estou aliviado.;0,188;0,323;0,422
1149;Estou com medo de ser reprovado em duas matérias. é um esforço enorme levantar da cama. não vejo sentido em continuar tentando. sinto um cinismo e irritação com todo mundo da faculdade. o trânsito estava horrível, cheguei atrasado na primeira aula.;0,618;0,3;0,43
1150;Estou desorientado e não consigo manter o foco em nada. minhas notas vieram boas, o esforço valeu a pena!. choveu o dia todo, não consegui sair para a rua. consegui me organizar bem para a prova. o esforço valeu a pena, senti-me competente.;0,415;0,331;0,246
1151;Comi uma coisa nova no ru, estava razoável. tudo parece cinzento e sem cor. a solidão bateu forte hoje, mesmo estando rodeado de gente. estou com medo de ser reprovado em duas matérias.;0,332;0,419;0,177
1152;Tirei uma nota alta na prova difícil, estou aliviado. não estou sentindo aquela pressão de antes. consegui ter um bom tempo de descanso hoje. comi uma coisa nova no ru, estava razoável.;0,172;0,137;0,142
1153;Lavei as roupas hoje, a pilha estava gigante. tenho acumulado muitas faltas, a recuperação será difícil. é um esforço enorme levantar da cama.;0,421;0,411;0,201
1154;O trânsito estava horrível, cheguei atrasado na primeira aula. não consigo parar de pensar no prazo final. sinto que sou um fardo para minha família e amigos. o tcc está travado, não consigo escrever uma linha coerente.;0,68;0,208;0,289
1155;As preocupações de ontem diminuíram hoje. não consigo parar de pensar no prazo final. lavei as roupas hoje, a pilha estava gigante. consegui avançar muito no projeto de pesquisa. me senti produtivo e o trabalho fluiu bem.;0,185;0,138;0,184
1156;Não vejo sentido em continuar tentando. estou desorientado e não consigo manter o foco em nada. o tcc está travado, não consigo escrever uma linha coerente. durmo mal e acordo com a sensação de não ter descansado. choveu o dia todo, não consegui sair para a rua.;0,564;0,488;0,389
1157;O esforço valeu a pena, senti-me competente. não estou sentindo aquela pressão de antes. minhas notas vieram boas, o esforço valeu a pena!. estou desorientado e não consigo manter o foco em nada. choveu o dia todo, não consegui sair para a rua.;0,302;0,291;0,236
1158;Consegui ter um bom tempo de descanso hoje. não estou sentindo aquela pressão de antes. choveu o dia todo, não consegui sair para a rua. tirei uma nota alta na prova difícil, estou aliviado.;0,189;0,204;0,122
1159;Não estou sentindo aquela pressão de antes. organizei minha rotina e a exaustão diminuiu. comi uma coisa nova no ru, estava razoável. minhas notas vieram boas, o esforço valeu a pena!.;0,113;0,115;0,236
1160;É um esforço enorme levantar da cama. estou com medo de ser reprovado em duas matérias. comi uma coisa nova no ru, estava razoável. sinto que sou um fardo para minha família e amigos. estou exausto. o corpo dói e a mente está lenta.;0,556;0,394;0,298
1161;Minhas notas vieram boas, o esforço valeu a pena!. não estou sentindo aquela pressão de antes. organizei minha rotina e a exaustão diminuiu. o trânsito estava horrível, cheguei atrasado na primeira aula.;0,179;0,13;0,24
1162;Sinto que sou um fardo para minha família e amigos. tenho tido ataques de pânico leves no meio da noite. minhas notas refletem meu desinteresse. lavei as roupas hoje, a pilha estava gigante. não vejo sentido em continuar tentando. estou sempre preocupado com o que pode dar errado.;0,847;0,642;0,183
1163;Sinto que sou um fardo para minha família e amigos. lavei as roupas hoje, a pilha estava gigante. fui mal na prova e isso só piora meu humor. a solidão bateu forte hoje, mesmo estando rodeado de gente.;0,382;0,749;0,203
1164;Me senti produtivo e o trabalho fluiu bem. não estou sentindo aquela pressão de antes. lavei as roupas hoje, a pilha estava gigante. tirei uma nota alta na prova difícil, estou aliviado.;0,114;0,151;0,196
1165;Estou com medo de ser reprovado em duas matérias. lavei as roupas hoje, a pilha estava gigante. sinto que sou um fardo para minha família e amigos. quero largar tudo e sumir para ter paz mental. não sinto mais prazer nas coisas que gostava.;0,448;0,527;0,239
1166;Estou animado com o novo tópico da matéria. o trânsito estava horrível, cheguei atrasado na primeira aula. sinto que o tempo está correndo e eu estou ficando para trás.;0,495;0,161;0,195
1167;Tenho acumulado muitas faltas, a recuperação será difícil. tudo parece cinzento e sem cor. comi uma coisa nova no ru, estava razoável.;0,265;0,303;0,228
1168;Me senti produtivo e o trabalho fluiu bem. não estou sentindo aquela pressão de antes. tirei uma nota alta na prova difícil, estou aliviado. o trânsito estava horrível, cheguei atrasado na primeira aula.;0,158;0,104;0,212
1169;Estou animado com o novo tópico da matéria. não estou sentindo aquela pressão de antes. o esforço valeu a pena, senti-me competente. comi uma coisa nova no ru, estava razoável.;0,152;0,079;0,152
1170;Fui mal na prova e isso só piora meu humor. sinto que sou um fardo para minha família e amigos. não sinto mais prazer nas coisas que gostava. lavei as roupas hoje, a pilha estava gigante.;0,402;0,502;0,337
1171;Durmo mal e acordo com a sensação de não ter descansado. é um esforço enorme levantar da cama. quero largar tudo e sumir para ter paz mental. o trânsito estava horrível, cheguei atrasado na primeira aula. estou com medo de ser reprovado em duas matérias. a solidão bateu forte hoje, mesmo estando rodeado de gente.;0,511;0,5;0,273
1172;Me senti produtivo e o trabalho fluiu bem. estou sempre preocupado com o que pode dar errado. consegui me organizar bem para a prova. sinto que o tempo está correndo e eu estou ficando para trás. lavei as roupas hoje, a pilha estava gigante. minhas notas vieram boas, o esforço valeu a pena!. não consigo parar de pensar no prazo final.;0,388;0,196;0,185
1173;Consegui ter um bom tempo de descanso hoje. tenho acumulado muitas faltas, a recuperação será difícil. estou sempre preocupado com o que pode dar errado. comi uma coisa nova no ru, estava razoável. não estou sentindo aquela pressão de antes.;0,369;0,272;0,178
1174;Tudo parece cinzento e sem cor. comi uma coisa nova no ru, estava razoável. sinto que o tempo está correndo e eu estou ficando para trás. tenho acumulado muitas faltas, a recuperação será difícil.;0,271;0,337;0,28
1175;A solidão bateu forte hoje, mesmo estando rodeado de gente. estou animado com o novo tópico da matéria. o trânsito estava horrível, cheguei atrasado na primeira aula.;0,318;0,39;0,2
1176;Comi uma coisa nova no ru, estava razoável. consegui ter um bom tempo de descanso hoje. estou animado com o novo tópico da matéria. consegui me organizar bem para a prova.;0,198;0,075;0,153
1177;Comi uma coisa nova no ru, estava razoável. me senti produtivo e o trabalho fluiu bem. estou animado com o novo tópico da matéria. as coisas parecem sob controle.;0,145;0,066;0,157
1178;Estou animado com o novo tópico da matéria. consegui me organizar bem para a prova. comi uma coisa nova no ru, estava razoável. estou desorientado e não consigo manter o foco em nada. organizei minha rotina e a exaustão diminuiu.;0,372;0,121;0,218
1179;A solidão bateu forte hoje, mesmo estando rodeado de gente. estou com medo de ser reprovado em duas matérias. comi uma coisa nova no ru, estava razoável.;0,33;0,49;0,175
1180;Tirei uma nota alta na prova difícil, estou aliviado. tudo parece cinzento e sem cor. não sinto mais prazer nas coisas que gostava. minha cabeça não desliga, repasso tudo mil vezes antes de dormir. comi uma coisa nova no ru, estava razoável.;0,295;0,268;0,26
1181;Lavei as roupas hoje, a pilha estava gigante. não vejo sentido em continuar tentando. estou animado com o novo tópico da matéria.;0,275;0,244;0,284
1182;A solidão bateu forte hoje, mesmo estando rodeado de gente. comi uma coisa nova no ru, estava razoável. tudo parece cinzento e sem cor. consegui avançar muito no projeto de pesquisa.;0,234;0,445;0,168
1183;Quero largar tudo e sumir para ter paz mental. choveu o dia todo, não consegui sair para a rua. sinto que o tempo está correndo e eu estou ficando para trás. me senti produtivo e o trabalho fluiu bem. estou animado com o novo tópico da matéria. as preocupações de ontem diminuíram hoje. minha cabeça não desliga, repasso tudo mil vezes antes de dormir.;0,466;0,28;0,187
1184;Tenho acumulado muitas faltas, a recuperação será difícil. meu estômago está revirado só de pensar na próxima apresentação. a solidão bateu forte hoje, mesmo estando rodeado de gente. choveu o dia todo, não consegui sair para a rua.;0,533;0,559;0,177
1185;Minhas notas refletem meu desinteresse. lavei as roupas hoje, a pilha estava gigante. sinto que o tempo está correndo e eu estou ficando para trás. meu estômago está revirado só de pensar na próxima apresentação. minha cabeça não desliga, repasso tudo mil vezes antes de dormir.;0,519;0,216;0,485
1186;Quero largar tudo e sumir para ter paz mental. estou desorientado e não consigo manter o foco em nada. as preocupações de ontem diminuíram hoje. estou animado com o novo tópico da matéria. lavei as roupas hoje, a pilha estava gigante. organizei minha rotina e a exaustão diminuiu.;0,468;0,327;0,249
1187;Não estou sentindo aquela pressão de antes. quero largar tudo e sumir para ter paz mental. estou animado com o novo tópico da matéria. comi uma coisa nova no ru, estava razoável. me senti produtivo e o trabalho fluiu bem.;0,17;0,238;0,257
1188;Sinto que o tempo está correndo e eu estou ficando para trás. lavei as roupas hoje, a pilha estava gigante. organizei minha rotina e a exaustão diminuiu. não estou sentindo aquela pressão de antes. tirei uma nota alta na prova difícil, estou aliviado.;0,259;0,184;0,268
1189;Choveu o dia todo, não consegui sair para a rua. tenho tido ataques de pânico leves no meio da noite. tirei uma nota alta na prova difícil, estou aliviado.;0,465;0,316;0,098
1190;Comi uma coisa nova no ru, estava razoável. sinto que sou um fardo para minha família e amigos. tenho tido ataques de pânico leves no meio da noite. fui mal na prova e isso só piora meu humor. a solidão bateu forte hoje, mesmo estando rodeado de gente.;0,456;0,533;0,158
1191;Meu estômago está revirado só de pensar na próxima apresentação. não estou sentindo aquela pressão de antes. lavei as roupas hoje, a pilha estava gigante. tirei uma nota alta na prova difícil, estou aliviado. consegui ter um bom tempo de descanso hoje.;0,302;0,128;0,143
1192;A solidão bateu forte hoje, mesmo estando rodeado de gente. o trânsito estava horrível, cheguei atrasado na primeira aula. é um esforço enorme levantar da cama. minhas notas refletem meu desinteresse.;0,366;0,583;0,284
1193;Choveu o dia todo, não consegui sair para a rua. não consigo parar de pensar no prazo final. meu estômago está revirado só de pensar na próxima apresentação. sinto que o tempo está correndo e eu estou ficando para trás. não vejo sentido em continuar tentando. fui mal na prova e isso só piora meu humor.;0,64;0,401;0,199
1194;Organizei minha rotina e a exaustão diminuiu. as coisas parecem sob controle. estou animado com o novo tópico da matéria. o trânsito estava horrível, cheguei atrasado na primeira aula.;0,348;0,109;0,181
1195;É um esforço enorme levantar da cama. quero largar tudo e sumir para ter paz mental. comi uma coisa nova no ru, estava razoável. estou com medo de ser reprovado em duas matérias.;0,458;0,331;0,242
1196;O trânsito estava horrível, cheguei atrasado na primeira aula. não consigo parar de pensar no prazo final. tenho acumulado muitas faltas, a recuperação será difícil. sinto que o tempo está correndo e eu estou ficando para trás. minha cabeça não desliga, repasso tudo mil vezes antes de dormir.;0,757;0,261;0,268
1197;Estou exausto. o corpo dói e a mente está lenta. choveu o dia todo, não consegui sair para a rua. a faculdade virou uma tortura, o trabalho nunca acaba. meu estômago está revirado só de pensar na próxima apresentação. não sinto mais prazer nas coisas que gostava. tirei uma nota alta na prova difícil, estou aliviado.;0,43;0,297;0,416
1198;Minhas notas refletem meu desinteresse. o trânsito estava horrível, cheguei atrasado na primeira aula. estou sempre preocupado com o que pode dar errado. sinto que sou um fardo para minha família e amigos. tenho tido ataques de pânico leves no meio da noite. é um esforço enorme levantar da cama.;0,822;0,509;0,2
1199;Não sinto mais prazer nas coisas que gostava. comi uma coisa nova no ru, estava razoável. estou animado com o novo tópico da matéria. minha cabeça não desliga, repasso tudo mil vezes antes de dormir.;0,348;0,307;0,306
1200;Tirei uma nota alta na prova difícil, estou aliviado. as preocupações de ontem diminuíram hoje. o esforço valeu a pena, senti-me competente. o trânsito estava horrível, cheguei atrasado na primeira aula.;0,221;0,124;0,159
1201;Consegui avançar muito no projeto de pesquisa. as preocupações de ontem diminuíram hoje. lavei as roupas hoje, a pilha estava gigante. a faculdade virou uma tortura, o trabalho nunca acaba. o esforço valeu a pena, senti-me competente.;0,12;0,114;0,25
1202;Meu estômago está revirado só de pensar na próxima apresentação. tenho tido ataques de pânico leves no meio da noite. o tcc está travado, não consigo escrever uma linha coerente. minha cabeça não desliga, repasso tudo mil vezes antes de dormir. lavei as roupas hoje, a pilha estava gigante.;0,832;0,26;0,123
1203;Organizei minha rotina e a exaustão diminuiu. as preocupações de ontem diminuíram hoje. lavei as roupas hoje, a pilha estava gigante. minhas notas vieram boas, o esforço valeu a pena!.;0,165;0,152;0,192
1204;Sinto que o tempo está correndo e eu estou ficando para trás. estou desorientado e não consigo manter o foco em nada. organizei minha rotina e a exaustão diminuiu. minhas notas vieram boas, o esforço valeu a pena!. meu estômago está revirado só de pensar na próxima apresentação. estou sempre preocupado com o que pode dar errado. a faculdade virou uma tortura, o trabalho nunca acaba. as preocupações de ontem diminuíram hoje. comi uma coisa nova no ru, estava razoável.;0,588;0,213;0,388
1205;Minhas notas refletem meu desinteresse. não vejo sentido em continuar tentando. lavei as roupas hoje, a pilha estava gigante. meu estômago está revirado só de pensar na próxima apresentação. sinto que o tempo está correndo e eu estou ficando para trás. sinto que sou um fardo para minha família e amigos. estou sempre preocupado com o que pode dar errado.;0,538;0,421;0,455
1206;Tudo parece cinzento e sem cor. lavei as roupas hoje, a pilha estava gigante. minhas notas vieram boas, o esforço valeu a pena!.;0,202;0,265;0,226
1207;As coisas parecem sob controle. o esforço valeu a pena, senti-me competente. consegui avançar muito no projeto de pesquisa. o trânsito estava horrível, cheguei atrasado na primeira aula.;0,296;0,097;0,167
1208;As coisas parecem sob controle. choveu o dia todo, não consegui sair para a rua. organizei minha rotina e a exaustão diminuiu. estou animado com o novo tópico da matéria.;0,411;0,192;0,13
1209;O tcc está travado, não consigo escrever uma linha coerente. não vejo sentido em continuar tentando. lavei as roupas hoje, a pilha estava gigante. não sinto mais prazer nas coisas que gostava.;0,276;0,387;0,397
1210;As coisas parecem sob controle. consegui ter um bom tempo de descanso hoje. choveu o dia todo, não consegui sair para a rua. estou animado com o novo tópico da matéria.;0,353;0,197;0,126
1211;As preocupações de ontem diminuíram hoje. sinto que o tempo está correndo e eu estou ficando para trás. a faculdade virou uma tortura, o trabalho nunca acaba. comi uma coisa nova no ru, estava razoável. o esforço valeu a pena, senti-me competente. estou exausto. o corpo dói e a mente está lenta. tenho tido ataques de pânico leves no meio da noite. estou animado com o novo tópico da matéria.;0,382;0,199;0,256
1212;Minhas notas vieram boas, o esforço valeu a pena!. organizei minha rotina e a exaustão diminuiu. o trânsito estava horrível, cheguei atrasado na primeira aula. consegui me organizar bem para a prova.;0,238;0,109;0,168
1213;Meu estômago está revirado só de pensar na próxima apresentação. minhas notas refletem meu desinteresse. comi uma coisa nova no ru, estava razoável. estou exausto. o corpo dói e a mente está lenta. durmo mal e acordo com a sensação de não ter descansado.;0,549;0,253;0,355
1214;Minha cabeça não desliga, repasso tudo mil vezes antes de dormir. a faculdade virou uma tortura, o trabalho nunca acaba. o esforço valeu a pena, senti-me competente. o trânsito estava horrível, cheguei atrasado na primeira aula. tirei uma nota alta na prova difícil, estou aliviado. não estou sentindo aquela pressão de antes.;0,297;0,222;0,341
1215;Quero largar tudo e sumir para ter paz mental. estou com medo de ser reprovado em duas matérias. a solidão bateu forte hoje, mesmo estando rodeado de gente. estou exausto. o corpo dói e a mente está lenta. tudo parece cinzento e sem cor. lavei as roupas hoje, a pilha estava gigante.;0,426;0,696;0,247
1216;Estou sempre preocupado com o que pode dar errado. consegui avançar muito no projeto de pesquisa. as preocupações de ontem diminuíram hoje. minha cabeça não desliga, repasso tudo mil vezes antes de dormir. me senti produtivo e o trabalho fluiu bem. choveu o dia todo, não consegui sair para a rua. não consigo parar de pensar no prazo final.;0,696;0,309;0,121
1217;Estou sempre preocupado com o que pode dar errado. meu estômago está revirado só de pensar na próxima apresentação. estou com medo de ser reprovado em duas matérias. o trânsito estava horrível, cheguei atrasado na primeira aula.;0,888;0,196;0,087
1218;Minhas notas vieram boas, o esforço valeu a pena!. o trânsito estava horrível, cheguei atrasado na primeira aula. as preocupações de ontem diminuíram hoje. o esforço valeu a pena, senti-me competente.;0,164;0,098;0,191
1219;Meu estômago está revirado só de pensar na próxima apresentação. as coisas parecem sob controle. lavei as roupas hoje, a pilha estava gigante. tirei uma nota alta na prova difícil, estou aliviado. organizei minha rotina e a exaustão diminuiu. estou sempre preocupado com o que pode dar errado.;0,584;0,163;0,117
1220;A solidão bateu forte hoje, mesmo estando rodeado de gente. tirei uma nota alta na prova difícil, estou aliviado. o trânsito estava horrível, cheguei atrasado na primeira aula.;0,278;0,442;0,208
1221;Estou exausto. o corpo dói e a mente está lenta. estou animado com o novo tópico da matéria. é um esforço enorme levantar da cama. choveu o dia todo, não consegui sair para a rua. a solidão bateu forte hoje, mesmo estando rodeado de gente. a faculdade virou uma tortura, o trabalho nunca acaba.;0,415;0,403;0,273
1222;Lavei as roupas hoje, a pilha estava gigante. não estou sentindo aquela pressão de antes. minhas notas vieram boas, o esforço valeu a pena!. o esforço valeu a pena, senti-me competente.;0,124;0,16;0,143
1223;Consegui ter um bom tempo de descanso hoje. as preocupações de ontem diminuíram hoje. tirei uma nota alta na prova difícil, estou aliviado. lavei as roupas hoje, a pilha estava gigante.;0,185;0,171;0,164
1224;Comi uma coisa nova no ru, estava razoável. fui mal na prova e isso só piora meu humor. não vejo sentido em continuar tentando.;0,253;0,346;0,461
1225;Tenho tido ataques de pânico leves no meio da noite. não vejo sentido em continuar tentando. fui mal na prova e isso só piora meu humor. estou sempre preocupado com o que pode dar errado. comi uma coisa nova no ru, estava razoável.;0,828;0,513;0,194
1226;O trânsito estava horrível, cheguei atrasado na primeira aula. estou animado com o novo tópico da matéria. o esforço valeu a pena, senti-me competente. as coisas parecem sob controle.;0,388;0,075;0,157
1227;O trânsito estava horrível, cheguei atrasado na primeira aula. consegui me organizar bem para a prova. minhas notas refletem meu desinteresse. me senti produtivo e o trabalho fluiu bem.;0,352;0,187;0,225
1228;As preocupações de ontem diminuíram hoje. choveu o dia todo, não consegui sair para a rua. o esforço valeu a pena, senti-me competente. estou com medo de ser reprovado em duas matérias.;0,434;0,276;0,089
1229;A solidão bateu forte hoje, mesmo estando rodeado de gente. tirei uma nota alta na prova difícil, estou aliviado. choveu o dia todo, não consegui sair para a rua.;0,317;0,564;0,127
1230;Minha cabeça não desliga, repasso tudo mil vezes antes de dormir. as preocupações de ontem diminuíram hoje. consegui ter um bom tempo de descanso hoje. estou animado com o novo tópico da matéria. lavei as roupas hoje, a pilha estava gigante.;0,333;0,188;0,19
1231;Não consigo parar de pensar no prazo final. tenho acumulado muitas faltas, a recuperação será difícil. sinto que o tempo está correndo e eu estou ficando para trás. meu estômago está revirado só de pensar na próxima apresentação. lavei as roupas hoje, a pilha estava gigante.;0,699;0,227;0,244
1232;A solidão bateu forte hoje, mesmo estando rodeado de gente. minhas notas refletem meu desinteresse. choveu o dia todo, não consegui sair para a rua. sinto que sou um fardo para minha família e amigos.;0,402;0,743;0,224
1233;Sinto que o tempo está correndo e eu estou ficando para trás. o trânsito estava horrível, cheguei atrasado na primeira aula. meu estômago está revirado só de pensar na próxima apresentação. a solidão bateu forte hoje, mesmo estando rodeado de gente. estou com medo de ser reprovado em duas matérias.;0,626;0,349;0,285
1234;Lavei as roupas hoje, a pilha estava gigante. minha cabeça não desliga, repasso tudo mil vezes antes de dormir. consegui ter um bom tempo de descanso hoje. não consigo parar de pensar no prazo final. tirei uma nota alta na prova difícil, estou aliviado. tenho tido ataques de pânico leves no meio da noite. as preocupações de ontem diminuíram hoje.;0,532;0,239;0,095
1235;Lavei as roupas hoje, a pilha estava gigante. o tcc está travado, não consigo escrever uma linha coerente.;0,366;0,397;0,215
1236;Sinto que o tempo está correndo e eu estou ficando para trás. me senti produtivo e o trabalho fluiu bem. tenho tido ataques de pânico leves no meio da noite. meu estômago está revirado só de pensar na próxima apresentação. o trânsito estava horrível, cheguei atrasado na primeira aula. não estou sentindo aquela pressão de antes. consegui avançar muito no projeto de pesquisa.;0,601;0,202;0,32
1237;Minhas notas vieram boas, o esforço valeu a pena!. consegui ter um bom tempo de descanso hoje. minha cabeça não desliga, repasso tudo mil vezes antes de dormir. meu estômago está revirado só de pensar na próxima apresentação. as coisas parecem sob controle. tenho tido ataques de pânico leves no meio da noite. choveu o dia todo, não consegui sair para a rua.;0,504;0,175;0,152
1238;Consegui avançar muito no projeto de pesquisa. consegui ter um bom tempo de descanso hoje. não estou sentindo aquela pressão de antes. lavei as roupas hoje, a pilha estava gigante.;0,111;0,132;0,181
1239;Choveu o dia todo, não consegui sair para a rua. estou exausto. o corpo dói e a mente está lenta. estou desorientado e não consigo manter o foco em nada. sinto que sou um fardo para minha família e amigos. fui mal na prova e isso só piora meu humor.;0,539;0,534;0,245
1240;Tudo parece cinzento e sem cor. lavei as roupas hoje, a pilha estava gigante. estou com medo de ser reprovado em duas matérias. não vejo sentido em continuar tentando.;0,369;0,513;0,261
1241;Estou com medo de ser reprovado em duas matérias. tudo parece cinzento e sem cor. lavei as roupas hoje, a pilha estava gigante.;0,455;0,425;0,153
1242;Tudo parece cinzento e sem cor. comi uma coisa nova no ru, estava razoável. estou com medo de ser reprovado em duas matérias.;0,354;0,254;0,177
1243;A faculdade virou uma tortura, o trabalho nunca acaba. choveu o dia todo, não consegui sair para a rua. estou desorientado e não consigo manter o foco em nada. meu estômago está revirado só de pensar na próxima apresentação. estou com medo de ser reprovado em duas matérias.;0,785;0,317;0,263
1244;Choveu o dia todo, não consegui sair para a rua. tudo parece cinzento e sem cor. o tcc está travado, não consigo escrever uma linha coerente. não sinto mais prazer nas coisas que gostava.;0,407;0,533;0,224
1245;Tudo parece cinzento e sem cor. durmo mal e acordo com a sensação de não ter descansado. estou animado com o novo tópico da matéria. choveu o dia todo, não consegui sair para a rua. estou desorientado e não consigo manter o foco em nada.;0,481;0,416;0,177
1246;Consegui avançar muito no projeto de pesquisa. comi uma coisa nova no ru, estava razoável. consegui me organizar bem para a prova. sinto que o tempo está correndo e eu estou ficando para trás. organizei minha rotina e a exaustão diminuiu.;0,188;0,144;0,39
1247;Comi uma coisa nova no ru, estava razoável. não consigo parar de pensar no prazo final. o tcc está travado, não consigo escrever uma linha coerente. é um esforço enorme levantar da cama.;0,493;0,137;0,237
1248;As preocupações de ontem diminuíram hoje. choveu o dia todo, não consegui sair para a rua. me senti produtivo e o trabalho fluiu bem. estou animado com o novo tópico da matéria.;0,277;0,166;0,125
1249;Lavei as roupas hoje, a pilha estava gigante. me senti produtivo e o trabalho fluiu bem. consegui avançar muito no projeto de pesquisa. as coisas parecem sob controle.;0,12;0,122;0,147
1250;Sinto que sou um fardo para minha família e amigos. tenho tido ataques de pânico leves no meio da noite. sinto que o tempo está correndo e eu estou ficando para trás. o trânsito estava horrível, cheguei atrasado na primeira aula. o tcc está travado, não consigo escrever uma linha coerente.;0,74;0,479;0,19
1251;Estou animado com o novo tópico da matéria. não estou sentindo aquela pressão de antes. organizei minha rotina e a exaustão diminuiu. lavei as roupas hoje, a pilha estava gigante.;0,222;0,165;0,198
1252;Choveu o dia todo, não consegui sair para a rua. consegui avançar muito no projeto de pesquisa. me senti produtivo e o trabalho fluiu bem. as preocupações de ontem diminuíram hoje.;0,236;0,208;0,125
1253;Estou com medo de ser reprovado em duas matérias. tudo parece cinzento e sem cor. choveu o dia todo, não consegui sair para a rua. sinto que sou um fardo para minha família e amigos.;0,63;0,595;0,105
1254;Estou desorientado e não consigo manter o foco em nada. tenho acumulado muitas faltas, a recuperação será difícil. não sinto mais prazer nas coisas que gostava. a solidão bateu forte hoje, mesmo estando rodeado de gente. comi uma coisa nova no ru, estava razoável.;0,365;0,658;0,249
1255;Tenho tido ataques de pânico leves no meio da noite. tudo parece cinzento e sem cor. o trânsito estava horrível, cheguei atrasado na primeira aula. minha cabeça não desliga, repasso tudo mil vezes antes de dormir. fui mal na prova e isso só piora meu humor.;0,795;0,439;0,15
1256;Meu estômago está revirado só de pensar na próxima apresentação. fui mal na prova e isso só piora meu humor. comi uma coisa nova no ru, estava razoável.;0,526;0,251;0,244
1257;Consegui avançar muito no projeto de pesquisa. me senti produtivo e o trabalho fluiu bem. o trânsito estava horrível, cheguei atrasado na primeira aula. não estou sentindo aquela pressão de antes.;0,184;0,129;0,294
1258;Tirei uma nota alta na prova difícil, estou aliviado. as coisas parecem sob controle. a faculdade virou uma tortura, o trabalho nunca acaba. organizei minha rotina e a exaustão diminuiu. durmo mal e acordo com a sensação de não ter descansado. lavei as roupas hoje, a pilha estava gigante.;0,329;0,187;0,263
1259;Consegui ter um bom tempo de descanso hoje. sinto que o tempo está correndo e eu estou ficando para trás. estou sempre preocupado com o que pode dar errado. o trânsito estava horrível, cheguei atrasado na primeira aula. as preocupações de ontem diminuíram hoje. minhas notas vieram boas, o esforço valeu a pena!.;0,405;0,167;0,217
1260;Consegui avançar muito no projeto de pesquisa. as preocupações de ontem diminuíram hoje. organizei minha rotina e a exaustão diminuiu. lavei as roupas hoje, a pilha estava gigante.;0,147;0,146;0,214
1261;Me senti produtivo e o trabalho fluiu bem. estou animado com o novo tópico da matéria. estou sempre preocupado com o que pode dar errado. o trânsito estava horrível, cheguei atrasado na primeira aula. as coisas parecem sob controle. tenho tido ataques de pânico leves no meio da noite.;0,623;0,148;0,103
1262;Minhas notas refletem meu desinteresse. minha cabeça não desliga, repasso tudo mil vezes antes de dormir. não consigo parar de pensar no prazo final. choveu o dia todo, não consegui sair para a rua. tenho tido ataques de pânico leves no meio da noite.;0,782;0,443;0,248
1263;Choveu o dia todo, não consegui sair para a rua. sinto um cinismo e irritação com todo mundo da faculdade. o tcc está travado, não consigo escrever uma linha coerente.;0,502;0,411;0,304
1264;O tcc está travado, não consigo escrever uma linha coerente. minha cabeça não desliga, repasso tudo mil vezes antes de dormir. tudo parece cinzento e sem cor. estou sempre preocupado com o que pode dar errado. não vejo sentido em continuar tentando. choveu o dia todo, não consegui sair para a rua. tenho tido ataques de pânico leves no meio da noite.;0,735;0,436;0,209
1265;Sinto que sou um fardo para minha família e amigos. minhas notas refletem meu desinteresse. estou exausto. o corpo dói e a mente está lenta. o trânsito estava horrível, cheguei atrasado na primeira aula. sinto um cinismo e irritação com todo mundo da faculdade.;0,407;0,578;0,468
1266;Tirei uma nota alta na prova difícil, estou aliviado. consegui ter um bom tempo de descanso hoje. lavei as roupas hoje, a pilha estava gigante. não estou sentindo aquela pressão de antes.;0,197;0,157;0,133
1267;As coisas parecem sob controle. o trânsito estava horrível, cheguei atrasado na primeira aula. consegui ter um bom tempo de descanso hoje. consegui avançar muito no projeto de pesquisa.;0,277;0,102;0,146
1268;Me senti produtivo e o trabalho fluiu bem. minha cabeça não desliga, repasso tudo mil vezes antes de dormir. estou animado com o novo tópico da matéria. consegui me organizar bem para a prova. comi uma coisa nova no ru, estava razoável. estou sempre preocupado com o que pode dar errado.;0,383;0,102;0,161
1269;Organizei minha rotina e a exaustão diminuiu. minhas notas vieram boas, o esforço valeu a pena!. as preocupações de ontem diminuíram hoje. durmo mal e acordo com a sensação de não ter descansado. o trânsito estava horrível, cheguei atrasado na primeira aula.;0,308;0,165;0,311
1270;Meu estômago está revirado só de pensar na próxima apresentação. comi uma coisa nova no ru, estava razoável. não consigo parar de pensar no prazo final. minha cabeça não desliga, repasso tudo mil vezes antes de dormir. tirei uma nota alta na prova difícil, estou aliviado. as preocupações de ontem diminuíram hoje. me senti produtivo e o trabalho fluiu bem.;0,458;0,104;0,165
1271;O tcc está travado, não consigo escrever uma linha coerente. o trânsito estava horrível, cheguei atrasado na primeira aula.;0,557;0,247;0,255
1272;Sinto que o tempo está correndo e eu estou ficando para trás. fui mal na prova e isso só piora meu humor. minha cabeça não desliga, repasso tudo mil vezes antes de dormir. estou sempre preocupado com o que pode dar errado. comi uma coisa nova no ru, estava razoável.;0,626;0,365;0,356
1273;Estou exausto. o corpo dói e a mente está lenta. meu estômago está revirado só de pensar na próxima apresentação. tenho acumulado muitas faltas, a recuperação será difícil. não vejo sentido em continuar tentando. a faculdade virou uma tortura, o trabalho nunca acaba. sinto que sou um fardo para minha família e amigos. não consigo parar de pensar no prazo final. choveu o dia todo, não consegui sair para a rua.;0,619;0,374;0,471
1274;Estou sempre preocupado com o que pode dar errado. fui mal na prova e isso só piora meu humor. minha cabeça não desliga, repasso tudo mil vezes antes de dormir. tudo parece cinzento e sem cor. choveu o dia todo, não consegui sair para a rua. não sinto mais prazer nas coisas que gostava. a faculdade virou uma tortura, o trabalho nunca acaba. não consigo parar de pensar no prazo final.;0,806;0,525;0,129
1275;Lavei as roupas hoje, a pilha estava gigante. o esforço valeu a pena, senti-me competente. minhas notas vieram boas, o esforço valeu a pena!. não estou sentindo aquela pressão de antes.;0,11;0,171;0,16
1276;O trânsito estava horrível, cheguei atrasado na primeira aula. não estou sentindo aquela pressão de antes. minhas notas vieram boas, o esforço valeu a pena!. organizei minha rotina e a exaustão diminuiu.;0,299;0,135;0,261
1277;Consegui ter um bom tempo de descanso hoje. a faculdade virou uma tortura, o trabalho nunca acaba. minhas notas vieram boas, o esforço valeu a pena!. não estou sentindo aquela pressão de antes. lavei as roupas hoje, a pilha estava gigante.;0,147;0,137;0,229
1278;Consegui avançar muito no projeto de pesquisa. choveu o dia todo, não consegui sair para a rua. sinto que sou um fardo para minha família e amigos.;0,426;0,474;0,177
1279;Fui mal na prova e isso só piora meu humor. a solidão bateu forte hoje, mesmo estando rodeado de gente. não vejo sentido em continuar tentando. choveu o dia todo, não consegui sair para a rua. estou exausto. o corpo dói e a mente está lenta. sinto um cinismo e irritação com todo mundo da faculdade.;0,438;0,605;0,343
1280;Não vejo sentido em continuar tentando. fui mal na prova e isso só piora meu humor. choveu o dia todo, não consegui sair para a rua. sinto que sou um fardo para minha família e amigos. meu estômago está revirado só de pensar na próxima apresentação. sinto que o tempo está correndo e eu estou ficando para trás.;0,49;0,446;0,407
1281;Choveu o dia todo, não consegui sair para a rua. sinto que sou um fardo para minha família e amigos. é um esforço enorme levantar da cama. tenho acumulado muitas faltas, a recuperação será difícil.;0,597;0,536;0,165
1282;Sinto que o tempo está correndo e eu estou ficando para trás. o trânsito estava horrível, cheguei atrasado na primeira aula. minha cabeça não desliga, repasso tudo mil vezes antes de dormir. é um esforço enorme levantar da cama. tenho acumulado muitas faltas, a recuperação será difícil.;0,643;0,398;0,358
1283;A solidão bateu forte hoje, mesmo estando rodeado de gente. lavei as roupas hoje, a pilha estava gigante. estou animado com o novo tópico da matéria.;0,248;0,348;0,109
1284;O trânsito estava horrível, cheguei atrasado na primeira aula. minhas notas vieram boas, o esforço valeu a pena!. as preocupações de ontem diminuíram hoje. consegui ter um bom tempo de descanso hoje.;0,259;0,111;0,143
1285;Sinto que o tempo está correndo e eu estou ficando para trás. estou desorientado e não consigo manter o foco em nada. fui mal na prova e isso só piora meu humor. lavei as roupas hoje, a pilha estava gigante. quero largar tudo e sumir para ter paz mental. não consigo parar de pensar no prazo final.;0,611;0,427;0,394
1286;É um esforço enorme levantar da cama. não consigo parar de pensar no prazo final. durmo mal e acordo com a sensação de não ter descansado. estou exausto. o corpo dói e a mente está lenta. sinto que sou um fardo para minha família e amigos. comi uma coisa nova no ru, estava razoável. tirei uma nota alta na prova difícil, estou aliviado. estou sempre preocupado com o que pode dar errado.;0,707;0,366;0,275
1287;Minhas notas vieram boas, o esforço valeu a pena!. comi uma coisa nova no ru, estava razoável. é um esforço enorme levantar da cama. a solidão bateu forte hoje, mesmo estando rodeado de gente.;0,134;0,274;0,206
1288;Consegui ter um bom tempo de descanso hoje. estou animado com o novo tópico da matéria. o trânsito estava horrível, cheguei atrasado na primeira aula. estou desorientado e não consigo manter o foco em nada. tenho tido ataques de pânico leves no meio da noite. a faculdade virou uma tortura, o trabalho nunca acaba. meu estômago está revirado só de pensar na próxima apresentação. minha cabeça não desliga, repasso tudo mil vezes antes de dormir. as coisas parecem sob controle.;0,591;0,167;0,162
1289;Tirei uma nota alta na prova difícil, estou aliviado. organizei minha rotina e a exaustão diminuiu. as coisas parecem sob controle. lavei as roupas hoje, a pilha estava gigante.;0,185;0,182;0,228
1290;Comi uma coisa nova no ru, estava razoável. não consigo parar de pensar no prazo final. é um esforço enorme levantar da cama. tenho acumulado muitas faltas, a recuperação será difícil. estou sempre preocupado com o que pode dar errado. não vejo sentido em continuar tentando.;0,595;0,293;0,274
1291;Me senti produtivo e o trabalho fluiu bem. quero largar tudo e sumir para ter paz mental. consegui avançar muito no projeto de pesquisa. as preocupações de ontem diminuíram hoje. o trânsito estava horrível, cheguei atrasado na primeira aula.;0,188;0,104;0,318
1292;Tenho tido ataques de pânico leves no meio da noite. fui mal na prova e isso só piora meu humor. choveu o dia todo, não consegui sair para a rua. meu estômago está revirado só de pensar na próxima apresentação. não estou sentindo aquela pressão de antes. consegui ter um bom tempo de descanso hoje.;0,612;0,322;0,094
1293;Não sinto mais prazer nas coisas que gostava. lavei as roupas hoje, a pilha estava gigante. fui mal na prova e isso só piora meu humor. tudo parece cinzento e sem cor.;0,265;0,495;0,372
1294;O trânsito estava horrível, cheguei atrasado na primeira aula. a solidão bateu forte hoje, mesmo estando rodeado de gente. tenho acumulado muitas faltas, a recuperação será difícil.;0,563;0,463;0,248
1295;Choveu o dia todo, não consegui sair para a rua. tirei uma nota alta na prova difícil, estou aliviado. as coisas parecem sob controle. organizei minha rotina e a exaustão diminuiu.;0,342;0,263;0,188
1296;É um esforço enorme levantar da cama. a solidão bateu forte hoje, mesmo estando rodeado de gente. o trânsito estava horrível, cheguei atrasado na primeira aula. o tcc está travado, não consigo escrever uma linha coerente.;0,508;0,417;0,231
1297;O trânsito estava horrível, cheguei atrasado na primeira aula. a solidão bateu forte hoje, mesmo estando rodeado de gente. minhas notas refletem meu desinteresse.;0,49;0,423;0,347
1298;Lavei as roupas hoje, a pilha estava gigante. consegui avançar muito no projeto de pesquisa. as preocupações de ontem diminuíram hoje. organizei minha rotina e a exaustão diminuiu.;0,13;0,163;0,237
1299;Estou sempre preocupado com o que pode dar errado. fui mal na prova e isso só piora meu humor. o trânsito estava horrível, cheguei atrasado na primeira aula. sinto que sou um fardo para minha família e amigos. tenho tido ataques de pânico leves no meio da noite. meu estômago está revirado só de pensar na próxima apresentação. não vejo sentido em continuar tentando.;0,918;0,417;0,146
1300;Não consigo parar de pensar no prazo final. o trânsito estava horrível, cheguei atrasado na primeira aula. tenho tido ataques de pânico leves no meio da noite. estou animado com o novo tópico da matéria. sinto que o tempo está correndo e eu estou ficando para trás.;0,744;0,129;0,169
1301;Choveu o dia todo, não consegui sair para a rua. não estou sentindo aquela pressão de antes. estou animado com o novo tópico da matéria. organizei minha rotina e a exaustão diminuiu.;0,333;0,221;0,16
1302;O esforço valeu a pena, senti-me competente. não consigo parar de pensar no prazo final. sinto que o tempo está correndo e eu estou ficando para trás. as preocupações de ontem diminuíram hoje. lavei as roupas hoje, a pilha estava gigante. minhas notas vieram boas, o esforço valeu a pena!. meu estômago está revirado só de pensar na próxima apresentação.;0,239;0,087;0,229
1303;Minhas notas vieram boas, o esforço valeu a pena!. choveu o dia todo, não consegui sair para a rua. organizei minha rotina e a exaustão diminuiu. minha cabeça não desliga, repasso tudo mil vezes antes de dormir. sinto que o tempo está correndo e eu estou ficando para trás. as preocupações de ontem diminuíram hoje. não consigo parar de pensar no prazo final.;0,38;0,208;0,23
1304;Sinto que o tempo está correndo e eu estou ficando para trás. não consigo parar de pensar no prazo final. comi uma coisa nova no ru, estava razoável. estou animado com o novo tópico da matéria. as preocupações de ontem diminuíram hoje. me senti produtivo e o trabalho fluiu bem.;0,38;0,11;0,218
1305;Minha cabeça não desliga, repasso tudo mil vezes antes de dormir. consegui avançar muito no projeto de pesquisa. as preocupações de ontem diminuíram hoje. o trânsito estava horrível, cheguei atrasado na primeira aula. consegui ter um bom tempo de descanso hoje.;0,283;0,156;0,218
1306;Comi uma coisa nova no ru, estava razoável. sinto que sou um fardo para minha família e amigos. tenho acumulado muitas faltas, a recuperação será difícil. sinto que o tempo está correndo e eu estou ficando para trás. minha cabeça não desliga, repasso tudo mil vezes antes de dormir. a solidão bateu forte hoje, mesmo estando rodeado de gente. meu estômago está revirado só de pensar na próxima apresentação.;0,493;0,413;0,286
1307;Lavei as roupas hoje, a pilha estava gigante. fui mal na prova e isso só piora meu humor. não sinto mais prazer nas coisas que gostava.;0,287;0,442;0,276
1308;Tenho acumulado muitas faltas, a recuperação será difícil. não sinto mais prazer nas coisas que gostava. sinto que sou um fardo para minha família e amigos. choveu o dia todo, não consegui sair para a rua.;0,446;0,627;0,187
1309;O esforço valeu a pena, senti-me competente. estou sempre preocupado com o que pode dar errado. sinto que o tempo está correndo e eu estou ficando para trás. tirei uma nota alta na prova difícil, estou aliviado. não estou sentindo aquela pressão de antes. não consigo parar de pensar no prazo final. choveu o dia todo, não consegui sair para a rua.;0,397;0,213;0,152
1310;Durmo mal e acordo com a sensação de não ter descansado. me senti produtivo e o trabalho fluiu bem. estou animado com o novo tópico da matéria. o trânsito estava horrível, cheguei atrasado na primeira aula. não estou sentindo aquela pressão de antes.;0,364;0,178;0,283
1311;Não vejo sentido em continuar tentando. sinto que sou um fardo para minha família e amigos. choveu o dia todo, não consegui sair para a rua. fui mal na prova e isso só piora meu humor.;0,476;0,671;0,359
1312;Comi uma coisa nova no ru, estava razoável. estou animado com o novo tópico da matéria. não consigo parar de pensar no prazo final. me senti produtivo e o trabalho fluiu bem. consegui me organizar bem para a prova.;0,268;0,042;0,144
1313;O trânsito estava horrível, cheguei atrasado na primeira aula. não vejo sentido em continuar tentando. tenho tido ataques de pânico leves no meio da noite. tenho acumulado muitas faltas, a recuperação será difícil.;0,697;0,395;0,264
1314;Tudo parece cinzento e sem cor. a solidão bateu forte hoje, mesmo estando rodeado de gente. fui mal na prova e isso só piora meu humor. comi uma coisa nova no ru, estava razoável.;0,296;0,545;0,232
1315;Comi uma coisa nova no ru, estava razoável. estou sempre preocupado com o que pode dar errado. minhas notas refletem meu desinteresse. tenho tido ataques de pânico leves no meio da noite. não vejo sentido em continuar tentando. meu estômago está revirado só de pensar na próxima apresentação.;0,703;0,256;0,217
1316;Não consigo parar de pensar no prazo final. organizei minha rotina e a exaustão diminuiu. lavei as roupas hoje, a pilha estava gigante. tenho tido ataques de pânico leves no meio da noite. minhas notas vieram boas, o esforço valeu a pena!. estou sempre preocupado com o que pode dar errado. consegui me organizar bem para a prova.;0,653;0,154;0,13
1317;O esforço valeu a pena, senti-me competente. minhas notas vieram boas, o esforço valeu a pena!. comi uma coisa nova no ru, estava razoável. consegui me organizar bem para a prova.;0,112;0,083;0,158
1318;O trânsito estava horrível, cheguei atrasado na primeira aula. consegui ter um bom tempo de descanso hoje. as preocupações de ontem diminuíram hoje. estou animado com o novo tópico da matéria.;0,351;0,114;0,184
1319;Consegui avançar muito no projeto de pesquisa. choveu o dia todo, não consegui sair para a rua. não estou sentindo aquela pressão de antes. sinto um cinismo e irritação com todo mundo da faculdade. me senti produtivo e o trabalho fluiu bem. a faculdade virou uma tortura, o trabalho nunca acaba.;0,288;0,269;0,377
1320;Sinto que o tempo está correndo e eu estou ficando para trás. estou sempre preocupado com o que pode dar errado. o trânsito estava horrível, cheguei atrasado na primeira aula. fui mal na prova e isso só piora meu humor.;0,721;0,408;0,266
1321;O esforço valeu a pena, senti-me competente. consegui avançar muito no projeto de pesquisa. consegui me organizar bem para a prova. lavei as roupas hoje, a pilha estava gigante.;0,138;0,122;0,188
1322;Consegui me organizar bem para a prova. estou animado com o novo tópico da matéria. lavei as roupas hoje, a pilha estava gigante. me senti produtivo e o trabalho fluiu bem.;0,149;0,099;0,114
1323;O tcc está travado, não consigo escrever uma linha coerente. é um esforço enorme levantar da cama. comi uma coisa nova no ru, estava razoável.;0,294;0,218;0,292
1324;Meu estômago está revirado só de pensar na próxima apresentação. é um esforço enorme levantar da cama. estou com medo de ser reprovado em duas matérias. sinto que sou um fardo para minha família e amigos. sinto um cinismo e irritação com todo mundo da faculdade. comi uma coisa nova no ru, estava razoável. durmo mal e acordo com a sensação de não ter descansado. sinto que o tempo está correndo e eu estou ficando para trás.;0,655;0,225;0,263
1325;Choveu o dia todo, não consegui sair para a rua. organizei minha rotina e a exaustão diminuiu. não estou sentindo aquela pressão de antes. tirei uma nota alta na prova difícil, estou aliviado. estou sempre preocupado com o que pode dar errado.;0,529;0,284;0,146
1326;Choveu o dia todo, não consegui sair para a rua. sinto um cinismo e irritação com todo mundo da faculdade. o esforço valeu a pena, senti-me competente. não consigo parar de pensar no prazo final. minha cabeça não desliga, repasso tudo mil vezes antes de dormir. tirei uma nota alta na prova difícil, estou aliviado. consegui me organizar bem para a prova.;0,403;0,237;0,152
1327;Fui mal na prova e isso só piora meu humor. comi uma coisa nova no ru, estava razoável. a solidão bateu forte hoje, mesmo estando rodeado de gente. estou sempre preocupado com o que pode dar errado. não consigo parar de pensar no prazo final.;0,603;0,417;0,196
1328;Lavei as roupas hoje, a pilha estava gigante. tenho acumulado muitas faltas, a recuperação será difícil. é um esforço enorme levantar da cama.;0,421;0,411;0,201
1329;Consegui avançar muito no projeto de pesquisa. consegui ter um bom tempo de descanso hoje. lavei as roupas hoje, a pilha estava gigante. consegui me organizar bem para a prova.;0,109;0,075;0,17
1330;Comi uma coisa nova no ru, estava razoável. tenho acumulado muitas faltas, a recuperação será difícil. não consigo parar de pensar no prazo final. tenho tido ataques de pânico leves no meio da noite. sinto que o tempo está correndo e eu estou ficando para trás. durmo mal e acordo com a sensação de não ter descansado. estou desorientado e não consigo manter o foco em nada.;0,76;0,432;0,177
1331;Minhas notas vieram boas, o esforço valeu a pena!. sinto que sou um fardo para minha família e amigos. o trânsito estava horrível, cheguei atrasado na primeira aula.;0,358;0,294;0,268
1332;Minhas notas vieram boas, o esforço valeu a pena!. as preocupações de ontem diminuíram hoje. comi uma coisa nova no ru, estava razoável. consegui ter um bom tempo de descanso hoje.;0,123;0,104;0,174
1333;O trânsito estava horrível, cheguei atrasado na primeira aula. sinto que sou um fardo para minha família e amigos. meu estômago está revirado só de pensar na próxima apresentação. estou com medo de ser reprovado em duas matérias.;0,757;0,241;0,236
1334;Lavei as roupas hoje, a pilha estava gigante. o esforço valeu a pena, senti-me competente. consegui me organizar bem para a prova. tirei uma nota alta na prova difícil, estou aliviado.;0,15;0,172;0,123
1335;Organizei minha rotina e a exaustão diminuiu. consegui me organizar bem para a prova. o trânsito estava horrível, cheguei atrasado na primeira aula. consegui avançar muito no projeto de pesquisa.;0,257;0,126;0,223
1336;Não consigo parar de pensar no prazo final. sinto que o tempo está correndo e eu estou ficando para trás. comi uma coisa nova no ru, estava razoável. me senti produtivo e o trabalho fluiu bem. as coisas parecem sob controle. estou animado com o novo tópico da matéria.;0,429;0,127;0,206
1337;Sinto um cinismo e irritação com todo mundo da faculdade. sinto que sou um fardo para minha família e amigos. fui mal na prova e isso só piora meu humor. o trânsito estava horrível, cheguei atrasado na primeira aula. durmo mal e acordo com a sensação de não ter descansado. a solidão bateu forte hoje, mesmo estando rodeado de gente.;0,375;0,528;0,37
1338;Lavei as roupas hoje, a pilha estava gigante. organizei minha rotina e a exaustão diminuiu. minhas notas vieram boas, o esforço valeu a pena!. consegui me organizar bem para a prova.;0,175;0,136;0,162
1339;Consegui avançar muito no projeto de pesquisa. consegui ter um bom tempo de descanso hoje. não estou sentindo aquela pressão de antes. choveu o dia todo, não consegui sair para a rua.;0,178;0,196;0,157
1340;Tudo parece cinzento e sem cor. fui mal na prova e isso só piora meu humor. choveu o dia todo, não consegui sair para a rua.;0,434;0,554;0,209
1341;Comi uma coisa nova no ru, estava razoável. consegui me organizar bem para a prova. estou animado com o novo tópico da matéria. me senti produtivo e o trabalho fluiu bem.;0,144;0,048;0,154
1342;Estou animado com o novo tópico da matéria. o esforço valeu a pena, senti-me competente. o trânsito estava horrível, cheguei atrasado na primeira aula. as preocupações de ontem diminuíram hoje.;0,311;0,075;0,164
1343;Estou exausto. o corpo dói e a mente está lenta. sinto um cinismo e irritação com todo mundo da faculdade. o trânsito estava horrível, cheguei atrasado na primeira aula. é um esforço enorme levantar da cama. a solidão bateu forte hoje, mesmo estando rodeado de gente. fui mal na prova e isso só piora meu humor.;0,436;0,45;0,437
1344;Comi uma coisa nova no ru, estava razoável. sinto que o tempo está correndo e eu estou ficando para trás. estou sempre preocupado com o que pode dar errado. estou com medo de ser reprovado em duas matérias.;0,534;0,232;0,203
1345;As coisas parecem sob controle. choveu o dia todo, não consegui sair para a rua. consegui ter um bom tempo de descanso hoje. tenho acumulado muitas faltas, a recuperação será difícil.;0,459;0,349;0,145
1346;O trânsito estava horrível, cheguei atrasado na primeira aula. me senti produtivo e o trabalho fluiu bem. as coisas parecem sob controle. minhas notas vieram boas, o esforço valeu a pena!.;0,289;0,105;0,148
1347;Minha cabeça não desliga, repasso tudo mil vezes antes de dormir. me senti produtivo e o trabalho fluiu bem. minhas notas vieram boas, o esforço valeu a pena!. as coisas parecem sob controle. lavei as roupas hoje, a pilha estava gigante. estou sempre preocupado com o que pode dar errado.;0,525;0,328;0,143
1348;Estou sempre preocupado com o que pode dar errado. estou exausto. o corpo dói e a mente está lenta. minhas notas vieram boas, o esforço valeu a pena!. o trânsito estava horrível, cheguei atrasado na primeira aula. não sinto mais prazer nas coisas que gostava.;0,693;0,447;0,218
1349;Consegui me organizar bem para a prova. lavei as roupas hoje, a pilha estava gigante. consegui ter um bom tempo de descanso hoje. minhas notas vieram boas, o esforço valeu a pena!.;0,162;0,115;0,129
1350;As coisas parecem sob controle. consegui ter um bom tempo de descanso hoje. comi uma coisa nova no ru, estava razoável. consegui avançar muito no projeto de pesquisa.;0,17;0,097;0,199
1351;Fui mal na prova e isso só piora meu humor. choveu o dia todo, não consegui sair para a rua.;0,526;0,535;0,217
1352;O trânsito estava horrível, cheguei atrasado na primeira aula. não consigo parar de pensar no prazo final. me senti produtivo e o trabalho fluiu bem. as coisas parecem sob controle. estou animado com o novo tópico da matéria. estou sempre preocupado com o que pode dar errado.;0,681;0,114;0,127
1353;Sinto que sou um fardo para minha família e amigos. o tcc está travado, não consigo escrever uma linha coerente. o trânsito estava horrível, cheguei atrasado na primeira aula.;0,574;0,332;0,262
1354;Comi uma coisa nova no ru, estava razoável. estou com medo de ser reprovado em duas matérias. minha cabeça não desliga, repasso tudo mil vezes antes de dormir. estou sempre preocupado com o que pode dar errado.;0,66;0,225;0,17
1355;Estou desorientado e não consigo manter o foco em nada. consegui avançar muito no projeto de pesquisa. organizei minha rotina e a exaustão diminuiu. consegui me organizar bem para a prova. o trânsito estava horrível, cheguei atrasado na primeira aula.;0,497;0,246;0,349
1356;Não estou sentindo aquela pressão de antes. o esforço valeu a pena, senti-me competente. tirei uma nota alta na prova difícil, estou aliviado. lavei as roupas hoje, a pilha estava gigante.;0,104;0,183;0,184
1357;O tcc está travado, não consigo escrever uma linha coerente. estou desorientado e não consigo manter o foco em nada. tudo parece cinzento e sem cor. estou exausto. o corpo dói e a mente está lenta. lavei as roupas hoje, a pilha estava gigante.;0,504;0,363;0,363
1358;Fui mal na prova e isso só piora meu humor. não vejo sentido em continuar tentando. lavei as roupas hoje, a pilha estava gigante.;0,375;0,432;0,403
1359;Estou com medo de ser reprovado em duas matérias. lavei as roupas hoje, a pilha estava gigante. sinto que sou um fardo para minha família e amigos.;0,6;0,469;0,177
1360;Lavei as roupas hoje, a pilha estava gigante. consegui avançar muito no projeto de pesquisa. consegui ter um bom tempo de descanso hoje. as coisas parecem sob controle.;0,151;0,126;0,166
1361;Consegui avançar muito no projeto de pesquisa. choveu o dia todo, não consegui sair para a rua.;0,377;0,329;0,14
1362;Choveu o dia todo, não consegui sair para a rua. consegui me organizar bem para a prova. consegui ter um bom tempo de descanso hoje. consegui avançar muito no projeto de pesquisa.;0,179;0,223;0,136
1363;Comi uma coisa nova no ru, estava razoável. sinto que sou um fardo para minha família e amigos. estou com medo de ser reprovado em duas matérias.;0,473;0,233;0,174
1364;Comi uma coisa nova no ru, estava razoável. a faculdade virou uma tortura, o trabalho nunca acaba. me senti produtivo e o trabalho fluiu bem. minhas notas vieram boas, o esforço valeu a pena!. as preocupações de ontem diminuíram hoje. sinto que o tempo está correndo e eu estou ficando para trás.;0,189;0,167;0,339
1365;Sinto que sou um fardo para minha família e amigos. tudo parece cinzento e sem cor. a faculdade virou uma tortura, o trabalho nunca acaba. fui mal na prova e isso só piora meu humor. quero largar tudo e sumir para ter paz mental. o trânsito estava horrível, cheguei atrasado na primeira aula.;0,399;0,581;0,405
1366;Não sinto mais prazer nas coisas que gostava. consegui avançar muito no projeto de pesquisa. tenho tido ataques de pânico leves no meio da noite. choveu o dia todo, não consegui sair para a rua. sinto que sou um fardo para minha família e amigos.;0,469;0,623;0,239
1367;O tcc está travado, não consigo escrever uma linha coerente. não vejo sentido em continuar tentando. choveu o dia todo, não consegui sair para a rua.;0,482;0,462;0,281
1368;Organizei minha rotina e a exaustão diminuiu. minha cabeça não desliga, repasso tudo mil vezes antes de dormir. consegui me organizar bem para a prova. o trânsito estava horrível, cheguei atrasado na primeira aula. tirei uma nota alta na prova difícil, estou aliviado.;0,276;0,181;0,173
1369;Sinto um cinismo e irritação com todo mundo da faculdade. tenho acumulado muitas faltas, a recuperação será difícil. choveu o dia todo, não consegui sair para a rua. estou exausto. o corpo dói e a mente está lenta. a solidão bateu forte hoje, mesmo estando rodeado de gente.;0,423;0,563;0,366
1370;As coisas parecem sob controle. lavei as roupas hoje, a pilha estava gigante. consegui ter um bom tempo de descanso hoje. minhas notas vieram boas, o esforço valeu a pena!.;0,149;0,132;0,116
1371;Não vejo sentido em continuar tentando. fui mal na prova e isso só piora meu humor. é um esforço enorme levantar da cama. choveu o dia todo, não consegui sair para a rua.;0,481;0,602;0,377
1372;Estou com medo de ser reprovado em duas matérias. é um esforço enorme levantar da cama. comi uma coisa nova no ru, estava razoável. sinto um cinismo e irritação com todo mundo da faculdade. tudo parece cinzento e sem cor.;0,415;0,272;0,272
1373;Tenho tido ataques de pânico leves no meio da noite. não consigo parar de pensar no prazo final. comi uma coisa nova no ru, estava razoável. é um esforço enorme levantar da cama. minhas notas refletem meu desinteresse. quero largar tudo e sumir para ter paz mental. não sinto mais prazer nas coisas que gostava.;0,709;0,432;0,208
1374;Não estou sentindo aquela pressão de antes. o trânsito estava horrível, cheguei atrasado na primeira aula. me senti produtivo e o trabalho fluiu bem. estou animado com o novo tópico da matéria.;0,236;0,109;0,18
1375;Lavei as roupas hoje, a pilha estava gigante. o esforço valeu a pena, senti-me competente. as coisas parecem sob controle. meu estômago está revirado só de pensar na próxima apresentação. estou animado com o novo tópico da matéria.;0,233;0,081;0,119
1376;Meu estômago está revirado só de pensar na próxima apresentação. estou sempre preocupado com o que pode dar errado. lavei as roupas hoje, a pilha estava gigante. minhas notas refletem meu desinteresse. minha cabeça não desliga, repasso tudo mil vezes antes de dormir.;0,773;0,284;0,164
1377;Minhas notas refletem meu desinteresse. tudo parece cinzento e sem cor. o trânsito estava horrível, cheguei atrasado na primeira aula. tenho tido ataques de pânico leves no meio da noite. estou sempre preocupado com o que pode dar errado. minha cabeça não desliga, repasso tudo mil vezes antes de dormir.;0,735;0,481;0,256
1378;Minhas notas vieram boas, o esforço valeu a pena!. o esforço valeu a pena, senti-me competente. choveu o dia todo, não consegui sair para a rua. estou sempre preocupado com o que pode dar errado. a faculdade virou uma tortura, o trabalho nunca acaba. tenho tido ataques de pânico leves no meio da noite. quero largar tudo e sumir para ter paz mental. as preocupações de ontem diminuíram hoje.;0,558;0,364;0,166
1379;Estou exausto. o corpo dói e a mente está lenta. durmo mal e acordo com a sensação de não ter descansado. comi uma coisa nova no ru, estava razoável. sinto que o tempo está correndo e eu estou ficando para trás. meu estômago está revirado só de pensar na próxima apresentação. consegui avançar muito no projeto de pesquisa. o esforço valeu a pena, senti-me competente. consegui me organizar bem para a prova.;0,442;0,203;0,467
1380;Meu estômago está revirado só de pensar na próxima apresentação. estou animado com o novo tópico da matéria. lavei as roupas hoje, a pilha estava gigante. estou sempre preocupado com o que pode dar errado. tenho tido ataques de pânico leves no meio da noite. consegui me organizar bem para a prova. organizei minha rotina e a exaustão diminuiu.;0,706;0,153;0,075
1381;Consegui ter um bom tempo de descanso hoje. consegui avançar muito no projeto de pesquisa. o trânsito estava horrível, cheguei atrasado na primeira aula. sinto um cinismo e irritação com todo mundo da faculdade. as preocupações de ontem diminuíram hoje.;0,189;0,125;0,316
1382;As coisas parecem sob controle. o trânsito estava horrível, cheguei atrasado na primeira aula. o esforço valeu a pena, senti-me competente. consegui avançar muito no projeto de pesquisa.;0,3;0,089;0,155
1383;Consegui me organizar bem para a prova. organizei minha rotina e a exaustão diminuiu. sinto que o tempo está correndo e eu estou ficando para trás. choveu o dia todo, não consegui sair para a rua. minha cabeça não desliga, repasso tudo mil vezes antes de dormir. tirei uma nota alta na prova difícil, estou aliviado. estou sempre preocupado com o que pode dar errado.;0,534;0,25;0,196
1384;Minha cabeça não desliga, repasso tudo mil vezes antes de dormir. minhas notas refletem meu desinteresse. organizei minha rotina e a exaustão diminuiu. as coisas parecem sob controle. lavei as roupas hoje, a pilha estava gigante.;0,482;0,31;0,341
1385;As preocupações de ontem diminuíram hoje. comi uma coisa nova no ru, estava razoável. estou animado com o novo tópico da matéria. o esforço valeu a pena, senti-me competente.;0,215;0,105;0,136
1386;O trânsito estava horrível, cheguei atrasado na primeira aula. tirei uma nota alta na prova difícil, estou aliviado. é um esforço enorme levantar da cama.;0,461;0,196;0,19
1387;A solidão bateu forte hoje, mesmo estando rodeado de gente. lavei as roupas hoje, a pilha estava gigante. tudo parece cinzento e sem cor. tenho acumulado muitas faltas, a recuperação será difícil.;0,334;0,72;0,159
1388;Tenho tido ataques de pânico leves no meio da noite. estou animado com o novo tópico da matéria. meu estômago está revirado só de pensar na próxima apresentação. lavei as roupas hoje, a pilha estava gigante. as coisas parecem sob controle. a faculdade virou uma tortura, o trabalho nunca acaba. organizei minha rotina e a exaustão diminuiu. não consigo parar de pensar no prazo final.;0,798;0,166;0,122
1389;Não consigo parar de pensar no prazo final. meu estômago está revirado só de pensar na próxima apresentação. minhas notas vieram boas, o esforço valeu a pena!. sinto que o tempo está correndo e eu estou ficando para trás. não estou sentindo aquela pressão de antes. lavei as roupas hoje, a pilha estava gigante. me senti produtivo e o trabalho fluiu bem.;0,456;0,105;0,242
1390;Comi uma coisa nova no ru, estava razoável. não consigo parar de pensar no prazo final. consegui avançar muito no projeto de pesquisa.;0,24;0,041;0,189
1391;Tenho tido ataques de pânico leves no meio da noite. a solidão bateu forte hoje, mesmo estando rodeado de gente. o trânsito estava horrível, cheguei atrasado na primeira aula. meu estômago está revirado só de pensar na próxima apresentação. minhas notas refletem meu desinteresse. quero largar tudo e sumir para ter paz mental. é um esforço enorme levantar da cama. estou exausto. o corpo dói e a mente está lenta.;0,759;0,419;0,196
1392;Lavei as roupas hoje, a pilha estava gigante. minhas notas vieram boas, o esforço valeu a pena!. organizei minha rotina e a exaustão diminuiu. consegui me organizar bem para a prova. sinto que o tempo está correndo e eu estou ficando para trás. meu estômago está revirado só de pensar na próxima apresentação.;0,345;0,147;0,238
1393;Estou sempre preocupado com o que pode dar errado. minhas notas refletem meu desinteresse. não vejo sentido em continuar tentando. meu estômago está revirado só de pensar na próxima apresentação. choveu o dia todo, não consegui sair para a rua. sinto que o tempo está correndo e eu estou ficando para trás.;0,779;0,473;0,3
1394;A solidão bateu forte hoje, mesmo estando rodeado de gente. tenho acumulado muitas faltas, a recuperação será difícil. choveu o dia todo, não consegui sair para a rua. estou desorientado e não consigo manter o foco em nada. estou sempre preocupado com o que pode dar errado. sinto um cinismo e irritação com todo mundo da faculdade. é um esforço enorme levantar da cama. sinto que o tempo está correndo e eu estou ficando para trás. tenho tido ataques de pânico leves no meio da noite.;0,5;0,69;0,152
1395;Tudo parece cinzento e sem cor. lavei as roupas hoje, a pilha estava gigante. a solidão bateu forte hoje, mesmo estando rodeado de gente. tenho acumulado muitas faltas, a recuperação será difícil.;0,349;0,616;0,178
1396;Estou exausto. o corpo dói e a mente está lenta. não sinto mais prazer nas coisas que gostava. choveu o dia todo, não consegui sair para a rua. o tcc está travado, não consigo escrever uma linha coerente.;0,453;0,479;0,326
1397;Não vejo sentido em continuar tentando. lavei as roupas hoje, a pilha estava gigante. estou animado com o novo tópico da matéria.;0,308;0,251;0,309
1398;Não consigo parar de pensar no prazo final. consegui avançar muito no projeto de pesquisa. estou sempre preocupado com o que pode dar errado. choveu o dia todo, não consegui sair para a rua. a solidão bateu forte hoje, mesmo estando rodeado de gente.;0,574;0,396;0,087
1399;Não consigo parar de pensar no prazo final. lavei as roupas hoje, a pilha estava gigante. fui mal na prova e isso só piora meu humor. estou sempre preocupado com o que pode dar errado.;0,763;0,312;0,146
1400;Não consigo parar de pensar no prazo final. lavei as roupas hoje, a pilha estava gigante. meu estômago está revirado só de pensar na próxima apresentação. sinto que o tempo está correndo e eu estou ficando para trás. consegui avançar muito no projeto de pesquisa.;0,56;0,163;0,236
1401;Estou sempre preocupado com o que pode dar errado. estou desorientado e não consigo manter o foco em nada. comi uma coisa nova no ru, estava razoável. sinto que o tempo está correndo e eu estou ficando para trás. tudo parece cinzento e sem cor. não consigo parar de pensar no prazo final. sinto que sou um fardo para minha família e amigos. consegui avançar muito no projeto de pesquisa.;0,697;0,373;0,199
1402;Não estou sentindo aquela pressão de antes. consegui avançar muito no projeto de pesquisa. organizei minha rotina e a exaustão diminuiu. lavei as roupas hoje, a pilha estava gigante.;0,126;0,165;0,308
1403;Organizei minha rotina e a exaustão diminuiu. estou sempre preocupado com o que pode dar errado. tirei uma nota alta na prova difícil, estou aliviado. comi uma coisa nova no ru, estava razoável. consegui me organizar bem para a prova. quero largar tudo e sumir para ter paz mental. sinto um cinismo e irritação com todo mundo da faculdade.;0,421;0,221;0,352
1404;Consegui avançar muito no projeto de pesquisa. não estou sentindo aquela pressão de antes. choveu o dia todo, não consegui sair para a rua. organizei minha rotina e a exaustão diminuiu.;0,179;0,169;0,237
1405;Não vejo sentido em continuar tentando. não consigo parar de pensar no prazo final. comi uma coisa nova no ru, estava razoável. tirei uma nota alta na prova difícil, estou aliviado.;0,235;0,154;0,34
1406;O trânsito estava horrível, cheguei atrasado na primeira aula. minhas notas refletem meu desinteresse. quero largar tudo e sumir para ter paz mental.;0,406;0,253;0,352
1407;Lavei as roupas hoje, a pilha estava gigante. estou com medo de ser reprovado em duas matérias. meu estômago está revirado só de pensar na próxima apresentação. não consigo parar de pensar no prazo final.;0,693;0,166;0,18
1408;As preocupações de ontem diminuíram hoje. o esforço valeu a pena, senti-me competente. sinto que o tempo está correndo e eu estou ficando para trás. estou sempre preocupado com o que pode dar errado. tirei uma nota alta na prova difícil, estou aliviado. choveu o dia todo, não consegui sair para a rua.;0,394;0,235;0,164
1409;Consegui avançar muito no projeto de pesquisa. o trânsito estava horrível, cheguei atrasado na primeira aula. não sinto mais prazer nas coisas que gostava.;0,268;0,202;0,387
1410;Consegui avançar muito no projeto de pesquisa. comi uma coisa nova no ru, estava razoável. as coisas parecem sob controle. consegui ter um bom tempo de descanso hoje.;0,106;0,093;0,211
1411;Minhas notas refletem meu desinteresse. sinto que sou um fardo para minha família e amigos. comi uma coisa nova no ru, estava razoável.;0,275;0,337;0,541
1412;Não vejo sentido em continuar tentando. choveu o dia todo, não consegui sair para a rua. minhas notas refletem meu desinteresse.;0,356;0,504;0,439
1413;Me senti produtivo e o trabalho fluiu bem. minhas notas vieram boas, o esforço valeu a pena!. não estou sentindo aquela pressão de antes. lavei as roupas hoje, a pilha estava gigante.;0,112;0,157;0,203
1414;Consegui me organizar bem para a prova. tirei uma nota alta na prova difícil, estou aliviado. o esforço valeu a pena, senti-me competente. choveu o dia todo, não consegui sair para a rua.;0,245;0,189;0,118
1415;Lavei as roupas hoje, a pilha estava gigante. consegui me organizar bem para a prova. minhas notas vieram boas, o esforço valeu a pena!. consegui ter um bom tempo de descanso hoje.;0,143;0,14;0,143
1416;Não sinto mais prazer nas coisas que gostava. choveu o dia todo, não consegui sair para a rua. sinto que sou um fardo para minha família e amigos. tenho acumulado muitas faltas, a recuperação será difícil.;0,404;0,646;0,205
1417;É um esforço enorme levantar da cama. sinto um cinismo e irritação com todo mundo da faculdade. comi uma coisa nova no ru, estava razoável. estou exausto. o corpo dói e a mente está lenta. minhas notas refletem meu desinteresse. não sinto mais prazer nas coisas que gostava.;0,349;0,347;0,664
1418;Minhas notas vieram boas, o esforço valeu a pena!. as coisas parecem sob controle. comi uma coisa nova no ru, estava razoável. me senti produtivo e o trabalho fluiu bem.;0,091;0,088;0,201
1419;Tenho tido ataques de pânico leves no meio da noite. não consigo parar de pensar no prazo final. as coisas parecem sob controle. comi uma coisa nova no ru, estava razoável. consegui avançar muito no projeto de pesquisa. o esforço valeu a pena, senti-me competente.;0,556;0,155;0,094
1420;Estou exausto. o corpo dói e a mente está lenta. minhas notas vieram boas, o esforço valeu a pena!. o esforço valeu a pena, senti-me competente. as preocupações de ontem diminuíram hoje. o trânsito estava horrível, cheguei atrasado na primeira aula.;0,293;0,209;0,371
1421;Me senti produtivo e o trabalho fluiu bem. as coisas parecem sob controle. lavei as roupas hoje, a pilha estava gigante. minhas notas vieram boas, o esforço valeu a pena!.;0,112;0,117;0,193
1422;É um esforço enorme levantar da cama. não sinto mais prazer nas coisas que gostava. minhas notas vieram boas, o esforço valeu a pena!. estou sempre preocupado com o que pode dar errado. sinto que o tempo está correndo e eu estou ficando para trás. o trânsito estava horrível, cheguei atrasado na primeira aula.;0,532;0,353;0,427
1423;Consegui avançar muito no projeto de pesquisa. durmo mal e acordo com a sensação de não ter descansado. as coisas parecem sob controle. choveu o dia todo, não consegui sair para a rua. estou desorientado e não consigo manter o foco em nada. consegui ter um bom tempo de descanso hoje.;0,385;0,319;0,208
1424;Estou sempre preocupado com o que pode dar errado. tenho acumulado muitas faltas, a recuperação será difícil. a solidão bateu forte hoje, mesmo estando rodeado de gente. não consigo parar de pensar no prazo final. comi uma coisa nova no ru, estava razoável.;0,684;0,511;0,121
1425;É um esforço enorme levantar da cama. choveu o dia todo, não consegui sair para a rua. consegui avançar muito no projeto de pesquisa.;0,339;0,37;0,203
1426;Tudo parece cinzento e sem cor. fui mal na prova e isso só piora meu humor. minha cabeça não desliga, repasso tudo mil vezes antes de dormir. choveu o dia todo, não consegui sair para a rua.;0,516;0,508;0,242
1427;Meu estômago está revirado só de pensar na próxima apresentação. lavei as roupas hoje, a pilha estava gigante. tenho acumulado muitas faltas, a recuperação será difícil. sinto que o tempo está correndo e eu estou ficando para trás.;0,592;0,292;0,266
1428;É um esforço enorme levantar da cama. não sinto mais prazer nas coisas que gostava. minhas notas refletem meu desinteresse. choveu o dia todo, não consegui sair para a rua.;0,467;0,532;0,419
1429;Tudo parece cinzento e sem cor. comi uma coisa nova no ru, estava razoável. a solidão bateu forte hoje, mesmo estando rodeado de gente. estou com medo de ser reprovado em duas matérias. estou sempre preocupado com o que pode dar errado.;0,512;0,471;0,129
1430;Durmo mal e acordo com a sensação de não ter descansado. consegui avançar muito no projeto de pesquisa. tudo parece cinzento e sem cor. choveu o dia todo, não consegui sair para a rua. quero largar tudo e sumir para ter paz mental.;0,362;0,415;0,262
1431;A solidão bateu forte hoje, mesmo estando rodeado de gente. não vejo sentido em continuar tentando. estou com medo de ser reprovado em duas matérias. comi uma coisa nova no ru, estava razoável. minha cabeça não desliga, repasso tudo mil vezes antes de dormir. sinto que o tempo está correndo e eu estou ficando para trás.;0,382;0,633;0,23
1432;Tenho tido ataques de pânico leves no meio da noite. fui mal na prova e isso só piora meu humor. choveu o dia todo, não consegui sair para a rua. sinto que o tempo está correndo e eu estou ficando para trás. tudo parece cinzento e sem cor. minha cabeça não desliga, repasso tudo mil vezes antes de dormir.;0,814;0,413;0,149
1433;Não sinto mais prazer nas coisas que gostava. é um esforço enorme levantar da cama. lavei as roupas hoje, a pilha estava gigante. consegui avançar muito no projeto de pesquisa. não consigo parar de pensar no prazo final.;0,265;0,242;0,344
1434;Minha cabeça não desliga, repasso tudo mil vezes antes de dormir. estou sempre preocupado com o que pode dar errado. consegui avançar muito no projeto de pesquisa. consegui ter um bom tempo de descanso hoje. choveu o dia todo, não consegui sair para a rua. consegui me organizar bem para a prova.;0,636;0,342;0,167
1435;Meu estômago está revirado só de pensar na próxima apresentação. o trânsito estava horrível, cheguei atrasado na primeira aula. minha cabeça não desliga, repasso tudo mil vezes antes de dormir. estou com medo de ser reprovado em duas matérias. estou desorientado e não consigo manter o foco em nada. tenho tido ataques de pânico leves no meio da noite. é um esforço enorme levantar da cama. durmo mal e acordo com a sensação de não ter descansado.;0,837;0,348;0,152
1436;Minha cabeça não desliga, repasso tudo mil vezes antes de dormir. tirei uma nota alta na prova difícil, estou aliviado. sinto que sou um fardo para minha família e amigos. não vejo sentido em continuar tentando. o trânsito estava horrível, cheguei atrasado na primeira aula. tenho tido ataques de pânico leves no meio da noite.;0,699;0,38;0,33
1437;Minhas notas vieram boas, o esforço valeu a pena!. meu estômago está revirado só de pensar na próxima apresentação. tenho tido ataques de pânico leves no meio da noite. sinto que o tempo está correndo e eu estou ficando para trás. lavei as roupas hoje, a pilha estava gigante. organizei minha rotina e a exaustão diminuiu. não estou sentindo aquela pressão de antes.;0,474;0,139;0,177
1438;Sinto um cinismo e irritação com todo mundo da faculdade. tudo parece cinzento e sem cor. não consigo parar de pensar no prazo final. tenho tido ataques de pânico leves no meio da noite. o trânsito estava horrível, cheguei atrasado na primeira aula. tenho acumulado muitas faltas, a recuperação será difícil. estou sempre preocupado com o que pode dar errado.;0,753;0,325;0,188
1439;Comi uma coisa nova no ru, estava razoável. organizei minha rotina e a exaustão diminuiu. as coisas parecem sob controle. consegui avançar muito no projeto de pesquisa.;0,177;0,112;0,322
1440;Não sinto mais prazer nas coisas que gostava. tenho acumulado muitas faltas, a recuperação será difícil. sinto que sou um fardo para minha família e amigos. comi uma coisa nova no ru, estava razoável.;0,297;0,454;0,378
1441;Não consigo parar de pensar no prazo final. lavei as roupas hoje, a pilha estava gigante. sinto que o tempo está correndo e eu estou ficando para trás. minhas notas refletem meu desinteresse. minha cabeça não desliga, repasso tudo mil vezes antes de dormir.;0,677;0,269;0,278
1442;Lavei as roupas hoje, a pilha estava gigante. minha cabeça não desliga, repasso tudo mil vezes antes de dormir. meu estômago está revirado só de pensar na próxima apresentação. tenho tido ataques de pânico leves no meio da noite. consegui avançar muito no projeto de pesquisa.;0,625;0,223;0,145
1443;Comi uma coisa nova no ru, estava razoável. meu estômago está revirado só de pensar na próxima apresentação. o tcc está travado, não consigo escrever uma linha coerente.;0,445;0,176;0,216
1444;Minha cabeça não desliga, repasso tudo mil vezes antes de dormir. lavei as roupas hoje, a pilha estava gigante. o tcc está travado, não consigo escrever uma linha coerente. não vejo sentido em continuar tentando. não sinto mais prazer nas coisas que gostava. sinto que o tempo está correndo e eu estou ficando para trás.;0,506;0,449;0,417
1445;Lavei as roupas hoje, a pilha estava gigante. sinto que sou um fardo para minha família e amigos. meu estômago está revirado só de pensar na próxima apresentação. tudo parece cinzento e sem cor. o tcc está travado, não consigo escrever uma linha coerente.;0,522;0,34;0,21
1446;O tcc está travado, não consigo escrever uma linha coerente. é um esforço enorme levantar da cama. choveu o dia todo, não consegui sair para a rua. tenho tido ataques de pânico leves no meio da noite. não consigo parar de pensar no prazo final. meu estômago está revirado só de pensar na próxima apresentação.;0,822;0,257;0,144
1447;Consegui avançar muito no projeto de pesquisa. não vejo sentido em continuar tentando. choveu o dia todo, não consegui sair para a rua. a solidão bateu forte hoje, mesmo estando rodeado de gente.;0,276;0,556;0,255
1448;Consegui ter um bom tempo de descanso hoje. estou animado com o novo tópico da matéria. o trânsito estava horrível, cheguei atrasado na primeira aula. as preocupações de ontem diminuíram hoje.;0,328;0,107;0,177
1449;Minha cabeça não desliga, repasso tudo mil vezes antes de dormir. tenho acumulado muitas faltas, a recuperação será difícil. choveu o dia todo, não consegui sair para a rua. tudo parece cinzento e sem cor. sinto que o tempo está correndo e eu estou ficando para trás. sinto que sou um fardo para minha família e amigos.;0,573;0,561;0,231
1450;Sinto que sou um fardo para minha família e amigos. minhas notas vieram boas, o esforço valeu a pena!. sinto um cinismo e irritação com todo mundo da faculdade. comi uma coisa nova no ru, estava razoável. tudo parece cinzento e sem cor.;0,239;0,37;0,404
1451;Não estou sentindo aquela pressão de antes. consegui ter um bom tempo de descanso hoje. minhas notas vieram boas, o esforço valeu a pena!. o trânsito estava horrível, cheguei atrasado na primeira aula.;0,181;0,124;0,194
1452;Minhas notas refletem meu desinteresse. tudo parece cinzento e sem cor. comi uma coisa nova no ru, estava razoável. não vejo sentido em continuar tentando.;0,21;0,331;0,643
1453;Choveu o dia todo, não consegui sair para a rua. estou com medo de ser reprovado em duas matérias. estou desorientado e não consigo manter o foco em nada. a solidão bateu forte hoje, mesmo estando rodeado de gente. quero largar tudo e sumir para ter paz mental.;0,524;0,656;0,125
1454;Lavei as roupas hoje, a pilha estava gigante. minha cabeça não desliga, repasso tudo mil vezes antes de dormir. não vejo sentido em continuar tentando. tenho tido ataques de pânico leves no meio da noite. não consigo parar de pensar no prazo final. minhas notas refletem meu desinteresse.;0,753;0,393;0,245
1455;Não consigo parar de pensar no prazo final. estou animado com o novo tópico da matéria. estou sempre preocupado com o que pode dar errado. consegui me organizar bem para a prova. organizei minha rotina e a exaustão diminuiu. choveu o dia todo, não consegui sair para a rua. sinto que o tempo está correndo e eu estou ficando para trás.;0,71;0,137;0,139
1456;Meu estômago está revirado só de pensar na próxima apresentação. sinto que sou um fardo para minha família e amigos. tenho tido ataques de pânico leves no meio da noite. tudo parece cinzento e sem cor. o tcc está travado, não consigo escrever uma linha coerente. o trânsito estava horrível, cheguei atrasado na primeira aula. sinto que o tempo está correndo e eu estou ficando para trás.;0,75;0,226;0,213
1457;Choveu o dia todo, não consegui sair para a rua. consegui avançar muito no projeto de pesquisa. meu estômago está revirado só de pensar na próxima apresentação. sinto que o tempo está correndo e eu estou ficando para trás.;0,465;0,286;0,196
1458;Não sinto mais prazer nas coisas que gostava. minha cabeça não desliga, repasso tudo mil vezes antes de dormir. tudo parece cinzento e sem cor. consegui avançar muito no projeto de pesquisa. comi uma coisa nova no ru, estava razoável.;0,183;0,329;0,445
1459;Não vejo sentido em continuar tentando. comi uma coisa nova no ru, estava razoável. tirei uma nota alta na prova difícil, estou aliviado. tudo parece cinzento e sem cor.;0,172;0,263;0,416
1460;Meu estômago está revirado só de pensar na próxima apresentação. sinto que o tempo está correndo e eu estou ficando para trás. comi uma coisa nova no ru, estava razoável. consegui avançar muito no projeto de pesquisa.;0,451;0,106;0,233
1461;Sinto que o tempo está correndo e eu estou ficando para trás. o tcc está travado, não consigo escrever uma linha coerente. a solidão bateu forte hoje, mesmo estando rodeado de gente. é um esforço enorme levantar da cama. lavei as roupas hoje, a pilha estava gigante.;0,371;0,411;0,26
1462;Minhas notas vieram boas, o esforço valeu a pena!. lavei as roupas hoje, a pilha estava gigante. estou sempre preocupado com o que pode dar errado. meu estômago está revirado só de pensar na próxima apresentação.;0,563;0,19;0,127
1463;Sinto que o tempo está correndo e eu estou ficando para trás. tirei uma nota alta na prova difícil, estou aliviado. meu estômago está revirado só de pensar na próxima apresentação. choveu o dia todo, não consegui sair para a rua.;0,534;0,21;0,25
1464;Minhas notas vieram boas, o esforço valeu a pena!. estou sempre preocupado com o que pode dar errado. o trânsito estava horrível, cheguei atrasado na primeira aula. o esforço valeu a pena, senti-me competente. consegui me organizar bem para a prova. minha cabeça não desliga, repasso tudo mil vezes antes de dormir.;0,441;0,232;0,176
1465;Não consigo parar de pensar no prazo final. minha cabeça não desliga, repasso tudo mil vezes antes de dormir. minhas notas refletem meu desinteresse. tenho tido ataques de pânico leves no meio da noite. sinto que sou um fardo para minha família e amigos. lavei as roupas hoje, a pilha estava gigante. não sinto mais prazer nas coisas que gostava.;0,801;0,376;0,241
1466;O trânsito estava horrível, cheguei atrasado na primeira aula. sinto que sou um fardo para minha família e amigos. tenho acumulado muitas faltas, a recuperação será difícil.;0,592;0,416;0,189
1467;Lavei as roupas hoje, a pilha estava gigante. estou com medo de ser reprovado em duas matérias.;0,394;0,281;0,204
1468;Tenho tido ataques de pânico leves no meio da noite. meu estômago está revirado só de pensar na próxima apresentação. as preocupações de ontem diminuíram hoje. consegui avançar muito no projeto de pesquisa. minha cabeça não desliga, repasso tudo mil vezes antes de dormir. me senti produtivo e o trabalho fluiu bem. choveu o dia todo, não consegui sair para a rua.;0,643;0,204;0,083
1469;O esforço valeu a pena, senti-me competente. as coisas parecem sob controle. comi uma coisa nova no ru, estava razoável. estou sempre preocupado com o que pode dar errado. consegui avançar muito no projeto de pesquisa.;0,216;0,106;0,19
1470;Estou sempre preocupado com o que pode dar errado. sinto que o tempo está correndo e eu estou ficando para trás. tudo parece cinzento e sem cor. comi uma coisa nova no ru, estava razoável. minha cabeça não desliga, repasso tudo mil vezes antes de dormir. não vejo sentido em continuar tentando. tenho acumulado muitas faltas, a recuperação será difícil.;0,684;0,54;0,233
1471;Comi uma coisa nova no ru, estava razoável. não vejo sentido em continuar tentando. é um esforço enorme levantar da cama. tirei uma nota alta na prova difícil, estou aliviado.;0,184;0,173;0,331
1472;O trânsito estava horrível, cheguei atrasado na primeira aula. sinto que sou um fardo para minha família e amigos. minha cabeça não desliga, repasso tudo mil vezes antes de dormir. estou sempre preocupado com o que pode dar errado. minhas notas vieram boas, o esforço valeu a pena!. sinto que o tempo está correndo e eu estou ficando para trás. é um esforço enorme levantar da cama.;0,672;0,34;0,259
1473;Consegui avançar muito no projeto de pesquisa. não sinto mais prazer nas coisas que gostava. choveu o dia todo, não consegui sair para a rua. estou exausto. o corpo dói e a mente está lenta. meu estômago está revirado só de pensar na próxima apresentação. durmo mal e acordo com a sensação de não ter descansado.;0,38;0,332;0,392
1474;Comi uma coisa nova no ru, estava razoável. quero largar tudo e sumir para ter paz mental. estou com medo de ser reprovado em duas matérias. meu estômago está revirado só de pensar na próxima apresentação. minha cabeça não desliga, repasso tudo mil vezes antes de dormir.;0,569;0,186;0,175
1475;As preocupações de ontem diminuíram hoje. consegui avançar muito no projeto de pesquisa. consegui ter um bom tempo de descanso hoje. comi uma coisa nova no ru, estava razoável.;0,148;0,134;0,179
1476;Não consigo parar de pensar no prazo final. organizei minha rotina e a exaustão diminuiu. estou sempre preocupado com o que pode dar errado. minha cabeça não desliga, repasso tudo mil vezes antes de dormir. as preocupações de ontem diminuíram hoje. tirei uma nota alta na prova difícil, estou aliviado. comi uma coisa nova no ru, estava razoável.;0,68;0,196;0,245
1477;Me senti produtivo e o trabalho fluiu bem. consegui avançar muito no projeto de pesquisa. o trânsito estava horrível, cheguei atrasado na primeira aula. as coisas parecem sob controle.;0,256;0,099;0,193
1478;Choveu o dia todo, não consegui sair para a rua. não estou sentindo aquela pressão de antes. me senti produtivo e o trabalho fluiu bem. consegui avançar muito no projeto de pesquisa.;0,212;0,235;0,166
1479;Sinto que sou um fardo para minha família e amigos. não sinto mais prazer nas coisas que gostava. minhas notas vieram boas, o esforço valeu a pena!. o trânsito estava horrível, cheguei atrasado na primeira aula.;0,294;0,531;0,476
1480;Me senti produtivo e o trabalho fluiu bem. comi uma coisa nova no ru, estava razoável. não estou sentindo aquela pressão de antes. minhas notas vieram boas, o esforço valeu a pena!.;0,06;0,097;0,247
1481;Organizei minha rotina e a exaustão diminuiu. estou animado com o novo tópico da matéria. sinto que o tempo está correndo e eu estou ficando para trás. estou sempre preocupado com o que pode dar errado. não estou sentindo aquela pressão de antes. o trânsito estava horrível, cheguei atrasado na primeira aula. não consigo parar de pensar no prazo final.;0,674;0,171;0,31
1482;Tirei uma nota alta na prova difícil, estou aliviado. choveu o dia todo, não consegui sair para a rua. consegui ter um bom tempo de descanso hoje. as preocupações de ontem diminuíram hoje.;0,248;0,215;0,142
1483;Minhas notas refletem meu desinteresse. comi uma coisa nova no ru, estava razoável. tudo parece cinzento e sem cor. não sinto mais prazer nas coisas que gostava.;0,188;0,38;0,548
1484;Sinto que o tempo está correndo e eu estou ficando para trás. estou sempre preocupado com o que pode dar errado. lavei as roupas hoje, a pilha estava gigante. sinto um cinismo e irritação com todo mundo da faculdade. estou com medo de ser reprovado em duas matérias. tenho tido ataques de pânico leves no meio da noite.;0,743;0,407;0,244
1485;Fui mal na prova e isso só piora meu humor. é um esforço enorme levantar da cama. não vejo sentido em continuar tentando. choveu o dia todo, não consegui sair para a rua.;0,532;0,572;0,338
1486;Lavei as roupas hoje, a pilha estava gigante. estou animado com o novo tópico da matéria. as coisas parecem sob controle. o esforço valeu a pena, senti-me competente.;0,179;0,128;0,129
1487;Estou sempre preocupado com o que pode dar errado. não consigo parar de pensar no prazo final. comi uma coisa nova no ru, estava razoável. fui mal na prova e isso só piora meu humor. meu estômago está revirado só de pensar na próxima apresentação.;0,876;0,267;0,139
1488;Tudo parece cinzento e sem cor. consegui avançar muito no projeto de pesquisa. estou sempre preocupado com o que pode dar errado. choveu o dia todo, não consegui sair para a rua.;0,459;0,421;0,108
1489;A faculdade virou uma tortura, o trabalho nunca acaba. sinto um cinismo e irritação com todo mundo da faculdade. comi uma coisa nova no ru, estava razoável. minhas notas refletem meu desinteresse. organizei minha rotina e a exaustão diminuiu. não estou sentindo aquela pressão de antes.;0,25;0,26;0,679
1490;Estou com medo de ser reprovado em duas matérias. choveu o dia todo, não consegui sair para a rua. não vejo sentido em continuar tentando.;0,66;0,525;0,153
1491;Consegui avançar muito no projeto de pesquisa. o trânsito estava horrível, cheguei atrasado na primeira aula. consegui me organizar bem para a prova. o esforço valeu a pena, senti-me competente. sinto um cinismo e irritação com todo mundo da faculdade. estou exausto. o corpo dói e a mente está lenta.;0,303;0,187;0,428
1492;É um esforço enorme levantar da cama. o trânsito estava horrível, cheguei atrasado na primeira aula. estou com medo de ser reprovado em duas matérias. a solidão bateu forte hoje, mesmo estando rodeado de gente.;0,606;0,44;0,222
1493;Lavei as roupas hoje, a pilha estava gigante. o esforço valeu a pena, senti-me competente. minhas notas vieram boas, o esforço valeu a pena!. as coisas parecem sob controle.;0,119;0,141;0,142
1494;Minhas notas refletem meu desinteresse. é um esforço enorme levantar da cama. lavei as roupas hoje, a pilha estava gigante. sinto que sou um fardo para minha família e amigos.;0,395;0,449;0,435
1495;Minhas notas vieram boas, o esforço valeu a pena!. lavei as roupas hoje, a pilha estava gigante. consegui ter um bom tempo de descanso hoje. as coisas parecem sob controle.;0,127;0,131;0,13
1496;Tenho tido ataques de pânico leves no meio da noite. estou sempre preocupado com o que pode dar errado. minha cabeça não desliga, repasso tudo mil vezes antes de dormir. lavei as roupas hoje, a pilha estava gigante. fui mal na prova e isso só piora meu humor.;0,875;0,475;0,081
1497;Choveu o dia todo, não consegui sair para a rua. tudo parece cinzento e sem cor. minhas notas refletem meu desinteresse. a solidão bateu forte hoje, mesmo estando rodeado de gente.;0,406;0,637;0,289
1498;Sinto que o tempo está correndo e eu estou ficando para trás. as preocupações de ontem diminuíram hoje. o esforço valeu a pena, senti-me competente. minhas notas vieram boas, o esforço valeu a pena!. lavei as roupas hoje, a pilha estava gigante. estou sempre preocupado com o que pode dar errado.;0,383;0,21;0,213
1499;Lavei as roupas hoje, a pilha estava gigante. me senti produtivo e o trabalho fluiu bem. estou animado com o novo tópico da matéria. as coisas parecem sob controle.;0,16;0,132;0,119
1500;Fui mal na prova e isso só piora meu humor. quero largar tudo e sumir para ter paz mental. não vejo sentido em continuar tentando. lavei as roupas hoje, a pilha estava gigante. não sinto mais prazer nas coisas que gostava.;0,35;0,476;0,46
1501;Tudo parece cinzento e sem cor. não sinto mais prazer nas coisas que gostava. minhas notas refletem meu desinteresse. comi uma coisa nova no ru, estava razoável.;0,165;0,418;0,488
1502;É um esforço enorme levantar da cama. lavei as roupas hoje, a pilha estava gigante. tenho acumulado muitas faltas, a recuperação será difícil.;0,448;0,453;0,23
1503;Tirei uma nota alta na prova difícil, estou aliviado. me senti produtivo e o trabalho fluiu bem. minha cabeça não desliga, repasso tudo mil vezes antes de dormir. choveu o dia todo, não consegui sair para a rua. as preocupações de ontem diminuíram hoje. meu estômago está revirado só de pensar na próxima apresentação.;0,315;0,178;0,169
1504;Estou animado com o novo tópico da matéria. estou sempre preocupado com o que pode dar errado. consegui ter um bom tempo de descanso hoje. consegui me organizar bem para a prova. meu estômago está revirado só de pensar na próxima apresentação. sinto que o tempo está correndo e eu estou ficando para trás. durmo mal e acordo com a sensação de não ter descansado. lavei as roupas hoje, a pilha estava gigante. estou exausto. o corpo dói e a mente está lenta.;0,546;0,133;0,198
1505;Sinto que sou um fardo para minha família e amigos. lavei as roupas hoje, a pilha estava gigante. estou com medo de ser reprovado em duas matérias. sinto um cinismo e irritação com todo mundo da faculdade. a faculdade virou uma tortura, o trabalho nunca acaba.;0,48;0,47;0,383
1506;Consegui avançar muito no projeto de pesquisa. as coisas parecem sob controle. choveu o dia todo, não consegui sair para a rua. o esforço valeu a pena, senti-me competente.;0,2;0,187;0,116
1507;Comi uma coisa nova no ru, estava razoável. sinto que sou um fardo para minha família e amigos. minha cabeça não desliga, repasso tudo mil vezes antes de dormir. fui mal na prova e isso só piora meu humor.;0,487;0,383;0,363
1508;O trânsito estava horrível, cheguei atrasado na primeira aula. estou animado com o novo tópico da matéria.;0,539;0,134;0,177
1509;Consegui me organizar bem para a prova. consegui avançar muito no projeto de pesquisa. choveu o dia todo, não consegui sair para a rua. me senti produtivo e o trabalho fluiu bem.;0,16;0,145;0,15
1510;Sinto que o tempo está correndo e eu estou ficando para trás. lavei as roupas hoje, a pilha estava gigante. consegui ter um bom tempo de descanso hoje. as coisas parecem sob controle. tenho tido ataques de pânico leves no meio da noite. minha cabeça não desliga, repasso tudo mil vezes antes de dormir. estou animado com o novo tópico da matéria.;0,611;0,228;0,173
1511;Não vejo sentido em continuar tentando. lavei as roupas hoje, a pilha estava gigante. tudo parece cinzento e sem cor. estou com medo de ser reprovado em duas matérias.;0,363;0,46;0,287
1512;Tudo parece cinzento e sem cor. a solidão bateu forte hoje, mesmo estando rodeado de gente. comi uma coisa nova no ru, estava razoável. estou com medo de ser reprovado em duas matérias.;0,327;0,501;0,161
1513;A solidão bateu forte hoje, mesmo estando rodeado de gente. tenho acumulado muitas faltas, a recuperação será difícil. lavei as roupas hoje, a pilha estava gigante.;0,382;0,676;0,155
1514;Comi uma coisa nova no ru, estava razoável. estou animado com o novo tópico da matéria. não estou sentindo aquela pressão de antes. o esforço valeu a pena, senti-me competente.;0,157;0,084;0,182
1515;Tenho tido ataques de pânico leves no meio da noite. lavei as roupas hoje, a pilha estava gigante. estou exausto. o corpo dói e a mente está lenta. quero largar tudo e sumir para ter paz mental. fui mal na prova e isso só piora meu humor. sinto que sou um fardo para minha família e amigos. é um esforço enorme levantar da cama.;0,774;0,542;0,148
1516;Choveu o dia todo, não consegui sair para a rua. não estou sentindo aquela pressão de antes. tirei uma nota alta na prova difícil, estou aliviado. me senti produtivo e o trabalho fluiu bem. a faculdade virou uma tortura, o trabalho nunca acaba. estou desorientado e não consigo manter o foco em nada.;0,471;0,392;0,197
1517;Tudo parece cinzento e sem cor. fui mal na prova e isso só piora meu humor. não vejo sentido em continuar tentando. o trânsito estava horrível, cheguei atrasado na primeira aula.;0,408;0,412;0,34
1518;Estou animado com o novo tópico da matéria. comi uma coisa nova no ru, estava razoável. estou exausto. o corpo dói e a mente está lenta. é um esforço enorme levantar da cama.;0,358;0,197;0,276
1519;Lavei as roupas hoje, a pilha estava gigante. sinto um cinismo e irritação com todo mundo da faculdade. não vejo sentido em continuar tentando. a faculdade virou uma tortura, o trabalho nunca acaba. fui mal na prova e isso só piora meu humor.;0,362;0,455;0,555
1520;Estou exausto. o corpo dói e a mente está lenta. tirei uma nota alta na prova difícil, estou aliviado. não estou sentindo aquela pressão de antes. lavei as roupas hoje, a pilha estava gigante. organizei minha rotina e a exaustão diminuiu.;0,258;0,227;0,394
1521;Fui mal na prova e isso só piora meu humor. organizei minha rotina e a exaustão diminuiu. o trânsito estava horrível, cheguei atrasado na primeira aula. não estou sentindo aquela pressão de antes.;0,385;0,285;0,374
1522;Consegui avançar muito no projeto de pesquisa. o esforço valeu a pena, senti-me competente. comi uma coisa nova no ru, estava razoável. não estou sentindo aquela pressão de antes.;0,087;0,115;0,248
1523;Sinto que o tempo está correndo e eu estou ficando para trás. o trânsito estava horrível, cheguei atrasado na primeira aula. tudo parece cinzento e sem cor. o tcc está travado, não consigo escrever uma linha coerente.;0,471;0,239;0,331
1524;O esforço valeu a pena, senti-me competente. não estou sentindo aquela pressão de antes. choveu o dia todo, não consegui sair para a rua. minhas notas vieram boas, o esforço valeu a pena!.;0,14;0,186;0,16
1525;Consegui avançar muito no projeto de pesquisa. comi uma coisa nova no ru, estava razoável. as coisas parecem sob controle. me senti produtivo e o trabalho fluiu bem.;0,111;0,109;0,24
1526;As preocupações de ontem diminuíram hoje. o trânsito estava horrível, cheguei atrasado na primeira aula. estou animado com o novo tópico da matéria. organizei minha rotina e a exaustão diminuiu.;0,339;0,138;0,178
1527;O esforço valeu a pena, senti-me competente. lavei as roupas hoje, a pilha estava gigante. estou sempre preocupado com o que pode dar errado. fui mal na prova e isso só piora meu humor. as coisas parecem sob controle.;0,396;0,315;0,147
1528;Sinto que o tempo está correndo e eu estou ficando para trás. quero largar tudo e sumir para ter paz mental. choveu o dia todo, não consegui sair para a rua. estou com medo de ser reprovado em duas matérias.;0,533;0,434;0,138
1529;Minhas notas refletem meu desinteresse. o trânsito estava horrível, cheguei atrasado na primeira aula. sinto que o tempo está correndo e eu estou ficando para trás.;0,403;0,33;0,508
1530;Lavei as roupas hoje, a pilha estava gigante. tenho acumulado muitas faltas, a recuperação será difícil. tudo parece cinzento e sem cor.;0,332;0,466;0,201
1531;Não consigo parar de pensar no prazo final. comi uma coisa nova no ru, estava razoável. meu estômago está revirado só de pensar na próxima apresentação. não estou sentindo aquela pressão de antes. me senti produtivo e o trabalho fluiu bem. consegui avançar muito no projeto de pesquisa. tenho tido ataques de pânico leves no meio da noite.;0,612;0,12;0,132
1532;O trânsito estava horrível, cheguei atrasado na primeira aula. minhas notas vieram boas, o esforço valeu a pena!. a solidão bateu forte hoje, mesmo estando rodeado de gente.;0,318;0,331;0,255
1533;Estou animado com o novo tópico da matéria. não estou sentindo aquela pressão de antes. me senti produtivo e o trabalho fluiu bem. comi uma coisa nova no ru, estava razoável.;0,135;0,076;0,162
1534;Choveu o dia todo, não consegui sair para a rua. me senti produtivo e o trabalho fluiu bem. não estou sentindo aquela pressão de antes. consegui avançar muito no projeto de pesquisa. não consigo parar de pensar no prazo final.;0,309;0,221;0,153
1535;Choveu o dia todo, não consegui sair para a rua. o esforço valeu a pena, senti-me competente. consegui avançar muito no projeto de pesquisa. não estou sentindo aquela pressão de antes.;0,232;0,284;0,162
1536;Me senti produtivo e o trabalho fluiu bem. choveu o dia todo, não consegui sair para a rua. tirei uma nota alta na prova difícil, estou aliviado. as coisas parecem sob controle. tenho tido ataques de pânico leves no meio da noite. minha cabeça não desliga, repasso tudo mil vezes antes de dormir. não consigo parar de pensar no prazo final.;0,57;0,29;0,128
1537;Não sinto mais prazer nas coisas que gostava. tenho acumulado muitas faltas, a recuperação será difícil. tudo parece cinzento e sem cor. comi uma coisa nova no ru, estava razoável.;0,189;0,417;0,346
1538;Sinto que sou um fardo para minha família e amigos. fui mal na prova e isso só piora meu humor. lavei as roupas hoje, a pilha estava gigante. não vejo sentido em continuar tentando. minha cabeça não desliga, repasso tudo mil vezes antes de dormir.;0,538;0,598;0,393
1539;Comi uma coisa nova no ru, estava razoável. o esforço valeu a pena, senti-me competente. consegui me organizar bem para a prova. tenho tido ataques de pânico leves no meio da noite. tirei uma nota alta na prova difícil, estou aliviado.;0,21;0,123;0,111
1540;Quero largar tudo e sumir para ter paz mental. estou animado com o novo tópico da matéria. sinto que o tempo está correndo e eu estou ficando para trás. não sinto mais prazer nas coisas que gostava. é um esforço enorme levantar da cama. lavei as roupas hoje, a pilha estava gigante.;0,312;0,333;0,298
1541;Minha cabeça não desliga, repasso tudo mil vezes antes de dormir. estou sempre preocupado com o que pode dar errado. sinto que sou um fardo para minha família e amigos. lavei as roupas hoje, a pilha estava gigante. não sinto mais prazer nas coisas que gostava. fui mal na prova e isso só piora meu humor. sinto que o tempo está correndo e eu estou ficando para trás.;0,758;0,552;0,232
1542;As coisas parecem sob controle. minha cabeça não desliga, repasso tudo mil vezes antes de dormir. consegui avançar muito no projeto de pesquisa. choveu o dia todo, não consegui sair para a rua. o esforço valeu a pena, senti-me competente.;0,248;0,258;0,17
1543;Minhas notas refletem meu desinteresse. não vejo sentido em continuar tentando. lavei as roupas hoje, a pilha estava gigante. não sinto mais prazer nas coisas que gostava.;0,19;0,394;0,688
1544;Estou sempre preocupado com o que pode dar errado. o trânsito estava horrível, cheguei atrasado na primeira aula. o esforço valeu a pena, senti-me competente. minha cabeça não desliga, repasso tudo mil vezes antes de dormir. meu estômago está revirado só de pensar na próxima apresentação. as coisas parecem sob controle. estou animado com o novo tópico da matéria.;0,823;0,106;0,103
1545;Consegui avançar muito no projeto de pesquisa. comi uma coisa nova no ru, estava razoável. não sinto mais prazer nas coisas que gostava.;0,123;0,236;0,369
1546;Estou desorientado e não consigo manter o foco em nada. o tcc está travado, não consigo escrever uma linha coerente. quero largar tudo e sumir para ter paz mental. lavei as roupas hoje, a pilha estava gigante. não consigo parar de pensar no prazo final. sinto que sou um fardo para minha família e amigos. meu estômago está revirado só de pensar na próxima apresentação.;0,688;0,29;0,318
1547;Minhas notas refletem meu desinteresse. tudo parece cinzento e sem cor. é um esforço enorme levantar da cama. lavei as roupas hoje, a pilha estava gigante.;0,295;0,431;0,419
1548;Minhas notas refletem meu desinteresse. lavei as roupas hoje, a pilha estava gigante. não consigo parar de pensar no prazo final. minha cabeça não desliga, repasso tudo mil vezes antes de dormir. sinto que o tempo está correndo e eu estou ficando para trás.;0,643;0,273;0,435
1549;O trânsito estava horrível, cheguei atrasado na primeira aula. não vejo sentido em continuar tentando. estou com medo de ser reprovado em duas matérias. durmo mal e acordo com a sensação de não ter descansado.;0,655;0,293;0,366
1550;Meu estômago está revirado só de pensar na próxima apresentação. estou sempre preocupado com o que pode dar errado. tenho tido ataques de pânico leves no meio da noite. o tcc está travado, não consigo escrever uma linha coerente. não vejo sentido em continuar tentando. lavei as roupas hoje, a pilha estava gigante.;0,819;0,293;0,102
1551;Estou com medo de ser reprovado em duas matérias. sinto que sou um fardo para minha família e amigos. lavei as roupas hoje, a pilha estava gigante.;0,589;0,381;0,195
1552;Minha cabeça não desliga, repasso tudo mil vezes antes de dormir. choveu o dia todo, não consegui sair para a rua. estou sempre preocupado com o que pode dar errado. tenho acumulado muitas faltas, a recuperação será difícil. sinto que o tempo está correndo e eu estou ficando para trás. a faculdade virou uma tortura, o trabalho nunca acaba. não estou sentindo aquela pressão de antes. o esforço valeu a pena, senti-me competente. durmo mal e acordo com a sensação de não ter descansado.;0,683;0,51;0,299
1553;Tenho tido ataques de pânico leves no meio da noite. tudo parece cinzento e sem cor. o tcc está travado, não consigo escrever uma linha coerente. o trânsito estava horrível, cheguei atrasado na primeira aula. não consigo parar de pensar no prazo final. sinto que sou um fardo para minha família e amigos.;0,83;0,345;0,132
1554;As coisas parecem sob controle. comi uma coisa nova no ru, estava razoável. me senti produtivo e o trabalho fluiu bem. tirei uma nota alta na prova difícil, estou aliviado.;0,091;0,127;0,155
1555;O trânsito estava horrível, cheguei atrasado na primeira aula. tirei uma nota alta na prova difícil, estou aliviado. o esforço valeu a pena, senti-me competente. as preocupações de ontem diminuíram hoje.;0,304;0,141;0,184
1556;Lavei as roupas hoje, a pilha estava gigante. consegui avançar muito no projeto de pesquisa. as coisas parecem sob controle. consegui ter um bom tempo de descanso hoje.;0,119;0,122;0,17
1557;As preocupações de ontem diminuíram hoje. tenho acumulado muitas faltas, a recuperação será difícil. choveu o dia todo, não consegui sair para a rua. quero largar tudo e sumir para ter paz mental. organizei minha rotina e a exaustão diminuiu.;0,426;0,365;0,146
1558;Minhas notas vieram boas, o esforço valeu a pena!. consegui ter um bom tempo de descanso hoje. choveu o dia todo, não consegui sair para a rua. consegui me organizar bem para a prova.;0,195;0,179;0,145
1559;Consegui ter um bom tempo de descanso hoje. não consigo parar de pensar no prazo final. estou animado com o novo tópico da matéria. meu estômago está revirado só de pensar na próxima apresentação. as coisas parecem sob controle. comi uma coisa nova no ru, estava razoável. quero largar tudo e sumir para ter paz mental.;0,418;0,099;0,188
1560;Não consigo parar de pensar no prazo final. sinto que sou um fardo para minha família e amigos. comi uma coisa nova no ru, estava razoável. o tcc está travado, não consigo escrever uma linha coerente. é um esforço enorme levantar da cama.;0,658;0,178;0,266
1561;Comi uma coisa nova no ru, estava razoável. sinto um cinismo e irritação com todo mundo da faculdade. tirei uma nota alta na prova difícil, estou aliviado. não estou sentindo aquela pressão de antes. consegui ter um bom tempo de descanso hoje.;0,166;0,122;0,266
1562;Estou animado com o novo tópico da matéria. sinto um cinismo e irritação com todo mundo da faculdade. minha cabeça não desliga, repasso tudo mil vezes antes de dormir. organizei minha rotina e a exaustão diminuiu. estou sempre preocupado com o que pode dar errado. o trânsito estava horrível, cheguei atrasado na primeira aula. não estou sentindo aquela pressão de antes.;0,65;0,204;0,354
1563;Comi uma coisa nova no ru, estava razoável. sinto que o tempo está correndo e eu estou ficando para trás. o tcc está travado, não consigo escrever uma linha coerente. estou sempre preocupado com o que pode dar errado.;0,526;0,245;0,314
1564;Não vejo sentido em continuar tentando. a solidão bateu forte hoje, mesmo estando rodeado de gente. lavei as roupas hoje, a pilha estava gigante. fui mal na prova e isso só piora meu humor.;0,355;0,73;0,351
1565;As coisas parecem sob controle. tirei uma nota alta na prova difícil, estou aliviado. organizei minha rotina e a exaustão diminuiu. o trânsito estava horrível, cheguei atrasado na primeira aula.;0,3;0,145;0,186
1566;Consegui me organizar bem para a prova. consegui ter um bom tempo de descanso hoje. o trânsito estava horrível, cheguei atrasado na primeira aula. tirei uma nota alta na prova difícil, estou aliviado. meu estômago está revirado só de pensar na próxima apresentação.;0,291;0,145;0,115
1567;A solidão bateu forte hoje, mesmo estando rodeado de gente. estou com medo de ser reprovado em duas matérias. choveu o dia todo, não consegui sair para a rua. a faculdade virou uma tortura, o trabalho nunca acaba. tudo parece cinzento e sem cor.;0,437;0,701;0,14
1568;Sinto que sou um fardo para minha família e amigos. o tcc está travado, não consigo escrever uma linha coerente. lavei as roupas hoje, a pilha estava gigante.;0,44;0,441;0,233
1569;Comi uma coisa nova no ru, estava razoável. consegui ter um bom tempo de descanso hoje. consegui avançar muito no projeto de pesquisa. não estou sentindo aquela pressão de antes.;0,095;0,102;0,191
1570;Minha cabeça não desliga, repasso tudo mil vezes antes de dormir. comi uma coisa nova no ru, estava razoável. meu estômago está revirado só de pensar na próxima apresentação. minhas notas refletem meu desinteresse. tudo parece cinzento e sem cor. é um esforço enorme levantar da cama.;0,538;0,323;0,344
1571;Estou sempre preocupado com o que pode dar errado. tenho tido ataques de pânico leves no meio da noite. comi uma coisa nova no ru, estava razoável. o tcc está travado, não consigo escrever uma linha coerente. é um esforço enorme levantar da cama.;0,843;0,378;0,089
1572;Meu estômago está revirado só de pensar na próxima apresentação. consegui me organizar bem para a prova. estou animado com o novo tópico da matéria. comi uma coisa nova no ru, estava razoável. me senti produtivo e o trabalho fluiu bem.;0,346;0,058;0,15
1573;Tenho tido ataques de pânico leves no meio da noite. tenho acumulado muitas faltas, a recuperação será difícil. lavei as roupas hoje, a pilha estava gigante. meu estômago está revirado só de pensar na próxima apresentação. a solidão bateu forte hoje, mesmo estando rodeado de gente.;0,723;0,515;0,089
1574;Tenho tido ataques de pânico leves no meio da noite. choveu o dia todo, não consegui sair para a rua. consegui me organizar bem para a prova. o esforço valeu a pena, senti-me competente. tirei uma nota alta na prova difícil, estou aliviado.;0,476;0,251;0,083
1575;O trânsito estava horrível, cheguei atrasado na primeira aula. tudo parece cinzento e sem cor. estou animado com o novo tópico da matéria.;0,475;0,135;0,172
1576;Sinto que o tempo está correndo e eu estou ficando para trás. tirei uma nota alta na prova difícil, estou aliviado. meu estômago está revirado só de pensar na próxima apresentação. me senti produtivo e o trabalho fluiu bem. choveu o dia todo, não consegui sair para a rua. estou sempre preocupado com o que pode dar errado. as preocupações de ontem diminuíram hoje.;0,536;0,162;0,179
1577;O trânsito estava horrível, cheguei atrasado na primeira aula. é um esforço enorme levantar da cama. fui mal na prova e isso só piora meu humor.;0,614;0,366;0,27
1578;Não consigo parar de pensar no prazo final. tudo parece cinzento e sem cor. minha cabeça não desliga, repasso tudo mil vezes antes de dormir. tenho acumulado muitas faltas, a recuperação será difícil. choveu o dia todo, não consegui sair para a rua. meu estômago está revirado só de pensar na próxima apresentação. não sinto mais prazer nas coisas que gostava.;0,751;0,29;0,221
1579;Lavei as roupas hoje, a pilha estava gigante. meu estômago está revirado só de pensar na próxima apresentação. o tcc está travado, não consigo escrever uma linha coerente. tudo parece cinzento e sem cor.;0,49;0,306;0,184
1580;Tenho tido ataques de pânico leves no meio da noite. choveu o dia todo, não consegui sair para a rua. minhas notas refletem meu desinteresse. a solidão bateu forte hoje, mesmo estando rodeado de gente.;0,647;0,637;0,121
1581;Meu estômago está revirado só de pensar na próxima apresentação. fui mal na prova e isso só piora meu humor. não vejo sentido em continuar tentando. é um esforço enorme levantar da cama. tenho tido ataques de pânico leves no meio da noite. o trânsito estava horrível, cheguei atrasado na primeira aula. sinto que o tempo está correndo e eu estou ficando para trás.;0,776;0,345;0,284
1582;Estou exausto. o corpo dói e a mente está lenta. meu estômago está revirado só de pensar na próxima apresentação. choveu o dia todo, não consegui sair para a rua. não estou sentindo aquela pressão de antes. tenho tido ataques de pânico leves no meio da noite. consegui avançar muito no projeto de pesquisa. o esforço valeu a pena, senti-me competente.;0,559;0,191;0,227
1583;Estou com medo de ser reprovado em duas matérias. sinto que o tempo está correndo e eu estou ficando para trás. estou sempre preocupado com o que pode dar errado. tenho tido ataques de pânico leves no meio da noite. comi uma coisa nova no ru, estava razoável.;0,817;0,37;0,119
1584;Choveu o dia todo, não consegui sair para a rua. o tcc está travado, não consigo escrever uma linha coerente. consegui me organizar bem para a prova. meu estômago está revirado só de pensar na próxima apresentação. organizei minha rotina e a exaustão diminuiu.;0,514;0,271;0,173
1585;As coisas parecem sob controle. choveu o dia todo, não consegui sair para a rua. estou animado com o novo tópico da matéria. o esforço valeu a pena, senti-me competente.;0,331;0,13;0,099
1586;Minha cabeça não desliga, repasso tudo mil vezes antes de dormir. estou desorientado e não consigo manter o foco em nada. estou animado com o novo tópico da matéria. não consigo parar de pensar no prazo final. consegui me organizar bem para a prova. comi uma coisa nova no ru, estava razoável. me senti produtivo e o trabalho fluiu bem.;0,601;0,166;0,239
1587;Choveu o dia todo, não consegui sair para a rua. tirei uma nota alta na prova difícil, estou aliviado. consegui me organizar bem para a prova. me senti produtivo e o trabalho fluiu bem.;0,228;0,228;0,149
1588;Estou animado com o novo tópico da matéria. comi uma coisa nova no ru, estava razoável.;0,19;0,078;0,141
1589;Minhas notas vieram boas, o esforço valeu a pena!. meu estômago está revirado só de pensar na próxima apresentação. choveu o dia todo, não consegui sair para a rua. tenho tido ataques de pânico leves no meio da noite. tudo parece cinzento e sem cor.;0,581;0,277;0,113
1590;Sinto que sou um fardo para minha família e amigos. o trânsito estava horrível, cheguei atrasado na primeira aula. minha cabeça não desliga, repasso tudo mil vezes antes de dormir. minhas notas refletem meu desinteresse. tenho tido ataques de pânico leves no meio da noite. é um esforço enorme levantar da cama. meu estômago está revirado só de pensar na próxima apresentação.;0,812;0,415;0,253
1591;As coisas parecem sob controle. minhas notas vieram boas, o esforço valeu a pena!. choveu o dia todo, não consegui sair para a rua. o esforço valeu a pena, senti-me competente.;0,257;0,246;0,16
1592;Consegui ter um bom tempo de descanso hoje. o trânsito estava horrível, cheguei atrasado na primeira aula. minhas notas vieram boas, o esforço valeu a pena!. as preocupações de ontem diminuíram hoje.;0,182;0,13;0,167
1593;Estou sempre preocupado com o que pode dar errado. minhas notas vieram boas, o esforço valeu a pena!. minha cabeça não desliga, repasso tudo mil vezes antes de dormir. me senti produtivo e o trabalho fluiu bem. choveu o dia todo, não consegui sair para a rua. as preocupações de ontem diminuíram hoje.;0,702;0,358;0,119
1594;As coisas parecem sob controle. o trânsito estava horrível, cheguei atrasado na primeira aula. me senti produtivo e o trabalho fluiu bem. minhas notas vieram boas, o esforço valeu a pena!. durmo mal e acordo com a sensação de não ter descansado.;0,346;0,165;0,213
1595;Não sinto mais prazer nas coisas que gostava. lavei as roupas hoje, a pilha estava gigante. tudo parece cinzento e sem cor. minhas notas refletem meu desinteresse.;0,209;0,395;0,494
1596;Choveu o dia todo, não consegui sair para a rua. minhas notas vieram boas, o esforço valeu a pena!. me senti produtivo e o trabalho fluiu bem. as preocupações de ontem diminuíram hoje.;0,217;0,226;0,165
1597;Lavei as roupas hoje, a pilha estava gigante. tenho acumulado muitas faltas, a recuperação será difícil. sinto que sou um fardo para minha família e amigos. não vejo sentido em continuar tentando. quero largar tudo e sumir para ter paz mental. estou exausto. o corpo dói e a mente está lenta.;0,413;0,601;0,297
1598;Tirei uma nota alta na prova difícil, estou aliviado. consegui ter um bom tempo de descanso hoje. choveu o dia todo, não consegui sair para a rua. as preocupações de ontem diminuíram hoje.;0,237;0,195;0,123
1599;O trânsito estava horrível, cheguei atrasado na primeira aula. o tcc está travado, não consigo escrever uma linha coerente.;0,571;0,25;0,23
1600;Não consigo parar de pensar no prazo final. durmo mal e acordo com a sensação de não ter descansado. minha cabeça não desliga, repasso tudo mil vezes antes de dormir. não vejo sentido em continuar tentando. tenho acumulado muitas faltas, a recuperação será difícil. sinto que sou um fardo para minha família e amigos. tenho tido ataques de pânico leves no meio da noite. estou desorientado e não consigo manter o foco em nada. lavei as roupas hoje, a pilha estava gigante.;0,829;0,508;0,225
1601;Lavei as roupas hoje, a pilha estava gigante. fui mal na prova e isso só piora meu humor. não sinto mais prazer nas coisas que gostava. sinto que sou um fardo para minha família e amigos.;0,339;0,548;0,287
1602;Consegui avançar muito no projeto de pesquisa. não vejo sentido em continuar tentando. estou sempre preocupado com o que pode dar errado. choveu o dia todo, não consegui sair para a rua.;0,491;0,373;0,184
1603;O trânsito estava horrível, cheguei atrasado na primeira aula. sinto que sou um fardo para minha família e amigos. não sinto mais prazer nas coisas que gostava. minhas notas refletem meu desinteresse.;0,437;0,491;0,419
1604;O tcc está travado, não consigo escrever uma linha coerente. sinto que sou um fardo para minha família e amigos. lavei as roupas hoje, a pilha estava gigante. a solidão bateu forte hoje, mesmo estando rodeado de gente.;0,384;0,588;0,243
1605;Lavei as roupas hoje, a pilha estava gigante. estou sempre preocupado com o que pode dar errado. minha cabeça não desliga, repasso tudo mil vezes antes de dormir. consegui avançar muito no projeto de pesquisa. não sinto mais prazer nas coisas que gostava.;0,495;0,332;0,24
1606;Organizei minha rotina e a exaustão diminuiu. consegui avançar muito no projeto de pesquisa. choveu o dia todo, não consegui sair para a rua. estou desorientado e não consigo manter o foco em nada. as coisas parecem sob controle.;0,442;0,328;0,275
1607;Sinto que sou um fardo para minha família e amigos. tenho acumulado muitas faltas, a recuperação será difícil. lavei as roupas hoje, a pilha estava gigante. não consigo parar de pensar no prazo final. sinto que o tempo está correndo e eu estou ficando para trás. tenho tido ataques de pânico leves no meio da noite.;0,786;0,539;0,135
1608;Choveu o dia todo, não consegui sair para a rua. as preocupações de ontem diminuíram hoje. minha cabeça não desliga, repasso tudo mil vezes antes de dormir. tenho tido ataques de pânico leves no meio da noite. consegui ter um bom tempo de descanso hoje. consegui avançar muito no projeto de pesquisa.;0,384;0,299;0,125
1609;É um esforço enorme levantar da cama. lavei as roupas hoje, a pilha estava gigante. fui mal na prova e isso só piora meu humor.;0,513;0,495;0,291
1610;O trânsito estava horrível, cheguei atrasado na primeira aula. tenho acumulado muitas faltas, a recuperação será difícil. sinto que sou um fardo para minha família e amigos.;0,635;0,48;0,207
1611;Estou desorientado e não consigo manter o foco em nada. não sinto mais prazer nas coisas que gostava. o tcc está travado, não consigo escrever uma linha coerente. comi uma coisa nova no ru, estava razoável.;0,377;0,411;0,456
1612;Lavei as roupas hoje, a pilha estava gigante. o esforço valeu a pena, senti-me competente. consegui avançar muito no projeto de pesquisa. não estou sentindo aquela pressão de antes.;0,107;0,156;0,212
1613;O trânsito estava horrível, cheguei atrasado na primeira aula. consegui avançar muito no projeto de pesquisa. consegui me organizar bem para a prova. organizei minha rotina e a exaustão diminuiu.;0,36;0,142;0,225
1614;As coisas parecem sob controle. minhas notas vieram boas, o esforço valeu a pena!. comi uma coisa nova no ru, estava razoável. organizei minha rotina e a exaustão diminuiu. a faculdade virou uma tortura, o trabalho nunca acaba.;0,189;0,135;0,295
1615;Minha cabeça não desliga, repasso tudo mil vezes antes de dormir. as coisas parecem sob controle. me senti produtivo e o trabalho fluiu bem. o trânsito estava horrível, cheguei atrasado na primeira aula. tirei uma nota alta na prova difícil, estou aliviado.;0,385;0,194;0,193
1616;As coisas parecem sob controle. estou animado com o novo tópico da matéria. me senti produtivo e o trabalho fluiu bem. comi uma coisa nova no ru, estava razoável.;0,178;0,072;0,182
1617;O esforço valeu a pena, senti-me competente. minhas notas vieram boas, o esforço valeu a pena!. comi uma coisa nova no ru, estava razoável. as preocupações de ontem diminuíram hoje.;0,09;0,08;0,16
1618;Meu estômago está revirado só de pensar na próxima apresentação. o tcc está travado, não consigo escrever uma linha coerente. durmo mal e acordo com a sensação de não ter descansado. a faculdade virou uma tortura, o trabalho nunca acaba. tudo parece cinzento e sem cor. choveu o dia todo, não consegui sair para a rua. minha cabeça não desliga, repasso tudo mil vezes antes de dormir. sinto que o tempo está correndo e eu estou ficando para trás.;0,709;0,328;0,283
1619;Choveu o dia todo, não consegui sair para a rua. estou animado com o novo tópico da matéria. não consigo parar de pensar no prazo final.;0,575;0,183;0,096
1620;Minha cabeça não desliga, repasso tudo mil vezes antes de dormir. comi uma coisa nova no ru, estava razoável. sinto que o tempo está correndo e eu estou ficando para trás. tenho tido ataques de pânico leves no meio da noite. o tcc está travado, não consigo escrever uma linha coerente. quero largar tudo e sumir para ter paz mental.;0,662;0,374;0,234
1621;Choveu o dia todo, não consegui sair para a rua. as coisas parecem sob controle. minhas notas vieram boas, o esforço valeu a pena!. organizei minha rotina e a exaustão diminuiu.;0,287;0,253;0,182
1622;Lavei as roupas hoje, a pilha estava gigante. sinto que sou um fardo para minha família e amigos. a faculdade virou uma tortura, o trabalho nunca acaba. consegui avançar muito no projeto de pesquisa. estou desorientado e não consigo manter o foco em nada.;0,516;0,419;0,374
1623;Consegui me organizar bem para a prova. minhas notas vieram boas, o esforço valeu a pena!. choveu o dia todo, não consegui sair para a rua. o esforço valeu a pena, senti-me competente.;0,215;0,186;0,111
1624;Lavei as roupas hoje, a pilha estava gigante. tirei uma nota alta na prova difícil, estou aliviado. as preocupações de ontem diminuíram hoje. consegui ter um bom tempo de descanso hoje.;0,177;0,158;0,17
1625;Choveu o dia todo, não consegui sair para a rua. minha cabeça não desliga, repasso tudo mil vezes antes de dormir. tirei uma nota alta na prova difícil, estou aliviado. organizei minha rotina e a exaustão diminuiu. não estou sentindo aquela pressão de antes. não consigo parar de pensar no prazo final.;0,528;0,317;0,157
1626;É um esforço enorme levantar da cama. tirei uma nota alta na prova difícil, estou aliviado. tudo parece cinzento e sem cor. o trânsito estava horrível, cheguei atrasado na primeira aula.;0,358;0,216;0,226
1627;Minha cabeça não desliga, repasso tudo mil vezes antes de dormir. choveu o dia todo, não consegui sair para a rua. meu estômago está revirado só de pensar na próxima apresentação. não vejo sentido em continuar tentando. o tcc está travado, não consigo escrever uma linha coerente. tenho tido ataques de pânico leves no meio da noite.;0,794;0,384;0,264
1628;Minhas notas refletem meu desinteresse. estou exausto. o corpo dói e a mente está lenta. durmo mal e acordo com a sensação de não ter descansado. as coisas parecem sob controle. choveu o dia todo, não consegui sair para a rua. sinto que o tempo está correndo e eu estou ficando para trás. organizei minha rotina e a exaustão diminuiu. meu estômago está revirado só de pensar na próxima apresentação.;0,57;0,261;0,461
1629;Não estou sentindo aquela pressão de antes. organizei minha rotina e a exaustão diminuiu. estou animado com o novo tópico da matéria. lavei as roupas hoje, a pilha estava gigante.;0,23;0,164;0,221
1630;Sinto que o tempo está correndo e eu estou ficando para trás. lavei as roupas hoje, a pilha estava gigante. estou com medo de ser reprovado em duas matérias. minha cabeça não desliga, repasso tudo mil vezes antes de dormir.;0,631;0,343;0,24
1631;Minhas notas vieram boas, o esforço valeu a pena!. a solidão bateu forte hoje, mesmo estando rodeado de gente. lavei as roupas hoje, a pilha estava gigante. não sinto mais prazer nas coisas que gostava.;0,126;0,303;0,306
1632;Minhas notas vieram boas, o esforço valeu a pena!. lavei as roupas hoje, a pilha estava gigante. consegui me organizar bem para a prova. me senti produtivo e o trabalho fluiu bem.;0,125;0,122;0,162
1633;Sinto que o tempo está correndo e eu estou ficando para trás. minha cabeça não desliga, repasso tudo mil vezes antes de dormir. sinto que sou um fardo para minha família e amigos. o trânsito estava horrível, cheguei atrasado na primeira aula. fui mal na prova e isso só piora meu humor. estou sempre preocupado com o que pode dar errado. é um esforço enorme levantar da cama.;0,785;0,489;0,332
1634;Minhas notas refletem meu desinteresse. não sinto mais prazer nas coisas que gostava. comi uma coisa nova no ru, estava razoável. sinto que o tempo está correndo e eu estou ficando para trás.;0,216;0,337;0,63
1635;O trânsito estava horrível, cheguei atrasado na primeira aula. estou com medo de ser reprovado em duas matérias.;0,671;0,244;0,208
1636;Consegui avançar muito no projeto de pesquisa. não estou sentindo aquela pressão de antes. organizei minha rotina e a exaustão diminuiu. choveu o dia todo, não consegui sair para a rua.;0,198;0,193;0,254
1637;A solidão bateu forte hoje, mesmo estando rodeado de gente. é um esforço enorme levantar da cama. fui mal na prova e isso só piora meu humor. o trânsito estava horrível, cheguei atrasado na primeira aula.;0,431;0,608;0,229
1638;Tenho acumulado muitas faltas, a recuperação será difícil. meu estômago está revirado só de pensar na próxima apresentação. comi uma coisa nova no ru, estava razoável. sinto que o tempo está correndo e eu estou ficando para trás. sinto que sou um fardo para minha família e amigos. não vejo sentido em continuar tentando. estou sempre preocupado com o que pode dar errado.;0,605;0,432;0,388
1639;O trânsito estava horrível, cheguei atrasado na primeira aula. organizei minha rotina e a exaustão diminuiu. as coisas parecem sob controle. minhas notas vieram boas, o esforço valeu a pena!.;0,301;0,12;0,159
1640;Consegui me organizar bem para a prova. o esforço valeu a pena, senti-me competente. choveu o dia todo, não consegui sair para a rua. consegui avançar muito no projeto de pesquisa.;0,18;0,192;0,144
1641;Estou animado com o novo tópico da matéria. não estou sentindo aquela pressão de antes. choveu o dia todo, não consegui sair para a rua. o esforço valeu a pena, senti-me competente.;0,22;0,168;0,1
1642;Lavei as roupas hoje, a pilha estava gigante. organizei minha rotina e a exaustão diminuiu. tirei uma nota alta na prova difícil, estou aliviado. meu estômago está revirado só de pensar na próxima apresentação. não consigo parar de pensar no prazo final. consegui me organizar bem para a prova.;0,325;0,154;0,148
1643;Minha cabeça não desliga, repasso tudo mil vezes antes de dormir. estou animado com o novo tópico da matéria. comi uma coisa nova no ru, estava razoável. não consigo parar de pensar no prazo final. as preocupações de ontem diminuíram hoje. sinto que o tempo está correndo e eu estou ficando para trás. consegui ter um bom tempo de descanso hoje.;0,451;0,143;0,226
1644;As preocupações de ontem diminuíram hoje. sinto que o tempo está correndo e eu estou ficando para trás. o trânsito estava horrível, cheguei atrasado na primeira aula. organizei minha rotina e a exaustão diminuiu. não consigo parar de pensar no prazo final. minhas notas vieram boas, o esforço valeu a pena!.;0,408;0,161;0,196
1645;Meu estômago está revirado só de pensar na próxima apresentação. a solidão bateu forte hoje, mesmo estando rodeado de gente. minhas notas refletem meu desinteresse. minha cabeça não desliga, repasso tudo mil vezes antes de dormir. o trânsito estava horrível, cheguei atrasado na primeira aula.;0,623;0,334;0,252
1646;Estou animado com o novo tópico da matéria. me senti produtivo e o trabalho fluiu bem. não estou sentindo aquela pressão de antes. o trânsito estava horrível, cheguei atrasado na primeira aula.;0,262;0,096;0,219
1647;Minhas notas vieram boas, o esforço valeu a pena!. consegui me organizar bem para a prova. consegui ter um bom tempo de descanso hoje. lavei as roupas hoje, a pilha estava gigante.;0,146;0,13;0,158
1648;Estou animado com o novo tópico da matéria. lavei as roupas hoje, a pilha estava gigante. não estou sentindo aquela pressão de antes. me senti produtivo e o trabalho fluiu bem.;0,182;0,143;0,141
1649;Estou com medo de ser reprovado em duas matérias. meu estômago está revirado só de pensar na próxima apresentação. a solidão bateu forte hoje, mesmo estando rodeado de gente. sinto que o tempo está correndo e eu estou ficando para trás. tudo parece cinzento e sem cor. choveu o dia todo, não consegui sair para a rua.;0,648;0,51;0,123
1650;O esforço valeu a pena, senti-me competente. lavei as roupas hoje, a pilha estava gigante. estou animado com o novo tópico da matéria. as coisas parecem sob controle.;0,168;0,107;0,125
1651;Choveu o dia todo, não consegui sair para a rua. estou animado com o novo tópico da matéria. me senti produtivo e o trabalho fluiu bem. as preocupações de ontem diminuíram hoje.;0,255;0,164;0,13
1652;Consegui me organizar bem para a prova. consegui ter um bom tempo de descanso hoje. comi uma coisa nova no ru, estava razoável. tenho acumulado muitas faltas, a recuperação será difícil.;0,27;0,186;0,175
1653;Consegui avançar muito no projeto de pesquisa. lavei as roupas hoje, a pilha estava gigante. não consigo parar de pensar no prazo final. estou sempre preocupado com o que pode dar errado. sinto que o tempo está correndo e eu estou ficando para trás.;0,572;0,247;0,201
1654;Comi uma coisa nova no ru, estava razoável. as preocupações de ontem diminuíram hoje. consegui ter um bom tempo de descanso hoje. minhas notas vieram boas, o esforço valeu a pena!.;0,094;0,112;0,164
1655;Organizei minha rotina e a exaustão diminuiu. lavei as roupas hoje, a pilha estava gigante. minha cabeça não desliga, repasso tudo mil vezes antes de dormir. estou exausto. o corpo dói e a mente está lenta. consegui avançar muito no projeto de pesquisa. tenho tido ataques de pânico leves no meio da noite. as coisas parecem sob controle.;0,586;0,26;0,251
1656;Meu estômago está revirado só de pensar na próxima apresentação. tenho acumulado muitas faltas, a recuperação será difícil. não consigo parar de pensar no prazo final. comi uma coisa nova no ru, estava razoável.;0,605;0,131;0,217
1657;É um esforço enorme levantar da cama. choveu o dia todo, não consegui sair para a rua. sinto que o tempo está correndo e eu estou ficando para trás. minhas notas refletem meu desinteresse. não sinto mais prazer nas coisas que gostava.;0,465;0,496;0,36
1658;Estou animado com o novo tópico da matéria. organizei minha rotina e a exaustão diminuiu. consegui me organizar bem para a prova. sinto um cinismo e irritação com todo mundo da faculdade. o trânsito estava horrível, cheguei atrasado na primeira aula.;0,351;0,102;0,297
1659;Choveu o dia todo, não consegui sair para a rua. organizei minha rotina e a exaustão diminuiu. consegui me organizar bem para a prova. minha cabeça não desliga, repasso tudo mil vezes antes de dormir. tirei uma nota alta na prova difícil, estou aliviado.;0,28;0,255;0,151
1660;Organizei minha rotina e a exaustão diminuiu. o trânsito estava horrível, cheguei atrasado na primeira aula. as coisas parecem sob controle. tirei uma nota alta na prova difícil, estou aliviado.;0,259;0,133;0,166
1661;O trânsito estava horrível, cheguei atrasado na primeira aula. minhas notas refletem meu desinteresse. tenho tido ataques de pânico leves no meio da noite. estou sempre preocupado com o que pode dar errado.;0,832;0,401;0,156
1662;Comi uma coisa nova no ru, estava razoável. a solidão bateu forte hoje, mesmo estando rodeado de gente. estou com medo de ser reprovado em duas matérias. não vejo sentido em continuar tentando. minha cabeça não desliga, repasso tudo mil vezes antes de dormir.;0,419;0,386;0,258
1663;Tenho acumulado muitas faltas, a recuperação será difícil. o trânsito estava horrível, cheguei atrasado na primeira aula. é um esforço enorme levantar da cama.;0,601;0,305;0,236
1664;Organizei minha rotina e a exaustão diminuiu. o trânsito estava horrível, cheguei atrasado na primeira aula. as coisas parecem sob controle. estou animado com o novo tópico da matéria.;0,319;0,089;0,158
1665;O trânsito estava horrível, cheguei atrasado na primeira aula. não sinto mais prazer nas coisas que gostava. minhas notas refletem meu desinteresse. estou sempre preocupado com o que pode dar errado. não consigo parar de pensar no prazo final.;0,724;0,297;0,339
1666;Sinto que sou um fardo para minha família e amigos. tirei uma nota alta na prova difícil, estou aliviado. choveu o dia todo, não consegui sair para a rua.;0,43;0,422;0,179
1667;Choveu o dia todo, não consegui sair para a rua. minhas notas refletem meu desinteresse. a faculdade virou uma tortura, o trabalho nunca acaba. estou exausto. o corpo dói e a mente está lenta. não consigo parar de pensar no prazo final.;0,617;0,471;0,408
1668;Comi uma coisa nova no ru, estava razoável. minha cabeça não desliga, repasso tudo mil vezes antes de dormir. tenho tido ataques de pânico leves no meio da noite. minhas notas refletem meu desinteresse. meu estômago está revirado só de pensar na próxima apresentação.;0,574;0,234;0,204
1669;Comi uma coisa nova no ru, estava razoável. estou com medo de ser reprovado em duas matérias.;0,322;0,185;0,15
1670;Minhas notas refletem meu desinteresse. lavei as roupas hoje, a pilha estava gigante. não consigo parar de pensar no prazo final. meu estômago está revirado só de pensar na próxima apresentação. não vejo sentido em continuar tentando. tenho tido ataques de pânico leves no meio da noite.;0,764;0,272;0,343
1671;Sinto que sou um fardo para minha família e amigos. fui mal na prova e isso só piora meu humor. não consigo parar de pensar no prazo final. choveu o dia todo, não consegui sair para a rua. estou exausto. o corpo dói e a mente está lenta. não vejo sentido em continuar tentando.;0,659;0,574;0,335
1672;Consegui ter um bom tempo de descanso hoje. consegui me organizar bem para a prova. meu estômago está revirado só de pensar na próxima apresentação. lavei as roupas hoje, a pilha estava gigante. não consigo parar de pensar no prazo final. consegui avançar muito no projeto de pesquisa.;0,31;0,121;0,183
1673;Choveu o dia todo, não consegui sair para a rua. tenho tido ataques de pânico leves no meio da noite. minhas notas vieram boas, o esforço valeu a pena!. não sinto mais prazer nas coisas que gostava. meu estômago está revirado só de pensar na próxima apresentação. estou sempre preocupado com o que pode dar errado.;0,688;0,351;0,095
1674;Lavei as roupas hoje, a pilha estava gigante. não estou sentindo aquela pressão de antes. meu estômago está revirado só de pensar na próxima apresentação. organizei minha rotina e a exaustão diminuiu. minhas notas vieram boas, o esforço valeu a pena!.;0,279;0,133;0,144
1675;Choveu o dia todo, não consegui sair para a rua. me senti produtivo e o trabalho fluiu bem. as preocupações de ontem diminuíram hoje. estou animado com o novo tópico da matéria.;0,238;0,169;0,119
1676;Lavei as roupas hoje, a pilha estava gigante. tirei uma nota alta na prova difícil, estou aliviado. durmo mal e acordo com a sensação de não ter descansado. consegui ter um bom tempo de descanso hoje. estou exausto. o corpo dói e a mente está lenta. não estou sentindo aquela pressão de antes.;0,305;0,298;0,305
1677;Meu estômago está revirado só de pensar na próxima apresentação. as coisas parecem sob controle. o trânsito estava horrível, cheguei atrasado na primeira aula. estou animado com o novo tópico da matéria. consegui ter um bom tempo de descanso hoje. sinto que o tempo está correndo e eu estou ficando para trás. minha cabeça não desliga, repasso tudo mil vezes antes de dormir.;0,631;0,106;0,196
1678;Não vejo sentido em continuar tentando. tenho acumulado muitas faltas, a recuperação será difícil. lavei as roupas hoje, a pilha estava gigante. estou exausto. o corpo dói e a mente está lenta.;0,444;0,519;0,466
1679;Choveu o dia todo, não consegui sair para a rua. consegui ter um bom tempo de descanso hoje. consegui me organizar bem para a prova. tirei uma nota alta na prova difícil, estou aliviado.;0,264;0,265;0,127
1680;Não estou sentindo aquela pressão de antes. comi uma coisa nova no ru, estava razoável. consegui ter um bom tempo de descanso hoje. consegui avançar muito no projeto de pesquisa.;0,089;0,137;0,178
1681;Lavei as roupas hoje, a pilha estava gigante. consegui avançar muito no projeto de pesquisa. consegui ter um bom tempo de descanso hoje. as preocupações de ontem diminuíram hoje. minha cabeça não desliga, repasso tudo mil vezes antes de dormir. sinto que o tempo está correndo e eu estou ficando para trás. estou sempre preocupado com o que pode dar errado.;0,418;0,242;0,209
1682;Consegui avançar muito no projeto de pesquisa. choveu o dia todo, não consegui sair para a rua. as preocupações de ontem diminuíram hoje. consegui ter um bom tempo de descanso hoje.;0,174;0,194;0,143
1683;Me senti produtivo e o trabalho fluiu bem. consegui avançar muito no projeto de pesquisa. estou sempre preocupado com o que pode dar errado. o trânsito estava horrível, cheguei atrasado na primeira aula. não estou sentindo aquela pressão de antes.;0,409;0,153;0,215
1684;Lavei as roupas hoje, a pilha estava gigante. me senti produtivo e o trabalho fluiu bem. consegui avançar muito no projeto de pesquisa. as coisas parecem sob controle.;0,12;0,122;0,147
1685;Sinto que o tempo está correndo e eu estou ficando para trás. minha cabeça não desliga, repasso tudo mil vezes antes de dormir. não consigo parar de pensar no prazo final. comi uma coisa nova no ru, estava razoável. fui mal na prova e isso só piora meu humor.;0,67;0,314;0,398
1686;Consegui avançar muito no projeto de pesquisa. a faculdade virou uma tortura, o trabalho nunca acaba. sinto um cinismo e irritação com todo mundo da faculdade. consegui ter um bom tempo de descanso hoje. as preocupações de ontem diminuíram hoje. o trânsito estava horrível, cheguei atrasado na primeira aula.;0,169;0,164;0,427
1687;Lavei as roupas hoje, a pilha estava gigante. sinto que o tempo está correndo e eu estou ficando para trás. não vejo sentido em continuar tentando. não consigo parar de pensar no prazo final. fui mal na prova e isso só piora meu humor. não sinto mais prazer nas coisas que gostava.;0,412;0,398;0,356
1688;Tenho tido ataques de pânico leves no meio da noite. estou desorientado e não consigo manter o foco em nada. estou sempre preocupado com o que pode dar errado. é um esforço enorme levantar da cama. não consigo parar de pensar no prazo final. estou animado com o novo tópico da matéria. choveu o dia todo, não consegui sair para a rua.;0,901;0,387;0,052
1689;Minhas notas vieram boas, o esforço valeu a pena!. choveu o dia todo, não consegui sair para a rua. sinto que sou um fardo para minha família e amigos.;0,386;0,482;0,204
1690;A solidão bateu forte hoje, mesmo estando rodeado de gente. não sinto mais prazer nas coisas que gostava. minhas notas refletem meu desinteresse. comi uma coisa nova no ru, estava razoável.;0,23;0,586;0,338
1691;Consegui me organizar bem para a prova. choveu o dia todo, não consegui sair para a rua. consegui avançar muito no projeto de pesquisa. organizei minha rotina e a exaustão diminuiu.;0,196;0,202;0,175
1692;Estou animado com o novo tópico da matéria. sinto que o tempo está correndo e eu estou ficando para trás. comi uma coisa nova no ru, estava razoável.;0,298;0,133;0,237
1693;Consegui me organizar bem para a prova. estou animado com o novo tópico da matéria. lavei as roupas hoje, a pilha estava gigante. o esforço valeu a pena, senti-me competente.;0,156;0,09;0,121
1694;Sinto que sou um fardo para minha família e amigos. tenho acumulado muitas faltas, a recuperação será difícil. comi uma coisa nova no ru, estava razoável.;0,35;0,402;0,296
1695;Estou animado com o novo tópico da matéria. não estou sentindo aquela pressão de antes. não consigo parar de pensar no prazo final. consegui ter um bom tempo de descanso hoje. lavei as roupas hoje, a pilha estava gigante.;0,277;0,107;0,157
1696;Tirei uma nota alta na prova difícil, estou aliviado. não sinto mais prazer nas coisas que gostava. o trânsito estava horrível, cheguei atrasado na primeira aula.;0,311;0,194;0,301
1697;Minha cabeça não desliga, repasso tudo mil vezes antes de dormir. o esforço valeu a pena, senti-me competente. estou sempre preocupado com o que pode dar errado. meu estômago está revirado só de pensar na próxima apresentação. consegui avançar muito no projeto de pesquisa. as coisas parecem sob controle. lavei as roupas hoje, a pilha estava gigante.;0,573;0,214;0,174
1698;Estou desorientado e não consigo manter o foco em nada. a faculdade virou uma tortura, o trabalho nunca acaba. o esforço valeu a pena, senti-me competente. estou animado com o novo tópico da matéria. não estou sentindo aquela pressão de antes. comi uma coisa nova no ru, estava razoável.;0,388;0,216;0,47
1699;Tudo parece cinzento e sem cor. o trânsito estava horrível, cheguei atrasado na primeira aula. estou sempre preocupado com o que pode dar errado. estou com medo de ser reprovado em duas matérias.;0,708;0,351;0,146
1700;Choveu o dia todo, não consegui sair para a rua. fui mal na prova e isso só piora meu humor. sinto que o tempo está correndo e eu estou ficando para trás. não vejo sentido em continuar tentando.;0,462;0,497;0,272
1701;Choveu o dia todo, não consegui sair para a rua. tirei uma nota alta na prova difícil, estou aliviado.;0,373;0,345;0,151
1702;É um esforço enorme levantar da cama. comi uma coisa nova no ru, estava razoável. a solidão bateu forte hoje, mesmo estando rodeado de gente. estou com medo de ser reprovado em duas matérias.;0,406;0,46;0,184
1703;Meu estômago está revirado só de pensar na próxima apresentação. sinto que sou um fardo para minha família e amigos. é um esforço enorme levantar da cama. lavei as roupas hoje, a pilha estava gigante. tenho acumulado muitas faltas, a recuperação será difícil.;0,608;0,394;0,201
1704;Me senti produtivo e o trabalho fluiu bem. o trânsito estava horrível, cheguei atrasado na primeira aula. o tcc está travado, não consigo escrever uma linha coerente. as coisas parecem sob controle.;0,285;0,114;0,219
1705;Tirei uma nota alta na prova difícil, estou aliviado. me senti produtivo e o trabalho fluiu bem. lavei as roupas hoje, a pilha estava gigante. consegui me organizar bem para a prova.;0,144;0,159;0,15
1706;Lavei as roupas hoje, a pilha estava gigante. o tcc está travado, não consigo escrever uma linha coerente. minha cabeça não desliga, repasso tudo mil vezes antes de dormir. não vejo sentido em continuar tentando.;0,478;0,429;0,292
1707;O trânsito estava horrível, cheguei atrasado na primeira aula. consegui avançar muito no projeto de pesquisa. consegui ter um bom tempo de descanso hoje. consegui me organizar bem para a prova.;0,31;0,125;0,176
1708;Sinto que o tempo está correndo e eu estou ficando para trás. comi uma coisa nova no ru, estava razoável. as coisas parecem sob controle. o esforço valeu a pena, senti-me competente. o tcc está travado, não consigo escrever uma linha coerente. sinto um cinismo e irritação com todo mundo da faculdade. tenho tido ataques de pânico leves no meio da noite.;0,429;0,181;0,422
1709;Organizei minha rotina e a exaustão diminuiu. as preocupações de ontem diminuíram hoje. não consigo parar de pensar no prazo final. estou com medo de ser reprovado em duas matérias. choveu o dia todo, não consegui sair para a rua.;0,601;0,209;0,096
1710;Sinto que o tempo está correndo e eu estou ficando para trás. estou sempre preocupado com o que pode dar errado. o trânsito estava horrível, cheguei atrasado na primeira aula. o esforço valeu a pena, senti-me competente. tirei uma nota alta na prova difícil, estou aliviado. tenho tido ataques de pânico leves no meio da noite. não estou sentindo aquela pressão de antes.;0,709;0,283;0,174
1711;Estou sempre preocupado com o que pode dar errado. tenho acumulado muitas faltas, a recuperação será difícil. comi uma coisa nova no ru, estava razoável. não consigo parar de pensar no prazo final. é um esforço enorme levantar da cama.;0,77;0,374;0,164
1712;Comi uma coisa nova no ru, estava razoável. fui mal na prova e isso só piora meu humor. a solidão bateu forte hoje, mesmo estando rodeado de gente.;0,278;0,469;0,284
1713;Choveu o dia todo, não consegui sair para a rua. minhas notas vieram boas, o esforço valeu a pena!. organizei minha rotina e a exaustão diminuiu. as preocupações de ontem diminuíram hoje.;0,285;0,224;0,19
1714;Estou animado com o novo tópico da matéria. é um esforço enorme levantar da cama. não sinto mais prazer nas coisas que gostava. lavei as roupas hoje, a pilha estava gigante.;0,286;0,213;0,245
1715;Lavei as roupas hoje, a pilha estava gigante. tirei uma nota alta na prova difícil, estou aliviado. as coisas parecem sob controle. o esforço valeu a pena, senti-me competente.;0,158;0,154;0,11
1716;Organizei minha rotina e a exaustão diminuiu. choveu o dia todo, não consegui sair para a rua. consegui avançar muito no projeto de pesquisa. não estou sentindo aquela pressão de antes.;0,189;0,188;0,274
1717;Estou animado com o novo tópico da matéria. consegui me organizar bem para a prova. me senti produtivo e o trabalho fluiu bem. o trânsito estava horrível, cheguei atrasado na primeira aula.;0,297;0,06;0,129
1718;Comi uma coisa nova no ru, estava razoável. sinto que o tempo está correndo e eu estou ficando para trás. não consigo parar de pensar no prazo final. estou sempre preocupado com o que pode dar errado. minhas notas refletem meu desinteresse.;0,597;0,194;0,287
1719;O esforço valeu a pena, senti-me competente. minha cabeça não desliga, repasso tudo mil vezes antes de dormir. não estou sentindo aquela pressão de antes. meu estômago está revirado só de pensar na próxima apresentação. estou sempre preocupado com o que pode dar errado. consegui avançar muito no projeto de pesquisa. o trânsito estava horrível, cheguei atrasado na primeira aula.;0,507;0,081;0,24
1720;Minha cabeça não desliga, repasso tudo mil vezes antes de dormir. estou sempre preocupado com o que pode dar errado. minhas notas vieram boas, o esforço valeu a pena!. o trânsito estava horrível, cheguei atrasado na primeira aula. tudo parece cinzento e sem cor.;0,708;0,35;0,195
1721;Choveu o dia todo, não consegui sair para a rua. tirei uma nota alta na prova difícil, estou aliviado. não vejo sentido em continuar tentando.;0,388;0,438;0,21
1722;Tenho tido ataques de pânico leves no meio da noite. meu estômago está revirado só de pensar na próxima apresentação. consegui ter um bom tempo de descanso hoje. minhas notas vieram boas, o esforço valeu a pena!. não consigo parar de pensar no prazo final. não estou sentindo aquela pressão de antes. lavei as roupas hoje, a pilha estava gigante.;0,686;0,153;0,076
1723;Minhas notas refletem meu desinteresse. lavei as roupas hoje, a pilha estava gigante. é um esforço enorme levantar da cama. não vejo sentido em continuar tentando.;0,323;0,413;0,556
1724;O trânsito estava horrível, cheguei atrasado na primeira aula. tenho acumulado muitas faltas, a recuperação será difícil. estou desorientado e não consigo manter o foco em nada. sinto um cinismo e irritação com todo mundo da faculdade. não sinto mais prazer nas coisas que gostava.;0,497;0,44;0,416
1725;Tenho acumulado muitas faltas, a recuperação será difícil. sinto que o tempo está correndo e eu estou ficando para trás. tenho tido ataques de pânico leves no meio da noite. não consigo parar de pensar no prazo final. comi uma coisa nova no ru, estava razoável.;0,743;0,336;0,183
1726;As coisas parecem sob controle. consegui avançar muito no projeto de pesquisa. durmo mal e acordo com a sensação de não ter descansado. o esforço valeu a pena, senti-me competente. lavei as roupas hoje, a pilha estava gigante.;0,275;0,208;0,243
1727;Tudo parece cinzento e sem cor. lavei as roupas hoje, a pilha estava gigante. fui mal na prova e isso só piora meu humor.;0,334;0,509;0,215
1728;O trânsito estava horrível, cheguei atrasado na primeira aula. sinto que o tempo está correndo e eu estou ficando para trás. minhas notas refletem meu desinteresse. meu estômago está revirado só de pensar na próxima apresentação.;0,637;0,229;0,328
1729;Comi uma coisa nova no ru, estava razoável. não estou sentindo aquela pressão de antes. organizei minha rotina e a exaustão diminuiu. consegui avançar muito no projeto de pesquisa.;0,149;0,17;0,317
1730;Me senti produtivo e o trabalho fluiu bem. tirei uma nota alta na prova difícil, estou aliviado. estou sempre preocupado com o que pode dar errado. lavei as roupas hoje, a pilha estava gigante. as coisas parecem sob controle.;0,269;0,227;0,136
1731;Minhas notas refletem meu desinteresse. o trânsito estava horrível, cheguei atrasado na primeira aula. não vejo sentido em continuar tentando.;0,379;0,394;0,549
1732;Tenho tido ataques de pânico leves no meio da noite. sinto que o tempo está correndo e eu estou ficando para trás. não sinto mais prazer nas coisas que gostava. minhas notas refletem meu desinteresse. meu estômago está revirado só de pensar na próxima apresentação. choveu o dia todo, não consegui sair para a rua.;0,786;0,406;0,162
1733;Estou exausto. o corpo dói e a mente está lenta. comi uma coisa nova no ru, estava razoável. não sinto mais prazer nas coisas que gostava. tudo parece cinzento e sem cor. o tcc está travado, não consigo escrever uma linha coerente.;0,366;0,359;0,454
1734;Comi uma coisa nova no ru, estava razoável. consegui me organizar bem para a prova. sinto que o tempo está correndo e eu estou ficando para trás. minhas notas vieram boas, o esforço valeu a pena!. me senti produtivo e o trabalho fluiu bem.;0,126;0,098;0,22
1735;As coisas parecem sob controle. não consigo parar de pensar no prazo final. lavei as roupas hoje, a pilha estava gigante. o esforço valeu a pena, senti-me competente. consegui avançar muito no projeto de pesquisa.;0,235;0,114;0,141
1736;O esforço valeu a pena, senti-me competente. as preocupações de ontem diminuíram hoje. o trânsito estava horrível, cheguei atrasado na primeira aula. minha cabeça não desliga, repasso tudo mil vezes antes de dormir. minhas notas vieram boas, o esforço valeu a pena!.;0,2;0,108;0,177
1737;Organizei minha rotina e a exaustão diminuiu. lavei as roupas hoje, a pilha estava gigante. as preocupações de ontem diminuíram hoje. estou animado com o novo tópico da matéria. minha cabeça não desliga, repasso tudo mil vezes antes de dormir.;0,301;0,21;0,215
1738;Durmo mal e acordo com a sensação de não ter descansado. consegui me organizar bem para a prova. consegui avançar muito no projeto de pesquisa. o esforço valeu a pena, senti-me competente. choveu o dia todo, não consegui sair para a rua. sinto um cinismo e irritação com todo mundo da faculdade.;0,315;0,323;0,385
1739;Choveu o dia todo, não consegui sair para a rua. tudo parece cinzento e sem cor. tenho tido ataques de pânico leves no meio da noite. tenho acumulado muitas faltas, a recuperação será difícil. sinto que o tempo está correndo e eu estou ficando para trás.;0,67;0,481;0,142
1740;Organizei minha rotina e a exaustão diminuiu. choveu o dia todo, não consegui sair para a rua. as coisas parecem sob controle. estou sempre preocupado com o que pode dar errado. consegui avançar muito no projeto de pesquisa. tenho tido ataques de pânico leves no meio da noite. sinto que o tempo está correndo e eu estou ficando para trás.;0,763;0,384;0,156
1741;Não consigo parar de pensar no prazo final. minhas notas refletem meu desinteresse. tenho tido ataques de pânico leves no meio da noite. estou sempre preocupado com o que pode dar errado. tudo parece cinzento e sem cor. o trânsito estava horrível, cheguei atrasado na primeira aula. sinto que sou um fardo para minha família e amigos.;0,816;0,388;0,239
1742;Fui mal na prova e isso só piora meu humor. a solidão bateu forte hoje, mesmo estando rodeado de gente. choveu o dia todo, não consegui sair para a rua. sinto que o tempo está correndo e eu estou ficando para trás.;0,449;0,612;0,287
1743;A solidão bateu forte hoje, mesmo estando rodeado de gente. o tcc está travado, não consigo escrever uma linha coerente. sinto que sou um fardo para minha família e amigos. lavei as roupas hoje, a pilha estava gigante.;0,325;0,714;0,168
1744;Estou sempre preocupado com o que pode dar errado. não estou sentindo aquela pressão de antes. consegui ter um bom tempo de descanso hoje. o trânsito estava horrível, cheguei atrasado na primeira aula. tirei uma nota alta na prova difícil, estou aliviado. tenho tido ataques de pânico leves no meio da noite. minha cabeça não desliga, repasso tudo mil vezes antes de dormir.;0,831;0,373;0,065
1745;Não consigo parar de pensar no prazo final. estou animado com o novo tópico da matéria. comi uma coisa nova no ru, estava razoável. tudo parece cinzento e sem cor.;0,393;0,131;0,168
1746;O tcc está travado, não consigo escrever uma linha coerente. tudo parece cinzento e sem cor. sinto que o tempo está correndo e eu estou ficando para trás. choveu o dia todo, não consegui sair para a rua.;0,46;0,405;0,271
1747;Minhas notas vieram boas, o esforço valeu a pena!. sinto que o tempo está correndo e eu estou ficando para trás. tenho tido ataques de pânico leves no meio da noite. não vejo sentido em continuar tentando. comi uma coisa nova no ru, estava razoável. estou sempre preocupado com o que pode dar errado. sinto que sou um fardo para minha família e amigos.;0,614;0,326;0,329
1748;Tudo parece cinzento e sem cor. é um esforço enorme levantar da cama. o trânsito estava horrível, cheguei atrasado na primeira aula. minhas notas vieram boas, o esforço valeu a pena!.;0,33;0,291;0,287
1749;Tenho acumulado muitas faltas, a recuperação será difícil. não sinto mais prazer nas coisas que gostava. é um esforço enorme levantar da cama. choveu o dia todo, não consegui sair para a rua.;0,461;0,526;0,256
1750;Minha cabeça não desliga, repasso tudo mil vezes antes de dormir. tenho tido ataques de pânico leves no meio da noite. organizei minha rotina e a exaustão diminuiu. consegui me organizar bem para a prova. o trânsito estava horrível, cheguei atrasado na primeira aula. estou animado com o novo tópico da matéria. estou sempre preocupado com o que pode dar errado.;0,824;0,201;0,172
1751;Não consigo parar de pensar no prazo final. sinto que o tempo está correndo e eu estou ficando para trás. minhas notas refletem meu desinteresse. o trânsito estava horrível, cheguei atrasado na primeira aula. sinto que sou um fardo para minha família e amigos.;0,681;0,329;0,361
1752;É um esforço enorme levantar da cama. lavei as roupas hoje, a pilha estava gigante. tudo parece cinzento e sem cor. estou com medo de ser reprovado em duas matérias.;0,454;0,469;0,182
1753;Não sinto mais prazer nas coisas que gostava. lavei as roupas hoje, a pilha estava gigante. fui mal na prova e isso só piora meu humor. tenho tido ataques de pânico leves no meio da noite.;0,504;0,535;0,212
1754;Comi uma coisa nova no ru, estava razoável. a solidão bateu forte hoje, mesmo estando rodeado de gente. tudo parece cinzento e sem cor. fui mal na prova e isso só piora meu humor.;0,255;0,456;0,235
1755;Organizei minha rotina e a exaustão diminuiu. lavei as roupas hoje, a pilha estava gigante. quero largar tudo e sumir para ter paz mental. estou animado com o novo tópico da matéria. durmo mal e acordo com a sensação de não ter descansado. consegui me organizar bem para a prova.;0,381;0,24;0,249
1756;Tenho acumulado muitas faltas, a recuperação será difícil. comi uma coisa nova no ru, estava razoável.;0,305;0,21;0,265
1757;Tenho tido ataques de pânico leves no meio da noite. lavei as roupas hoje, a pilha estava gigante. fui mal na prova e isso só piora meu humor.;0,782;0,495;0,11
1758;Tirei uma nota alta na prova difícil, estou aliviado. me senti produtivo e o trabalho fluiu bem. lavei as roupas hoje, a pilha estava gigante. durmo mal e acordo com a sensação de não ter descansado. não estou sentindo aquela pressão de antes.;0,21;0,206;0,231
1759;Choveu o dia todo, não consegui sair para a rua. não consigo parar de pensar no prazo final. tirei uma nota alta na prova difícil, estou aliviado. sinto que o tempo está correndo e eu estou ficando para trás. as preocupações de ontem diminuíram hoje. consegui ter um bom tempo de descanso hoje.;0,427;0,247;0,157
1760;Não estou sentindo aquela pressão de antes. tirei uma nota alta na prova difícil, estou aliviado. organizei minha rotina e a exaustão diminuiu. comi uma coisa nova no ru, estava razoável.;0,153;0,129;0,269
1761;Tirei uma nota alta na prova difícil, estou aliviado. não estou sentindo aquela pressão de antes. o esforço valeu a pena, senti-me competente. lavei as roupas hoje, a pilha estava gigante.;0,127;0,166;0,174
1762;Não vejo sentido em continuar tentando. o trânsito estava horrível, cheguei atrasado na primeira aula. estou animado com o novo tópico da matéria. sinto que sou um fardo para minha família e amigos.;0,547;0,276;0,328
1763;O trânsito estava horrível, cheguei atrasado na primeira aula. estou animado com o novo tópico da matéria. não estou sentindo aquela pressão de antes. o esforço valeu a pena, senti-me competente.;0,347;0,111;0,216
1764;Organizei minha rotina e a exaustão diminuiu. as coisas parecem sob controle. o tcc está travado, não consigo escrever uma linha coerente. o trânsito estava horrível, cheguei atrasado na primeira aula.;0,432;0,134;0,278
1765;É um esforço enorme levantar da cama. tenho acumulado muitas faltas, a recuperação será difícil. comi uma coisa nova no ru, estava razoável. não vejo sentido em continuar tentando.;0,363;0,355;0,414
1766;O trânsito estava horrível, cheguei atrasado na primeira aula. as coisas parecem sob controle. tirei uma nota alta na prova difícil, estou aliviado. me senti produtivo e o trabalho fluiu bem.;0,342;0,09;0,14
1767;Não sinto mais prazer nas coisas que gostava. o trânsito estava horrível, cheguei atrasado na primeira aula. minhas notas refletem meu desinteresse.;0,266;0,402;0,602
1768;Não estou sentindo aquela pressão de antes. consegui ter um bom tempo de descanso hoje. estou animado com o novo tópico da matéria. choveu o dia todo, não consegui sair para a rua.;0,261;0,233;0,112
1769;Tenho acumulado muitas faltas, a recuperação será difícil. estou exausto. o corpo dói e a mente está lenta. lavei as roupas hoje, a pilha estava gigante.;0,475;0,406;0,308
1770;Consegui ter um bom tempo de descanso hoje. consegui me organizar bem para a prova. choveu o dia todo, não consegui sair para a rua. minhas notas vieram boas, o esforço valeu a pena!.;0,207;0,18;0,141
1771;O trânsito estava horrível, cheguei atrasado na primeira aula. estou com medo de ser reprovado em duas matérias. tudo parece cinzento e sem cor. estou sempre preocupado com o que pode dar errado. não vejo sentido em continuar tentando.;0,742;0,357;0,212
1772;Minha cabeça não desliga, repasso tudo mil vezes antes de dormir. tenho tido ataques de pânico leves no meio da noite. comi uma coisa nova no ru, estava razoável. estou animado com o novo tópico da matéria. as preocupações de ontem diminuíram hoje. sinto que o tempo está correndo e eu estou ficando para trás. consegui ter um bom tempo de descanso hoje.;0,541;0,226;0,153
1773;As preocupações de ontem diminuíram hoje. consegui ter um bom tempo de descanso hoje. estou animado com o novo tópico da matéria. o trânsito estava horrível, cheguei atrasado na primeira aula.;0,349;0,126;0,128
1774;Consegui ter um bom tempo de descanso hoje. estou sempre preocupado com o que pode dar errado. sinto que o tempo está correndo e eu estou ficando para trás. choveu o dia todo, não consegui sair para a rua. as coisas parecem sob controle. minhas notas vieram boas, o esforço valeu a pena!.;0,365;0,259;0,14
1775;A solidão bateu forte hoje, mesmo estando rodeado de gente. lavei as roupas hoje, a pilha estava gigante. não sinto mais prazer nas coisas que gostava. estou com medo de ser reprovado em duas matérias.;0,319;0,668;0,178
1776;Choveu o dia todo, não consegui sair para a rua. meu estômago está revirado só de pensar na próxima apresentação. tirei uma nota alta na prova difícil, estou aliviado. não consigo parar de pensar no prazo final. tenho tido ataques de pânico leves no meio da noite. as coisas parecem sob controle. o esforço valeu a pena, senti-me competente.;0,531;0,217;0,079
1777;Estou sempre preocupado com o que pode dar errado. tudo parece cinzento e sem cor. fui mal na prova e isso só piora meu humor. lavei as roupas hoje, a pilha estava gigante. a solidão bateu forte hoje, mesmo estando rodeado de gente.;0,616;0,597;0,115
1778;Tudo parece cinzento e sem cor. a solidão bateu forte hoje, mesmo estando rodeado de gente. minhas notas vieram boas, o esforço valeu a pena!. choveu o dia todo, não consegui sair para a rua.;0,273;0,545;0,257
1779;Tenho tido ataques de pânico leves no meio da noite. estou sempre preocupado com o que pode dar errado. comi uma coisa nova no ru, estava razoável. tirei uma nota alta na prova difícil, estou aliviado. não sinto mais prazer nas coisas que gostava.;0,688;0,408;0,103
1780;Quero largar tudo e sumir para ter paz mental. fui mal na prova e isso só piora meu humor. choveu o dia todo, não consegui sair para a rua. não vejo sentido em continuar tentando. tudo parece cinzento e sem cor.;0,509;0,593;0,25
1781;Comi uma coisa nova no ru, estava razoável. minhas notas refletem meu desinteresse. a solidão bateu forte hoje, mesmo estando rodeado de gente. sinto que sou um fardo para minha família e amigos.;0,227;0,514;0,322
1782;Estou animado com o novo tópico da matéria. choveu o dia todo, não consegui sair para a rua. tenho tido ataques de pânico leves no meio da noite. sinto que o tempo está correndo e eu estou ficando para trás. estou sempre preocupado com o que pode dar errado.;0,833;0,372;0,052
1783;Meu estômago está revirado só de pensar na próxima apresentação. estou com medo de ser reprovado em duas matérias. lavei as roupas hoje, a pilha estava gigante. não consigo parar de pensar no prazo final.;0,729;0,154;0,152
1784;O tcc está travado, não consigo escrever uma linha coerente. o trânsito estava horrível, cheguei atrasado na primeira aula. durmo mal e acordo com a sensação de não ter descansado. tudo parece cinzento e sem cor.;0,543;0,298;0,296
1785;Meu estômago está revirado só de pensar na próxima apresentação. o tcc está travado, não consigo escrever uma linha coerente. tenho tido ataques de pânico leves no meio da noite. é um esforço enorme levantar da cama. choveu o dia todo, não consegui sair para a rua.;0,847;0,301;0,124
1786;Não sinto mais prazer nas coisas que gostava. minhas notas vieram boas, o esforço valeu a pena!. sinto que sou um fardo para minha família e amigos. comi uma coisa nova no ru, estava razoável.;0,165;0,375;0,546
1787;O trânsito estava horrível, cheguei atrasado na primeira aula. consegui avançar muito no projeto de pesquisa. sinto um cinismo e irritação com todo mundo da faculdade. o esforço valeu a pena, senti-me competente. as coisas parecem sob controle.;0,315;0,198;0,271
1788;Fui mal na prova e isso só piora meu humor. minha cabeça não desliga, repasso tudo mil vezes antes de dormir. choveu o dia todo, não consegui sair para a rua. a faculdade virou uma tortura, o trabalho nunca acaba.;0,607;0,508;0,356
1789;Não sinto mais prazer nas coisas que gostava. o trânsito estava horrível, cheguei atrasado na primeira aula. sinto que o tempo está correndo e eu estou ficando para trás. estou com medo de ser reprovado em duas matérias. sinto que sou um fardo para minha família e amigos.;0,44;0,466;0,477
1790;Não sinto mais prazer nas coisas que gostava. a solidão bateu forte hoje, mesmo estando rodeado de gente. estou com medo de ser reprovado em duas matérias. o trânsito estava horrível, cheguei atrasado na primeira aula.;0,321;0,524;0,341
1791;Comi uma coisa nova no ru, estava razoável. minha cabeça não desliga, repasso tudo mil vezes antes de dormir. minhas notas vieram boas, o esforço valeu a pena!. sinto que sou um fardo para minha família e amigos. sinto que o tempo está correndo e eu estou ficando para trás. não consigo parar de pensar no prazo final.;0,529;0,278;0,305
1792;O esforço valeu a pena, senti-me competente. não estou sentindo aquela pressão de antes. lavei as roupas hoje, a pilha estava gigante. a faculdade virou uma tortura, o trabalho nunca acaba. estou animado com o novo tópico da matéria.;0,17;0,111;0,244
1793;Comi uma coisa nova no ru, estava razoável. minha cabeça não desliga, repasso tudo mil vezes antes de dormir. meu estômago está revirado só de pensar na próxima apresentação. estou desorientado e não consigo manter o foco em nada. consegui avançar muito no projeto de pesquisa. a faculdade virou uma tortura, o trabalho nunca acaba.;0,476;0,186;0,318
1794;A solidão bateu forte hoje, mesmo estando rodeado de gente. lavei as roupas hoje, a pilha estava gigante. sinto um cinismo e irritação com todo mundo da faculdade. estou com medo de ser reprovado em duas matérias.;0,347;0,579;0,283
1795;Choveu o dia todo, não consegui sair para a rua. é um esforço enorme levantar da cama. minha cabeça não desliga, repasso tudo mil vezes antes de dormir. não sinto mais prazer nas coisas que gostava. tenho acumulado muitas faltas, a recuperação será difícil. sinto que o tempo está correndo e eu estou ficando para trás.;0,529;0,519;0,209
1796;O trânsito estava horrível, cheguei atrasado na primeira aula. fui mal na prova e isso só piora meu humor. tudo parece cinzento e sem cor.;0,585;0,431;0,243
1797;Sinto um cinismo e irritação com todo mundo da faculdade. não estou sentindo aquela pressão de antes. estou desorientado e não consigo manter o foco em nada. consegui ter um bom tempo de descanso hoje. estou animado com o novo tópico da matéria. comi uma coisa nova no ru, estava razoável.;0,231;0,169;0,466
1798;Consegui ter um bom tempo de descanso hoje. as coisas parecem sob controle. quero largar tudo e sumir para ter paz mental. comi uma coisa nova no ru, estava razoável. consegui avançar muito no projeto de pesquisa.;0,254;0,212;0,254
1799;Fui mal na prova e isso só piora meu humor. sinto que sou um fardo para minha família e amigos. comi uma coisa nova no ru, estava razoável. não vejo sentido em continuar tentando.;0,342;0,436;0,487
1800;Lavei as roupas hoje, a pilha estava gigante. minhas notas vieram boas, o esforço valeu a pena!. é um esforço enorme levantar da cama.;0,187;0,249;0,18
1801;Comi uma coisa nova no ru, estava razoável. é um esforço enorme levantar da cama. tenho acumulado muitas faltas, a recuperação será difícil.;0,284;0,249;0,307
1802;Não consigo parar de pensar no prazo final. choveu o dia todo, não consegui sair para a rua. estou animado com o novo tópico da matéria.;0,629;0,157;0,101
1803;Choveu o dia todo, não consegui sair para a rua. a solidão bateu forte hoje, mesmo estando rodeado de gente. minhas notas refletem meu desinteresse.;0,479;0,595;0,233
1804;Tenho acumulado muitas faltas, a recuperação será difícil. lavei as roupas hoje, a pilha estava gigante. tudo parece cinzento e sem cor.;0,332;0,483;0,234
1805;Tenho acumulado muitas faltas, a recuperação será difícil. tudo parece cinzento e sem cor. o trânsito estava horrível, cheguei atrasado na primeira aula. é um esforço enorme levantar da cama.;0,571;0,385;0,246
1806;Não sinto mais prazer nas coisas que gostava. choveu o dia todo, não consegui sair para a rua. fui mal na prova e isso só piora meu humor.;0,411;0,635;0,295
1807;Meu estômago está revirado só de pensar na próxima apresentação. não vejo sentido em continuar tentando. é um esforço enorme levantar da cama. o trânsito estava horrível, cheguei atrasado na primeira aula. tenho tido ataques de pânico leves no meio da noite. tenho acumulado muitas faltas, a recuperação será difícil. não consigo parar de pensar no prazo final.;0,798;0,293;0,236
1808;Não vejo sentido em continuar tentando. choveu o dia todo, não consegui sair para a rua. o tcc está travado, não consigo escrever uma linha coerente. a faculdade virou uma tortura, o trabalho nunca acaba. durmo mal e acordo com a sensação de não ter descansado. é um esforço enorme levantar da cama.;0,543;0,467;0,436
1809;Lavei as roupas hoje, a pilha estava gigante. tenho tido ataques de pânico leves no meio da noite. tudo parece cinzento e sem cor. estou sempre preocupado com o que pode dar errado. o tcc está travado, não consigo escrever uma linha coerente.;0,63;0,41;0,137
1810;A solidão bateu forte hoje, mesmo estando rodeado de gente. choveu o dia todo, não consegui sair para a rua. tenho tido ataques de pânico leves no meio da noite. estou com medo de ser reprovado em duas matérias. minha cabeça não desliga, repasso tudo mil vezes antes de dormir.;0,623;0,681;0,108
1811;Lavei as roupas hoje, a pilha estava gigante. consegui avançar muito no projeto de pesquisa. organizei minha rotina e a exaustão diminuiu. as preocupações de ontem diminuíram hoje.;0,14;0,164;0,231
1812;Consegui me organizar bem para a prova. comi uma coisa nova no ru, estava razoável. minhas notas vieram boas, o esforço valeu a pena!. organizei minha rotina e a exaustão diminuiu.;0,179;0,109;0,157
1813;As coisas parecem sob controle. lavei as roupas hoje, a pilha estava gigante. consegui ter um bom tempo de descanso hoje. tirei uma nota alta na prova difícil, estou aliviado.;0,18;0,163;0,14
1814;Consegui ter um bom tempo de descanso hoje. não estou sentindo aquela pressão de antes. o trânsito estava horrível, cheguei atrasado na primeira aula. consegui avançar muito no projeto de pesquisa.;0,185;0,12;0,157
1815;Tenho acumulado muitas faltas, a recuperação será difícil. choveu o dia todo, não consegui sair para a rua.;0,567;0,496;0,156
1816;Meu estômago está revirado só de pensar na próxima apresentação. comi uma coisa nova no ru, estava razoável. tenho tido ataques de pânico leves no meio da noite. tirei uma nota alta na prova difícil, estou aliviado. sinto que o tempo está correndo e eu estou ficando para trás. quero largar tudo e sumir para ter paz mental. não sinto mais prazer nas coisas que gostava.;0,594;0,216;0,187
1817;Sinto um cinismo e irritação com todo mundo da faculdade. estou animado com o novo tópico da matéria. não estou sentindo aquela pressão de antes. organizei minha rotina e a exaustão diminuiu. choveu o dia todo, não consegui sair para a rua.;0,294;0,183;0,371
1818;Comi uma coisa nova no ru, estava razoável. consegui avançar muito no projeto de pesquisa. tudo parece cinzento e sem cor. não sinto mais prazer nas coisas que gostava.;0,137;0,244;0,313
1819;Organizei minha rotina e a exaustão diminuiu. consegui avançar muito no projeto de pesquisa. as preocupações de ontem diminuíram hoje. comi uma coisa nova no ru, estava razoável.;0,19;0,161;0,308
1820;Tudo parece cinzento e sem cor. tenho tido ataques de pânico leves no meio da noite. choveu o dia todo, não consegui sair para a rua. tirei uma nota alta na prova difícil, estou aliviado. minha cabeça não desliga, repasso tudo mil vezes antes de dormir.;0,567;0,409;0,129
1821;Estou animado com o novo tópico da matéria. não vejo sentido em continuar tentando. meu estômago está revirado só de pensar na próxima apresentação. choveu o dia todo, não consegui sair para a rua.;0,501;0,183;0,182
1822;Tenho tido ataques de pânico leves no meio da noite. o tcc está travado, não consigo escrever uma linha coerente. choveu o dia todo, não consegui sair para a rua. sinto que o tempo está correndo e eu estou ficando para trás. meu estômago está revirado só de pensar na próxima apresentação.;0,835;0,372;0,085
1823;Lavei as roupas hoje, a pilha estava gigante. o tcc está travado, não consigo escrever uma linha coerente. não vejo sentido em continuar tentando. é um esforço enorme levantar da cama.;0,397;0,46;0,293
1824;Choveu o dia todo, não consegui sair para a rua. minha cabeça não desliga, repasso tudo mil vezes antes de dormir. o tcc está travado, não consigo escrever uma linha coerente. tenho tido ataques de pânico leves no meio da noite.;0,705;0,419;0,16
1825;Choveu o dia todo, não consegui sair para a rua. estou com medo de ser reprovado em duas matérias. estou sempre preocupado com o que pode dar errado. sinto que o tempo está correndo e eu estou ficando para trás. a solidão bateu forte hoje, mesmo estando rodeado de gente. não consigo parar de pensar no prazo final.;0,724;0,534;0,101
1826;Minhas notas vieram boas, o esforço valeu a pena!. as coisas parecem sob controle. o trânsito estava horrível, cheguei atrasado na primeira aula. me senti produtivo e o trabalho fluiu bem.;0,175;0,101;0,164
1827;Sinto que sou um fardo para minha família e amigos. fui mal na prova e isso só piora meu humor. lavei as roupas hoje, a pilha estava gigante.;0,411;0,547;0,276
1828;A solidão bateu forte hoje, mesmo estando rodeado de gente. estou com medo de ser reprovado em duas matérias. choveu o dia todo, não consegui sair para a rua.;0,499;0,684;0,117
1829;Lavei as roupas hoje, a pilha estava gigante. minha cabeça não desliga, repasso tudo mil vezes antes de dormir. fui mal na prova e isso só piora meu humor. meu estômago está revirado só de pensar na próxima apresentação.;0,562;0,31;0,272
1830;Não sinto mais prazer nas coisas que gostava. estou animado com o novo tópico da matéria. sinto um cinismo e irritação com todo mundo da faculdade. comi uma coisa nova no ru, estava razoável.;0,172;0,278;0,562
1831;Fui mal na prova e isso só piora meu humor. consegui ter um bom tempo de descanso hoje. o trânsito estava horrível, cheguei atrasado na primeira aula. consegui me organizar bem para a prova.;0,401;0,254;0,22
1832;Não sinto mais prazer nas coisas que gostava. comi uma coisa nova no ru, estava razoável. minhas notas vieram boas, o esforço valeu a pena!.;0,078;0,176;0,399
1833;Fui mal na prova e isso só piora meu humor. sinto que sou um fardo para minha família e amigos. comi uma coisa nova no ru, estava razoável.;0,401;0,377;0,376
1834;Não vejo sentido em continuar tentando. durmo mal e acordo com a sensação de não ter descansado. estou exausto. o corpo dói e a mente está lenta. a solidão bateu forte hoje, mesmo estando rodeado de gente. tenho acumulado muitas faltas, a recuperação será difícil. o trânsito estava horrível, cheguei atrasado na primeira aula.;0,439;0,569;0,443
1835;Minhas notas vieram boas, o esforço valeu a pena!. consegui me organizar bem para a prova. comi uma coisa nova no ru, estava razoável. consegui ter um bom tempo de descanso hoje. estou desorientado e não consigo manter o foco em nada. estou exausto. o corpo dói e a mente está lenta.;0,368;0,195;0,254
1836;O tcc está travado, não consigo escrever uma linha coerente. é um esforço enorme levantar da cama. choveu o dia todo, não consegui sair para a rua. não vejo sentido em continuar tentando.;0,486;0,462;0,299
1837;Tudo parece cinzento e sem cor. consegui avançar muito no projeto de pesquisa. não sinto mais prazer nas coisas que gostava. choveu o dia todo, não consegui sair para a rua.;0,317;0,43;0,252
1838;Tenho tido ataques de pânico leves no meio da noite. sinto que o tempo está correndo e eu estou ficando para trás. as coisas parecem sob controle. consegui avançar muito no projeto de pesquisa. comi uma coisa nova no ru, estava razoável. o esforço valeu a pena, senti-me competente.;0,455;0,158;0,127
1839;Minha cabeça não desliga, repasso tudo mil vezes antes de dormir. não sinto mais prazer nas coisas que gostava. não vejo sentido em continuar tentando. choveu o dia todo, não consegui sair para a rua. estou com medo de ser reprovado em duas matérias.;0,575;0,509;0,268
1840;As preocupações de ontem diminuíram hoje. choveu o dia todo, não consegui sair para a rua. consegui ter um bom tempo de descanso hoje. minhas notas vieram boas, o esforço valeu a pena!.;0,255;0,201;0,135
1841;O trânsito estava horrível, cheguei atrasado na primeira aula. estou desorientado e não consigo manter o foco em nada. não sinto mais prazer nas coisas que gostava. estou exausto. o corpo dói e a mente está lenta. é um esforço enorme levantar da cama. minhas notas refletem meu desinteresse.;0,604;0,344;0,342
1842;Tenho tido ataques de pânico leves no meio da noite. tudo parece cinzento e sem cor. sinto que o tempo está correndo e eu estou ficando para trás. minha cabeça não desliga, repasso tudo mil vezes antes de dormir. o trânsito estava horrível, cheguei atrasado na primeira aula. a solidão bateu forte hoje, mesmo estando rodeado de gente. tenho acumulado muitas faltas, a recuperação será difícil.;0,695;0,528;0,167
1843;Estou desorientado e não consigo manter o foco em nada. quero largar tudo e sumir para ter paz mental. consegui ter um bom tempo de descanso hoje. lavei as roupas hoje, a pilha estava gigante. consegui avançar muito no projeto de pesquisa. consegui me organizar bem para a prova.;0,434;0,367;0,26
1844;Lavei as roupas hoje, a pilha estava gigante. tirei uma nota alta na prova difícil, estou aliviado. não sinto mais prazer nas coisas que gostava. tudo parece cinzento e sem cor.;0,193;0,301;0,287
1845;A solidão bateu forte hoje, mesmo estando rodeado de gente. estou exausto. o corpo dói e a mente está lenta. não sinto mais prazer nas coisas que gostava. lavei as roupas hoje, a pilha estava gigante. minhas notas refletem meu desinteresse. durmo mal e acordo com a sensação de não ter descansado.;0,334;0,689;0,274
1846;As coisas parecem sob controle. minhas notas vieram boas, o esforço valeu a pena!. choveu o dia todo, não consegui sair para a rua. consegui ter um bom tempo de descanso hoje.;0,268;0,212;0,154
1847;Consegui avançar muito no projeto de pesquisa. o esforço valeu a pena, senti-me competente. as coisas parecem sob controle. lavei as roupas hoje, a pilha estava gigante.;0,132;0,108;0,174
1848;As coisas parecem sob controle. não consigo parar de pensar no prazo final. organizei minha rotina e a exaustão diminuiu. o trânsito estava horrível, cheguei atrasado na primeira aula. tirei uma nota alta na prova difícil, estou aliviado. meu estômago está revirado só de pensar na próxima apresentação. tenho tido ataques de pânico leves no meio da noite.;0,658;0,152;0,122
1849;Choveu o dia todo, não consegui sair para a rua. fui mal na prova e isso só piora meu humor. estou sempre preocupado com o que pode dar errado.;0,723;0,554;0,096
1850;Sinto que o tempo está correndo e eu estou ficando para trás. estou animado com o novo tópico da matéria. choveu o dia todo, não consegui sair para a rua. organizei minha rotina e a exaustão diminuiu. as coisas parecem sob controle.;0,411;0,232;0,178
1851;Meu estômago está revirado só de pensar na próxima apresentação. é um esforço enorme levantar da cama. minha cabeça não desliga, repasso tudo mil vezes antes de dormir. estou sempre preocupado com o que pode dar errado. estou animado com o novo tópico da matéria. o trânsito estava horrível, cheguei atrasado na primeira aula.;0,758;0,164;0,178
1852;Consegui me organizar bem para a prova. estou exausto. o corpo dói e a mente está lenta. lavei as roupas hoje, a pilha estava gigante. consegui avançar muito no projeto de pesquisa. organizei minha rotina e a exaustão diminuiu. estou desorientado e não consigo manter o foco em nada.;0,4;0,254;0,305
1853;Minha cabeça não desliga, repasso tudo mil vezes antes de dormir. as coisas parecem sob controle. consegui avançar muito no projeto de pesquisa. o esforço valeu a pena, senti-me competente. comi uma coisa nova no ru, estava razoável.;0,226;0,129;0,207
1854;Comi uma coisa nova no ru, estava razoável. não sinto mais prazer nas coisas que gostava. durmo mal e acordo com a sensação de não ter descansado. estou com medo de ser reprovado em duas matérias.;0,409;0,346;0,306
1855;Consegui me organizar bem para a prova. comi uma coisa nova no ru, estava razoável. estou animado com o novo tópico da matéria. o esforço valeu a pena, senti-me competente. tenho tido ataques de pânico leves no meio da noite.;0,338;0,072;0,108
1856;Durmo mal e acordo com a sensação de não ter descansado. tirei uma nota alta na prova difícil, estou aliviado. me senti produtivo e o trabalho fluiu bem. choveu o dia todo, não consegui sair para a rua. não estou sentindo aquela pressão de antes. estou desorientado e não consigo manter o foco em nada.;0,486;0,367;0,301
1857;Não vejo sentido em continuar tentando. tirei uma nota alta na prova difícil, estou aliviado. comi uma coisa nova no ru, estava razoável.;0,125;0,151;0,395
1858;Meu estômago está revirado só de pensar na próxima apresentação. estou sempre preocupado com o que pode dar errado. tenho acumulado muitas faltas, a recuperação será difícil. comi uma coisa nova no ru, estava razoável.;0,749;0,23;0,145
1859;Comi uma coisa nova no ru, estava razoável. sinto que sou um fardo para minha família e amigos. tenho tido ataques de pânico leves no meio da noite. não consigo parar de pensar no prazo final. o tcc está travado, não consigo escrever uma linha coerente. tudo parece cinzento e sem cor. meu estômago está revirado só de pensar na próxima apresentação.;0,646;0,192;0,201
1860;Minhas notas refletem meu desinteresse. o trânsito estava horrível, cheguei atrasado na primeira aula. tudo parece cinzento e sem cor. sinto que sou um fardo para minha família e amigos.;0,392;0,574;0,447
1861;Choveu o dia todo, não consegui sair para a rua. o tcc está travado, não consigo escrever uma linha coerente. não vejo sentido em continuar tentando.;0,513;0,498;0,254
1862;Comi uma coisa nova no ru, estava razoável. sinto que sou um fardo para minha família e amigos. tudo parece cinzento e sem cor. estou animado com o novo tópico da matéria.;0,263;0,24;0,181
1863;Tirei uma nota alta na prova difícil, estou aliviado. as coisas parecem sob controle. choveu o dia todo, não consegui sair para a rua. durmo mal e acordo com a sensação de não ter descansado. consegui ter um bom tempo de descanso hoje. estou exausto. o corpo dói e a mente está lenta.;0,451;0,283;0,19
1864;Tenho acumulado muitas faltas, a recuperação será difícil. choveu o dia todo, não consegui sair para a rua. sinto que o tempo está correndo e eu estou ficando para trás. não sinto mais prazer nas coisas que gostava.;0,388;0,516;0,27
1865;Lavei as roupas hoje, a pilha estava gigante. não consigo parar de pensar no prazo final. minhas notas refletem meu desinteresse.;0,448;0,236;0,315
1866;O esforço valeu a pena, senti-me competente. tirei uma nota alta na prova difícil, estou aliviado. o trânsito estava horrível, cheguei atrasado na primeira aula. não estou sentindo aquela pressão de antes.;0,146;0,113;0,169
1867;Meu estômago está revirado só de pensar na próxima apresentação. o trânsito estava horrível, cheguei atrasado na primeira aula. fui mal na prova e isso só piora meu humor.;0,711;0,303;0,248
1868;A solidão bateu forte hoje, mesmo estando rodeado de gente. lavei as roupas hoje, a pilha estava gigante. minhas notas refletem meu desinteresse.;0,276;0,552;0,27
1869;Minhas notas vieram boas, o esforço valeu a pena!. consegui ter um bom tempo de descanso hoje. as preocupações de ontem diminuíram hoje. estou sempre preocupado com o que pode dar errado. choveu o dia todo, não consegui sair para a rua.;0,403;0,271;0,126
1870;Não estou sentindo aquela pressão de antes. consegui ter um bom tempo de descanso hoje. tenho acumulado muitas faltas, a recuperação será difícil. choveu o dia todo, não consegui sair para a rua.;0,311;0,344;0,161
1871;Não estou sentindo aquela pressão de antes. o trânsito estava horrível, cheguei atrasado na primeira aula. organizei minha rotina e a exaustão diminuiu. consegui avançar muito no projeto de pesquisa.;0,222;0,164;0,304
1872;O esforço valeu a pena, senti-me competente. quero largar tudo e sumir para ter paz mental. sinto um cinismo e irritação com todo mundo da faculdade. comi uma coisa nova no ru, estava razoável. minhas notas vieram boas, o esforço valeu a pena!. não estou sentindo aquela pressão de antes.;0,129;0,194;0,35
1873;Choveu o dia todo, não consegui sair para a rua. minhas notas refletem meu desinteresse. a faculdade virou uma tortura, o trabalho nunca acaba. não sinto mais prazer nas coisas que gostava. tudo parece cinzento e sem cor.;0,403;0,532;0,386
1874;Estou animado com o novo tópico da matéria. o trânsito estava horrível, cheguei atrasado na primeira aula. o esforço valeu a pena, senti-me competente. as coisas parecem sob controle.;0,374;0,068;0,127
1875;Meu estômago está revirado só de pensar na próxima apresentação. sinto que o tempo está correndo e eu estou ficando para trás. tenho acumulado muitas faltas, a recuperação será difícil. o trânsito estava horrível, cheguei atrasado na primeira aula.;0,668;0,199;0,287
1876;O trânsito estava horrível, cheguei atrasado na primeira aula. consegui me organizar bem para a prova. organizei minha rotina e a exaustão diminuiu. minhas notas vieram boas, o esforço valeu a pena!.;0,333;0,13;0,161
1877;Choveu o dia todo, não consegui sair para a rua. consegui ter um bom tempo de descanso hoje. não estou sentindo aquela pressão de antes. estou animado com o novo tópico da matéria.;0,286;0,221;0,097
1878;Choveu o dia todo, não consegui sair para a rua. não vejo sentido em continuar tentando. tudo parece cinzento e sem cor. tenho acumulado muitas faltas, a recuperação será difícil.;0,514;0,554;0,186
1879;Estou com medo de ser reprovado em duas matérias. sinto um cinismo e irritação com todo mundo da faculdade. comi uma coisa nova no ru, estava razoável. tudo parece cinzento e sem cor. a faculdade virou uma tortura, o trabalho nunca acaba.;0,512;0,253;0,369
1880;As preocupações de ontem diminuíram hoje. organizei minha rotina e a exaustão diminuiu. tirei uma nota alta na prova difícil, estou aliviado. não consigo parar de pensar no prazo final. o trânsito estava horrível, cheguei atrasado na primeira aula.;0,432;0,171;0,152
1881;Organizei minha rotina e a exaustão diminuiu. as preocupações de ontem diminuíram hoje. comi uma coisa nova no ru, estava razoável. consegui avançar muito no projeto de pesquisa.;0,188;0,167;0,264
1882;O trânsito estava horrível, cheguei atrasado na primeira aula. me senti produtivo e o trabalho fluiu bem. consegui me organizar bem para a prova. consegui avançar muito no projeto de pesquisa. minha cabeça não desliga, repasso tudo mil vezes antes de dormir.;0,358;0,137;0,18
1883;Choveu o dia todo, não consegui sair para a rua. organizei minha rotina e a exaustão diminuiu. sinto que o tempo está correndo e eu estou ficando para trás. tirei uma nota alta na prova difícil, estou aliviado. quero largar tudo e sumir para ter paz mental. meu estômago está revirado só de pensar na próxima apresentação. consegui me organizar bem para a prova. tenho tido ataques de pânico leves no meio da noite.;0,568;0,271;0,165
1884;As coisas parecem sob controle. consegui ter um bom tempo de descanso hoje. estou animado com o novo tópico da matéria. choveu o dia todo, não consegui sair para a rua.;0,359;0,209;0,125
1885;Tirei uma nota alta na prova difícil, estou aliviado. é um esforço enorme levantar da cama. sinto que sou um fardo para minha família e amigos. comi uma coisa nova no ru, estava razoável.;0,274;0,202;0,269
1886;O trânsito estava horrível, cheguei atrasado na primeira aula. não estou sentindo aquela pressão de antes. minha cabeça não desliga, repasso tudo mil vezes antes de dormir. consegui ter um bom tempo de descanso hoje. minhas notas vieram boas, o esforço valeu a pena!.;0,41;0,136;0,211
1887;Consegui me organizar bem para a prova. tenho acumulado muitas faltas, a recuperação será difícil. comi uma coisa nova no ru, estava razoável. consegui ter um bom tempo de descanso hoje.;0,206;0,171;0,195
1888;Minha cabeça não desliga, repasso tudo mil vezes antes de dormir. tenho tido ataques de pânico leves no meio da noite. comi uma coisa nova no ru, estava razoável. sinto que o tempo está correndo e eu estou ficando para trás. fui mal na prova e isso só piora meu humor.;0,748;0,419;0,261
1889;Choveu o dia todo, não consegui sair para a rua. não sinto mais prazer nas coisas que gostava. minhas notas vieram boas, o esforço valeu a pena!. sinto que sou um fardo para minha família e amigos.;0,357;0,578;0,268
1890;Tudo parece cinzento e sem cor. comi uma coisa nova no ru, estava razoável. minhas notas refletem meu desinteresse.;0,182;0,284;0,393
1891;Estou desorientado e não consigo manter o foco em nada. minhas notas vieram boas, o esforço valeu a pena!. não sinto mais prazer nas coisas que gostava. lavei as roupas hoje, a pilha estava gigante.;0,417;0,397;0,367
1892;Minhas notas vieram boas, o esforço valeu a pena!. lavei as roupas hoje, a pilha estava gigante. organizei minha rotina e a exaustão diminuiu. não estou sentindo aquela pressão de antes. durmo mal e acordo com a sensação de não ter descansado.;0,214;0,187;0,303
1893;Minhas notas vieram boas, o esforço valeu a pena!. tenho tido ataques de pânico leves no meio da noite. sinto que sou um fardo para minha família e amigos. não vejo sentido em continuar tentando. estou sempre preocupado com o que pode dar errado. lavei as roupas hoje, a pilha estava gigante.;0,716;0,478;0,197
1894;Meu estômago está revirado só de pensar na próxima apresentação. sinto que sou um fardo para minha família e amigos. o trânsito estava horrível, cheguei atrasado na primeira aula. minha cabeça não desliga, repasso tudo mil vezes antes de dormir. não consigo parar de pensar no prazo final. minhas notas refletem meu desinteresse.;0,744;0,268;0,275
1895;Comi uma coisa nova no ru, estava razoável. fui mal na prova e isso só piora meu humor. quero largar tudo e sumir para ter paz mental. sinto um cinismo e irritação com todo mundo da faculdade. sinto que sou um fardo para minha família e amigos. não vejo sentido em continuar tentando.;0,322;0,404;0,508
1896;A solidão bateu forte hoje, mesmo estando rodeado de gente. o tcc está travado, não consigo escrever uma linha coerente. o trânsito estava horrível, cheguei atrasado na primeira aula. sinto que sou um fardo para minha família e amigos.;0,427;0,688;0,229
1897;Sinto que sou um fardo para minha família e amigos. minha cabeça não desliga, repasso tudo mil vezes antes de dormir. o tcc está travado, não consigo escrever uma linha coerente. o trânsito estava horrível, cheguei atrasado na primeira aula. tenho tido ataques de pânico leves no meio da noite. sinto que o tempo está correndo e eu estou ficando para trás.;0,774;0,471;0,283
1898;Consegui ter um bom tempo de descanso hoje. o trânsito estava horrível, cheguei atrasado na primeira aula. fui mal na prova e isso só piora meu humor. as preocupações de ontem diminuíram hoje.;0,283;0,174;0,216
1899;Sinto que sou um fardo para minha família e amigos. lavei as roupas hoje, a pilha estava gigante. a solidão bateu forte hoje, mesmo estando rodeado de gente. o tcc está travado, não consigo escrever uma linha coerente.;0,373;0,648;0,215
1900;Não estou sentindo aquela pressão de antes. me senti produtivo e o trabalho fluiu bem. comi uma coisa nova no ru, estava razoável. estou animado com o novo tópico da matéria. estou exausto. o corpo dói e a mente está lenta.;0,265;0,207;0,369
1901;Choveu o dia todo, não consegui sair para a rua. é um esforço enorme levantar da cama. minha cabeça não desliga, repasso tudo mil vezes antes de dormir. tenho acumulado muitas faltas, a recuperação será difícil. meu estômago está revirado só de pensar na próxima apresentação.;0,616;0,372;0,166
1902;Estou exausto. o corpo dói e a mente está lenta. consegui me organizar bem para a prova. me senti produtivo e o trabalho fluiu bem. quero largar tudo e sumir para ter paz mental. comi uma coisa nova no ru, estava razoável. tirei uma nota alta na prova difícil, estou aliviado.;0,347;0,209;0,393
1903;O trânsito estava horrível, cheguei atrasado na primeira aula. tudo parece cinzento e sem cor. fui mal na prova e isso só piora meu humor.;0,574;0,378;0,219
1904;O trânsito estava horrível, cheguei atrasado na primeira aula. consegui avançar muito no projeto de pesquisa. sinto que o tempo está correndo e eu estou ficando para trás. a solidão bateu forte hoje, mesmo estando rodeado de gente.;0,37;0,407;0,295
1905;Fui mal na prova e isso só piora meu humor. choveu o dia todo, não consegui sair para a rua. tenho tido ataques de pânico leves no meio da noite. não consigo parar de pensar no prazo final.;0,819;0,432;0,132
1906;É um esforço enorme levantar da cama. lavei as roupas hoje, a pilha estava gigante. tirei uma nota alta na prova difícil, estou aliviado. não sinto mais prazer nas coisas que gostava.;0,275;0,314;0,353
1907;Estou exausto. o corpo dói e a mente está lenta. consegui avançar muito no projeto de pesquisa. o trânsito estava horrível, cheguei atrasado na primeira aula. as preocupações de ontem diminuíram hoje. me senti produtivo e o trabalho fluiu bem.;0,355;0,153;0,434
1908;O tcc está travado, não consigo escrever uma linha coerente. estou sempre preocupado com o que pode dar errado. minha cabeça não desliga, repasso tudo mil vezes antes de dormir. tudo parece cinzento e sem cor. o trânsito estava horrível, cheguei atrasado na primeira aula.;0,666;0,314;0,239
1909;Comi uma coisa nova no ru, estava razoável. as coisas parecem sob controle. consegui avançar muito no projeto de pesquisa. me senti produtivo e o trabalho fluiu bem.;0,113;0,085;0,207
1910;Não vejo sentido em continuar tentando. sinto que sou um fardo para minha família e amigos. minhas notas refletem meu desinteresse. o trânsito estava horrível, cheguei atrasado na primeira aula.;0,402;0,568;0,592
1911;Durmo mal e acordo com a sensação de não ter descansado. consegui avançar muito no projeto de pesquisa. estou desorientado e não consigo manter o foco em nada. as coisas parecem sob controle. lavei as roupas hoje, a pilha estava gigante. organizei minha rotina e a exaustão diminuiu.;0,454;0,383;0,37
1912;Minha cabeça não desliga, repasso tudo mil vezes antes de dormir. meu estômago está revirado só de pensar na próxima apresentação. o trânsito estava horrível, cheguei atrasado na primeira aula. não consigo parar de pensar no prazo final. me senti produtivo e o trabalho fluiu bem. não estou sentindo aquela pressão de antes. sinto um cinismo e irritação com todo mundo da faculdade. estou animado com o novo tópico da matéria.;0,699;0,146;0,385
1913;Minhas notas vieram boas, o esforço valeu a pena!. o trânsito estava horrível, cheguei atrasado na primeira aula. consegui me organizar bem para a prova. o esforço valeu a pena, senti-me competente.;0,2;0,153;0,173
1914;Minha cabeça não desliga, repasso tudo mil vezes antes de dormir. tirei uma nota alta na prova difícil, estou aliviado. é um esforço enorme levantar da cama. choveu o dia todo, não consegui sair para a rua.;0,524;0,347;0,176
1915;Minhas notas refletem meu desinteresse. a solidão bateu forte hoje, mesmo estando rodeado de gente. o trânsito estava horrível, cheguei atrasado na primeira aula. a faculdade virou uma tortura, o trabalho nunca acaba. é um esforço enorme levantar da cama. estou desorientado e não consigo manter o foco em nada.;0,426;0,553;0,437
1916;A solidão bateu forte hoje, mesmo estando rodeado de gente. comi uma coisa nova no ru, estava razoável. tudo parece cinzento e sem cor. o tcc está travado, não consigo escrever uma linha coerente.;0,315;0,58;0,203
1917;Não consigo parar de pensar no prazo final. fui mal na prova e isso só piora meu humor. lavei as roupas hoje, a pilha estava gigante. sinto que sou um fardo para minha família e amigos. tudo parece cinzento e sem cor.;0,626;0,313;0,215
1918;Consegui me organizar bem para a prova. sinto um cinismo e irritação com todo mundo da faculdade. durmo mal e acordo com a sensação de não ter descansado. lavei as roupas hoje, a pilha estava gigante. o esforço valeu a pena, senti-me competente. consegui avançar muito no projeto de pesquisa.;0,25;0,194;0,286
1919;Me senti produtivo e o trabalho fluiu bem. estou animado com o novo tópico da matéria. não estou sentindo aquela pressão de antes. o trânsito estava horrível, cheguei atrasado na primeira aula.;0,221;0,077;0,228
1920;Organizei minha rotina e a exaustão diminuiu. o trânsito estava horrível, cheguei atrasado na primeira aula. estou animado com o novo tópico da matéria. não estou sentindo aquela pressão de antes.;0,271;0,123;0,255
1921;Não estou sentindo aquela pressão de antes. consegui avançar muito no projeto de pesquisa. choveu o dia todo, não consegui sair para a rua. me senti produtivo e o trabalho fluiu bem.;0,162;0,211;0,187
1922;Lavei as roupas hoje, a pilha estava gigante. fui mal na prova e isso só piora meu humor. sinto que sou um fardo para minha família e amigos. não sinto mais prazer nas coisas que gostava.;0,291;0,541;0,275
1923;Estou sempre preocupado com o que pode dar errado. estou animado com o novo tópico da matéria. choveu o dia todo, não consegui sair para a rua. o esforço valeu a pena, senti-me competente. meu estômago está revirado só de pensar na próxima apresentação. as coisas parecem sob controle.;0,774;0,207;0,06
1924;Tirei uma nota alta na prova difícil, estou aliviado. choveu o dia todo, não consegui sair para a rua.;0,367;0,31;0,158
1925;Choveu o dia todo, não consegui sair para a rua. minhas notas refletem meu desinteresse. é um esforço enorme levantar da cama.;0,51;0,523;0,282
1926;A solidão bateu forte hoje, mesmo estando rodeado de gente. o tcc está travado, não consigo escrever uma linha coerente. choveu o dia todo, não consegui sair para a rua.;0,42;0,684;0,158
1927;O trânsito estava horrível, cheguei atrasado na primeira aula. não vejo sentido em continuar tentando. o tcc está travado, não consigo escrever uma linha coerente. meu estômago está revirado só de pensar na próxima apresentação.;0,65;0,213;0,311
1928;Não sinto mais prazer nas coisas que gostava. comi uma coisa nova no ru, estava razoável. fui mal na prova e isso só piora meu humor.;0,285;0,467;0,542
1929;Não vejo sentido em continuar tentando. choveu o dia todo, não consegui sair para a rua. minhas notas vieram boas, o esforço valeu a pena!. sinto que sou um fardo para minha família e amigos. meu estômago está revirado só de pensar na próxima apresentação.;0,467;0,446;0,405
1930;Sinto um cinismo e irritação com todo mundo da faculdade. a solidão bateu forte hoje, mesmo estando rodeado de gente. estou desorientado e não consigo manter o foco em nada. minhas notas refletem meu desinteresse. o trânsito estava horrível, cheguei atrasado na primeira aula.;0,355;0,511;0,418
1931;Estou animado com o novo tópico da matéria. me senti produtivo e o trabalho fluiu bem. o trânsito estava horrível, cheguei atrasado na primeira aula. as preocupações de ontem diminuíram hoje.;0,267;0,082;0,156
1932;Sinto que sou um fardo para minha família e amigos. tirei uma nota alta na prova difícil, estou aliviado. o trânsito estava horrível, cheguei atrasado na primeira aula.;0,366;0,321;0,248
1933;Meu estômago está revirado só de pensar na próxima apresentação. minhas notas refletem meu desinteresse. é um esforço enorme levantar da cama. não consigo parar de pensar no prazo final. choveu o dia todo, não consegui sair para a rua.;0,712;0,226;0,248
1934;Comi uma coisa nova no ru, estava razoável. o tcc está travado, não consigo escrever uma linha coerente. não vejo sentido em continuar tentando. é um esforço enorme levantar da cama.;0,315;0,242;0,365
1935;Lavei as roupas hoje, a pilha estava gigante. não estou sentindo aquela pressão de antes. tenho acumulado muitas faltas, a recuperação será difícil. me senti produtivo e o trabalho fluiu bem.;0,2;0,288;0,186
1936;Não vejo sentido em continuar tentando. é um esforço enorme levantar da cama. fui mal na prova e isso só piora meu humor. comi uma coisa nova no ru, estava razoável.;0,331;0,456;0,591
1937;Tirei uma nota alta na prova difícil, estou aliviado. meu estômago está revirado só de pensar na próxima apresentação. lavei as roupas hoje, a pilha estava gigante. me senti produtivo e o trabalho fluiu bem. consegui me organizar bem para a prova.;0,203;0,161;0,138
1938;O tcc está travado, não consigo escrever uma linha coerente. tudo parece cinzento e sem cor. não vejo sentido em continuar tentando. lavei as roupas hoje, a pilha estava gigante.;0,321;0,391;0,328
1939;Consegui me organizar bem para a prova. o trânsito estava horrível, cheguei atrasado na primeira aula. organizei minha rotina e a exaustão diminuiu. tirei uma nota alta na prova difícil, estou aliviado.;0,233;0,144;0,125
1940;Consegui me organizar bem para a prova. consegui ter um bom tempo de descanso hoje. choveu o dia todo, não consegui sair para a rua. estou sempre preocupado com o que pode dar errado. sinto que o tempo está correndo e eu estou ficando para trás. consegui avançar muito no projeto de pesquisa.;0,519;0,225;0,138
1941;Estou animado com o novo tópico da matéria. consegui ter um bom tempo de descanso hoje. consegui me organizar bem para a prova. choveu o dia todo, não consegui sair para a rua.;0,246;0,133;0,104
1942;Tenho acumulado muitas faltas, a recuperação será difícil. o trânsito estava horrível, cheguei atrasado na primeira aula. estou sempre preocupado com o que pode dar errado.;0,766;0,367;0,151
1943;Sinto que sou um fardo para minha família e amigos. meu estômago está revirado só de pensar na próxima apresentação. estou com medo de ser reprovado em duas matérias. sinto que o tempo está correndo e eu estou ficando para trás. o trânsito estava horrível, cheguei atrasado na primeira aula. não consigo parar de pensar no prazo final.;0,777;0,256;0,26
1944;Não vejo sentido em continuar tentando. não sinto mais prazer nas coisas que gostava. minhas notas vieram boas, o esforço valeu a pena!. o trânsito estava horrível, cheguei atrasado na primeira aula.;0,243;0,405;0,593
1945;Tirei uma nota alta na prova difícil, estou aliviado. choveu o dia todo, não consegui sair para a rua. é um esforço enorme levantar da cama.;0,41;0,315;0,155
1946;Choveu o dia todo, não consegui sair para a rua. me senti produtivo e o trabalho fluiu bem. minhas notas vieram boas, o esforço valeu a pena!. as preocupações de ontem diminuíram hoje.;0,235;0,216;0,157
1947;Tenho acumulado muitas faltas, a recuperação será difícil. não vejo sentido em continuar tentando. o trânsito estava horrível, cheguei atrasado na primeira aula. tudo parece cinzento e sem cor. não consigo parar de pensar no prazo final.;0,665;0,333;0,278
1948;Tenho acumulado muitas faltas, a recuperação será difícil. tudo parece cinzento e sem cor. estou exausto. o corpo dói e a mente está lenta. durmo mal e acordo com a sensação de não ter descansado. lavei as roupas hoje, a pilha estava gigante.;0,473;0,46;0,345
1949;O trânsito estava horrível, cheguei atrasado na primeira aula. o esforço valeu a pena, senti-me competente. consegui me organizar bem para a prova. estou desorientado e não consigo manter o foco em nada. estou exausto. o corpo dói e a mente está lenta. consegui avançar muito no projeto de pesquisa.;0,544;0,202;0,285
1950;Fui mal na prova e isso só piora meu humor. choveu o dia todo, não consegui sair para a rua. estou sempre preocupado com o que pode dar errado.;0,705;0,522;0,124
1951;Tirei uma nota alta na prova difícil, estou aliviado. consegui me organizar bem para a prova. consegui ter um bom tempo de descanso hoje. lavei as roupas hoje, a pilha estava gigante.;0,158;0,153;0,123
1952;O trânsito estava horrível, cheguei atrasado na primeira aula. sinto que sou um fardo para minha família e amigos. tudo parece cinzento e sem cor. o tcc está travado, não consigo escrever uma linha coerente.;0,566;0,303;0,279
1953;O trânsito estava horrível, cheguei atrasado na primeira aula. estou sempre preocupado com o que pode dar errado. tenho tido ataques de pânico leves no meio da noite. tirei uma nota alta na prova difícil, estou aliviado. meu estômago está revirado só de pensar na próxima apresentação.;0,826;0,214;0,101
1954;O tcc está travado, não consigo escrever uma linha coerente. choveu o dia todo, não consegui sair para a rua. não estou sentindo aquela pressão de antes. minha cabeça não desliga, repasso tudo mil vezes antes de dormir. me senti produtivo e o trabalho fluiu bem.;0,486;0,292;0,288
1955;Organizei minha rotina e a exaustão diminuiu. minhas notas vieram boas, o esforço valeu a pena!. as preocupações de ontem diminuíram hoje. lavei as roupas hoje, a pilha estava gigante.;0,152;0,152;0,245
1956;O trânsito estava horrível, cheguei atrasado na primeira aula. não sinto mais prazer nas coisas que gostava. a faculdade virou uma tortura, o trabalho nunca acaba. estou desorientado e não consigo manter o foco em nada. fui mal na prova e isso só piora meu humor.;0,597;0,455;0,393
1957;Fui mal na prova e isso só piora meu humor. não vejo sentido em continuar tentando. lavei as roupas hoje, a pilha estava gigante. tenho tido ataques de pânico leves no meio da noite. a solidão bateu forte hoje, mesmo estando rodeado de gente.;0,517;0,649;0,228
1958;Tudo parece cinzento e sem cor. sinto um cinismo e irritação com todo mundo da faculdade. a faculdade virou uma tortura, o trabalho nunca acaba. fui mal na prova e isso só piora meu humor. não sinto mais prazer nas coisas que gostava. comi uma coisa nova no ru, estava razoável.;0,241;0,399;0,466
1959;Minhas notas vieram boas, o esforço valeu a pena!. estou sempre preocupado com o que pode dar errado. não estou sentindo aquela pressão de antes. comi uma coisa nova no ru, estava razoável. consegui ter um bom tempo de descanso hoje. sinto que o tempo está correndo e eu estou ficando para trás. meu estômago está revirado só de pensar na próxima apresentação.;0,385;0,141;0,23
1960;Sinto que sou um fardo para minha família e amigos. sinto um cinismo e irritação com todo mundo da faculdade. o tcc está travado, não consigo escrever uma linha coerente. comi uma coisa nova no ru, estava razoável.;0,38;0,432;0,517
1961;Quero largar tudo e sumir para ter paz mental. sinto um cinismo e irritação com todo mundo da faculdade. as preocupações de ontem diminuíram hoje. choveu o dia todo, não consegui sair para a rua. me senti produtivo e o trabalho fluiu bem. consegui avançar muito no projeto de pesquisa.;0,305;0,279;0,376
1962;Consegui me organizar bem para a prova. tirei uma nota alta na prova difícil, estou aliviado. choveu o dia todo, não consegui sair para a rua. o esforço valeu a pena, senti-me competente.;0,233;0,211;0,109
1963;O tcc está travado, não consigo escrever uma linha coerente. é um esforço enorme levantar da cama. choveu o dia todo, não consegui sair para a rua. não vejo sentido em continuar tentando.;0,486;0,462;0,299
1964;O esforço valeu a pena, senti-me competente. estou animado com o novo tópico da matéria. consegui me organizar bem para a prova. choveu o dia todo, não consegui sair para a rua.;0,262;0,093;0,113
1965;Tenho acumulado muitas faltas, a recuperação será difícil. choveu o dia todo, não consegui sair para a rua.;0,567;0,496;0,156
1966;As coisas parecem sob controle. choveu o dia todo, não consegui sair para a rua. tirei uma nota alta na prova difícil, estou aliviado. organizei minha rotina e a exaustão diminuiu.;0,342;0,266;0,168
1967;Estou com medo de ser reprovado em duas matérias. o trânsito estava horrível, cheguei atrasado na primeira aula. não vejo sentido em continuar tentando.;0,684;0,268;0,299
1968;Tudo parece cinzento e sem cor. lavei as roupas hoje, a pilha estava gigante. o tcc está travado, não consigo escrever uma linha coerente.;0,358;0,411;0,218
1969;As coisas parecem sob controle. estou animado com o novo tópico da matéria. choveu o dia todo, não consegui sair para a rua. organizei minha rotina e a exaustão diminuiu.;0,407;0,234;0,126
1970;Estou exausto. o corpo dói e a mente está lenta. quero largar tudo e sumir para ter paz mental. as preocupações de ontem diminuíram hoje. o trânsito estava horrível, cheguei atrasado na primeira aula. organizei minha rotina e a exaustão diminuiu. estou animado com o novo tópico da matéria.;0,458;0,207;0,34
1971;O trânsito estava horrível, cheguei atrasado na primeira aula. não estou sentindo aquela pressão de antes. consegui avançar muito no projeto de pesquisa. estou sempre preocupado com o que pode dar errado. não consigo parar de pensar no prazo final. minha cabeça não desliga, repasso tudo mil vezes antes de dormir. consegui ter um bom tempo de descanso hoje.;0,722;0,156;0,216
1972;Sinto que o tempo está correndo e eu estou ficando para trás. meu estômago está revirado só de pensar na próxima apresentação. tenho tido ataques de pânico leves no meio da noite. comi uma coisa nova no ru, estava razoável. consegui avançar muito no projeto de pesquisa. consegui ter um bom tempo de descanso hoje. consegui me organizar bem para a prova.;0,528;0,126;0,2
1973;As coisas parecem sob controle. estou sempre preocupado com o que pode dar errado. organizei minha rotina e a exaustão diminuiu. meu estômago está revirado só de pensar na próxima apresentação. estou animado com o novo tópico da matéria. tenho tido ataques de pânico leves no meio da noite. lavei as roupas hoje, a pilha estava gigante.;0,772;0,193;0,083
1974;Estou com medo de ser reprovado em duas matérias. quero largar tudo e sumir para ter paz mental. lavei as roupas hoje, a pilha estava gigante. a solidão bateu forte hoje, mesmo estando rodeado de gente.;0,58;0,585;0,115
1975;Não consigo parar de pensar no prazo final. não vejo sentido em continuar tentando. choveu o dia todo, não consegui sair para a rua. estou com medo de ser reprovado em duas matérias.;0,703;0,338;0,156
1976;Não vejo sentido em continuar tentando. fui mal na prova e isso só piora meu humor. choveu o dia todo, não consegui sair para a rua. meu estômago está revirado só de pensar na próxima apresentação. não sinto mais prazer nas coisas que gostava.;0,392;0,472;0,433
1977;Meu estômago está revirado só de pensar na próxima apresentação. o trânsito estava horrível, cheguei atrasado na primeira aula. não vejo sentido em continuar tentando. consegui avançar muito no projeto de pesquisa.;0,586;0,17;0,309
1978;Minhas notas refletem meu desinteresse. a solidão bateu forte hoje, mesmo estando rodeado de gente. não consigo parar de pensar no prazo final. choveu o dia todo, não consegui sair para a rua. meu estômago está revirado só de pensar na próxima apresentação. minha cabeça não desliga, repasso tudo mil vezes antes de dormir.;0,603;0,372;0,356
1979;Estou animado com o novo tópico da matéria. consegui me organizar bem para a prova. consegui ter um bom tempo de descanso hoje. estou desorientado e não consigo manter o foco em nada. comi uma coisa nova no ru, estava razoável.;0,383;0,105;0,172
1980;Meu estômago está revirado só de pensar na próxima apresentação. o tcc está travado, não consigo escrever uma linha coerente. é um esforço enorme levantar da cama. lavei as roupas hoje, a pilha estava gigante.;0,584;0,228;0,205
1981;Quero largar tudo e sumir para ter paz mental. a faculdade virou uma tortura, o trabalho nunca acaba. tirei uma nota alta na prova difícil, estou aliviado. as preocupações de ontem diminuíram hoje. lavei as roupas hoje, a pilha estava gigante. o esforço valeu a pena, senti-me competente.;0,205;0,172;0,318
1982;Tudo parece cinzento e sem cor. a solidão bateu forte hoje, mesmo estando rodeado de gente. minhas notas refletem meu desinteresse. choveu o dia todo, não consegui sair para a rua.;0,385;0,693;0,279
1983;Durmo mal e acordo com a sensação de não ter descansado. minhas notas vieram boas, o esforço valeu a pena!. lavei as roupas hoje, a pilha estava gigante. o esforço valeu a pena, senti-me competente. as preocupações de ontem diminuíram hoje.;0,212;0,214;0,295
1984;Consegui ter um bom tempo de descanso hoje. comi uma coisa nova no ru, estava razoável. consegui avançar muito no projeto de pesquisa. as coisas parecem sob controle.;0,15;0,095;0,205
1985;Consegui me organizar bem para a prova. durmo mal e acordo com a sensação de não ter descansado. estou animado com o novo tópico da matéria. sinto um cinismo e irritação com todo mundo da faculdade. o esforço valeu a pena, senti-me competente. choveu o dia todo, não consegui sair para a rua.;0,361;0,148;0,224
1986;Fui mal na prova e isso só piora meu humor. sinto que sou um fardo para minha família e amigos. comi uma coisa nova no ru, estava razoável. não sinto mais prazer nas coisas que gostava.;0,352;0,46;0,441
1987;É um esforço enorme levantar da cama. não sinto mais prazer nas coisas que gostava. tenho tido ataques de pânico leves no meio da noite. minha cabeça não desliga, repasso tudo mil vezes antes de dormir. minhas notas refletem meu desinteresse. choveu o dia todo, não consegui sair para a rua.;0,648;0,546;0,257
1988;Comi uma coisa nova no ru, estava razoável. não vejo sentido em continuar tentando. minhas notas refletem meu desinteresse.;0,189;0,242;0,494
1989;Estou com medo de ser reprovado em duas matérias. o esforço valeu a pena, senti-me competente. lavei as roupas hoje, a pilha estava gigante. sinto que o tempo está correndo e eu estou ficando para trás. as preocupações de ontem diminuíram hoje.;0,304;0,23;0,204
1990;Me senti produtivo e o trabalho fluiu bem. comi uma coisa nova no ru, estava razoável. as coisas parecem sob controle. estou animado com o novo tópico da matéria.;0,147;0,065;0,181
1991;Não estou sentindo aquela pressão de antes. estou com medo de ser reprovado em duas matérias. me senti produtivo e o trabalho fluiu bem. choveu o dia todo, não consegui sair para a rua.;0,371;0,299;0,116
1992;Comi uma coisa nova no ru, estava razoável. tenho acumulado muitas faltas, a recuperação será difícil.;0,261;0,222;0,263
1993;Consegui ter um bom tempo de descanso hoje. lavei as roupas hoje, a pilha estava gigante. minhas notas vieram boas, o esforço valeu a pena!. as preocupações de ontem diminuíram hoje.;0,135;0,136;0,145
1994;Não consigo parar de pensar no prazo final. minha cabeça não desliga, repasso tudo mil vezes antes de dormir. choveu o dia todo, não consegui sair para a rua. consegui avançar muito no projeto de pesquisa. tudo parece cinzento e sem cor. sinto que sou um fardo para minha família e amigos.;0,684;0,382;0,194
1995;Tenho tido ataques de pânico leves no meio da noite. durmo mal e acordo com a sensação de não ter descansado. estou com medo de ser reprovado em duas matérias. é um esforço enorme levantar da cama. lavei as roupas hoje, a pilha estava gigante. meu estômago está revirado só de pensar na próxima apresentação. minha cabeça não desliga, repasso tudo mil vezes antes de dormir.;0,858;0,383;0,101
1996;Consegui ter um bom tempo de descanso hoje. consegui avançar muito no projeto de pesquisa. lavei as roupas hoje, a pilha estava gigante. as preocupações de ontem diminuíram hoje.;0,112;0,134;0,175
1997;Não vejo sentido em continuar tentando. estou com medo de ser reprovado em duas matérias. sinto que sou um fardo para minha família e amigos. o trânsito estava horrível, cheguei atrasado na primeira aula.;0,597;0,393;0,363
1998;Lavei as roupas hoje, a pilha estava gigante. minhas notas vieram boas, o esforço valeu a pena!.;0,158;0,144;0,133
1999;Comi uma coisa nova no ru, estava razoável. fui mal na prova e isso só piora meu humor. quero largar tudo e sumir para ter paz mental.;0,287;0,284;0,368
2000;Estou sempre preocupado com o que pode dar errado. estou com medo de ser reprovado em duas matérias. sinto que o tempo está correndo e eu estou ficando para trás. meu estômago está revirado só de pensar na próxima apresentação. lavei as roupas hoje, a pilha estava gigante. durmo mal e acordo com a sensação de não ter descansado.;0,855;0,414;0,111
