id_texto,texto
1001,"Tenho acumulado muitas faltas, a recuperação será difícil. o trânsito estava horrível, cheguei atrasado na primeira aula. tudo parece cinzento e sem cor."
1002,"Minhas notas refletem meu desinteresse. comi uma coisa nova no ru, estava razoável."
1003,"Minhas notas vieram boas, o esforço valeu a pena!. o trânsito estava horrível, cheguei atrasado na primeira aula. tudo parece cinzento e sem cor."
1004,"Choveu o dia todo, não consegui sair para a rua. organizei minha rotina e a exaustão diminuiu. consegui avançar muito no projeto de pesquisa. as preocupações de ontem diminuíram hoje."
1005,"O trânsito estava horrível, cheguei atrasado na primeira aula. sinto que o tempo está correndo e eu estou ficando para trás. fui mal na prova e isso só piora meu humor. estou sempre preocupado com o que pode dar errado. minha cabeça não desliga, repasso tudo mil vezes antes de dormir."
1006,"Lavei as roupas hoje, a pilha estava gigante. tenho acumulado muitas faltas, a recuperação será difícil. a solidão bateu forte hoje, mesmo estando rodeado de gente."
1007,"É um esforço enorme levantar da cama. minhas notas vieram boas, o esforço valeu a pena!. lavei as roupas hoje, a pilha estava gigante."
1008,"Comi uma coisa nova no ru, estava razoável. me senti produtivo e o trabalho fluiu bem. consegui avançar muito no projeto de pesquisa. consegui me organizar bem para a prova."
1009,"Organizei minha rotina e a exaustão diminuiu. choveu o dia todo, não consegui sair para a rua. minhas notas vieram boas, o esforço valeu a pena!. as coisas parecem sob controle."
1010,"Minhas notas refletem meu desinteresse. o trânsito estava horrível, cheguei atrasado na primeira aula. meu estômago está revirado só de pensar na próxima apresentação. sinto que o tempo está correndo e eu estou ficando para trás."
1011,"Lavei as roupas hoje, a pilha estava gigante. as preocupações de ontem diminuíram hoje. o esforço valeu a pena, senti-me competente. estou animado com o novo tópico da matéria."
1012,"Tirei uma nota alta na prova difícil, estou aliviado. consegui ter um bom tempo de descanso hoje. as coisas parecem sob controle. choveu o dia todo, não consegui sair para a rua."
1013,"Tenho tido ataques de pânico leves no meio da noite. fui mal na prova e isso só piora meu humor. não vejo sentido em continuar tentando. lavei as roupas hoje, a pilha estava gigante. é um esforço enorme levantar da cama."
1014,"Estou animado com o novo tópico da matéria. me senti produtivo e o trabalho fluiu bem. as coisas parecem sob controle. choveu o dia todo, não consegui sair para a rua."
1015,"Choveu o dia todo, não consegui sair para a rua. fui mal na prova e isso só piora meu humor. sinto um cinismo e irritação com todo mundo da faculdade. não consigo parar de pensar no prazo final."
1016,"Sinto que sou um fardo para minha família e amigos. a solidão bateu forte hoje, mesmo estando rodeado de gente. comi uma coisa nova no ru, estava razoável. minhas notas vieram boas, o esforço valeu a pena!."
1017,"Não estou sentindo aquela pressão de antes. lavei as roupas hoje, a pilha estava gigante. minhas notas vieram boas, o esforço valeu a pena!. me senti produtivo e o trabalho fluiu bem."
1018,"Minhas notas refletem meu desinteresse. sinto que sou um fardo para minha família e amigos. lavei as roupas hoje, a pilha estava gigante."
1019,"Comi uma coisa nova no ru, estava razoável. sinto que o tempo está correndo e eu estou ficando para trás. sinto que sou um fardo para minha família e amigos. o tcc está travado, não consigo escrever uma linha coerente."
1020,"Tirei uma nota alta na prova difícil, estou aliviado. o trânsito estava horrível, cheguei atrasado na primeira aula. a solidão bateu forte hoje, mesmo estando rodeado de gente."
1021,"Estou exausto. o corpo dói e a mente está lenta. comi uma coisa nova no ru, estava razoável. me senti produtivo e o trabalho fluiu bem. estou animado com o novo tópico da matéria. as preocupações de ontem diminuíram hoje."
1022,"Consegui avançar muito no projeto de pesquisa. lavei as roupas hoje, a pilha estava gigante. minha cabeça não desliga, repasso tudo mil vezes antes de dormir. o esforço valeu a pena, senti-me competente. não estou sentindo aquela pressão de antes."
1023,"Consegui ter um bom tempo de descanso hoje. fui mal na prova e isso só piora meu humor. as coisas parecem sob controle. comi uma coisa nova no ru, estava razoável."
1024,"Sinto um cinismo e irritação com todo mundo da faculdade. comi uma coisa nova no ru, estava razoável. tudo parece cinzento e sem cor. minhas notas refletem meu desinteresse."
1025,"Consegui avançar muito no projeto de pesquisa. é um esforço enorme levantar da cama. não vejo sentido em continuar tentando. o trânsito estava horrível, cheguei atrasado na primeira aula."
1026,"Não sinto mais prazer nas coisas que gostava. choveu o dia todo, não consegui sair para a rua. tudo parece cinzento e sem cor. minhas notas refletem meu desinteresse."
1027,"Não vejo sentido em continuar tentando. tudo parece cinzento e sem cor. minhas notas refletem meu desinteresse. comi uma coisa nova no ru, estava razoável."
1028,"O tcc está travado, não consigo escrever uma linha coerente. meu estômago está revirado só de pensar na próxima apresentação. choveu o dia todo, não consegui sair para a rua. sinto um cinismo e irritação com todo mundo da faculdade."
1029,"Não sinto mais prazer nas coisas que gostava. minhas notas refletem meu desinteresse. choveu o dia todo, não consegui sair para a rua. é um esforço enorme levantar da cama."
1030,"Estou com medo de ser reprovado em duas matérias. estou desorientado e não consigo manter o foco em nada. comi uma coisa nova no ru, estava razoável. meu estômago está revirado só de pensar na próxima apresentação. sinto um cinismo e irritação com todo mundo da faculdade. é um esforço enorme levantar da cama."
1031,"Estou com medo de ser reprovado em duas matérias. lavei as roupas hoje, a pilha estava gigante."
1032,"O esforço valeu a pena, senti-me competente. as preocupações de ontem diminuíram hoje. estou animado com o novo tópico da matéria. o trânsito estava horrível, cheguei atrasado na primeira aula."
1033,"Comi uma coisa nova no ru, estava razoável. sinto que sou um fardo para minha família e amigos. minha cabeça não desliga, repasso tudo mil vezes antes de dormir. fui mal na prova e isso só piora meu humor. não consigo parar de pensar no prazo final. sinto que o tempo está correndo e eu estou ficando para trás. não vejo sentido em continuar tentando."
1034,"Consegui ter um bom tempo de descanso hoje. estou desorientado e não consigo manter o foco em nada. minhas notas vieram boas, o esforço valeu a pena!. o trânsito estava horrível, cheguei atrasado na primeira aula. consegui me organizar bem para a prova."
1035,"É um esforço enorme levantar da cama. estou desorientado e não consigo manter o foco em nada. a faculdade virou uma tortura, o trabalho nunca acaba. meu estômago está revirado só de pensar na próxima apresentação. comi uma coisa nova no ru, estava razoável. não sinto mais prazer nas coisas que gostava. tenho tido ataques de pânico leves no meio da noite. sinto que o tempo está correndo e eu estou ficando para trás. minhas notas refletem meu desinteresse."
1036,"Lavei as roupas hoje, a pilha estava gigante. tenho acumulado muitas faltas, a recuperação será difícil. não sinto mais prazer nas coisas que gostava."
1037,"Consegui avançar muito no projeto de pesquisa. não consigo parar de pensar no prazo final. não vejo sentido em continuar tentando. sinto que o tempo está correndo e eu estou ficando para trás. tudo parece cinzento e sem cor. lavei as roupas hoje, a pilha estava gigante. tenho tido ataques de pânico leves no meio da noite."
1038,"Choveu o dia todo, não consegui sair para a rua. sinto que o tempo está correndo e eu estou ficando para trás. tirei uma nota alta na prova difícil, estou aliviado. meu estômago está revirado só de pensar na próxima apresentação. tenho tido ataques de pânico leves no meio da noite."
1039,"Tirei uma nota alta na prova difícil, estou aliviado. o esforço valeu a pena, senti-me competente. consegui me organizar bem para a prova. comi uma coisa nova no ru, estava razoável."
1040,"Consegui me organizar bem para a prova. consegui ter um bom tempo de descanso hoje. choveu o dia todo, não consegui sair para a rua. estou animado com o novo tópico da matéria. tenho tido ataques de pânico leves no meio da noite."
1041,"Consegui avançar muito no projeto de pesquisa. choveu o dia todo, não consegui sair para a rua. sinto que sou um fardo para minha família e amigos. não vejo sentido em continuar tentando."
1042,"Me senti produtivo e o trabalho fluiu bem. tirei uma nota alta na prova difícil, estou aliviado. as coisas parecem sob controle. comi uma coisa nova no ru, estava razoável."
1043,"As preocupações de ontem diminuíram hoje. me senti produtivo e o trabalho fluiu bem. consegui avançar muito no projeto de pesquisa. estou sempre preocupado com o que pode dar errado. minha cabeça não desliga, repasso tudo mil vezes antes de dormir. o trânsito estava horrível, cheguei atrasado na primeira aula."
1044,"Tudo parece cinzento e sem cor. estou desorientado e não consigo manter o foco em nada. tenho tido ataques de pânico leves no meio da noite. estou exausto. o corpo dói e a mente está lenta. meu estômago está revirado só de pensar na próxima apresentação. fui mal na prova e isso só piora meu humor. não sinto mais prazer nas coisas que gostava. o trânsito estava horrível, cheguei atrasado na primeira aula."
1045,"Sinto que o tempo está correndo e eu estou ficando para trás. tenho tido ataques de pânico leves no meio da noite. lavei as roupas hoje, a pilha estava gigante. minhas notas refletem meu desinteresse."
1046,"Consegui ter um bom tempo de descanso hoje. lavei as roupas hoje, a pilha estava gigante. o tcc está travado, não consigo escrever uma linha coerente. consegui me organizar bem para a prova."
1047,"Não vejo sentido em continuar tentando. não consigo parar de pensar no prazo final. comi uma coisa nova no ru, estava razoável. a solidão bateu forte hoje, mesmo estando rodeado de gente. estou com medo de ser reprovado em duas matérias."
1048,"Comi uma coisa nova no ru, estava razoável. estou com medo de ser reprovado em duas matérias."
1049,"Choveu o dia todo, não consegui sair para a rua. tirei uma nota alta na prova difícil, estou aliviado. o esforço valeu a pena, senti-me competente. consegui me organizar bem para a prova."
1050,"Durmo mal e acordo com a sensação de não ter descansado. estou animado com o novo tópico da matéria. lavei as roupas hoje, a pilha estava gigante. o esforço valeu a pena, senti-me competente. a faculdade virou uma tortura, o trabalho nunca acaba. não estou sentindo aquela pressão de antes."
1051,"Consegui ter um bom tempo de descanso hoje. consegui avançar muito no projeto de pesquisa. lavei as roupas hoje, a pilha estava gigante. não estou sentindo aquela pressão de antes."
1052,"O trânsito estava horrível, cheguei atrasado na primeira aula. minha cabeça não desliga, repasso tudo mil vezes antes de dormir. é um esforço enorme levantar da cama. tenho tido ataques de pânico leves no meio da noite. não vejo sentido em continuar tentando. estou com medo de ser reprovado em duas matérias."
1053,"Sinto que sou um fardo para minha família e amigos. comi uma coisa nova no ru, estava razoável. tenho acumulado muitas faltas, a recuperação será difícil. não vejo sentido em continuar tentando."
1054,"Estou exausto. o corpo dói e a mente está lenta. não sinto mais prazer nas coisas que gostava. minhas notas refletem meu desinteresse. o trânsito estava horrível, cheguei atrasado na primeira aula."
1055,"Consegui avançar muito no projeto de pesquisa. não estou sentindo aquela pressão de antes. choveu o dia todo, não consegui sair para a rua. estou sempre preocupado com o que pode dar errado. organizei minha rotina e a exaustão diminuiu. minha cabeça não desliga, repasso tudo mil vezes antes de dormir."
1056,"Meu estômago está revirado só de pensar na próxima apresentação. comi uma coisa nova no ru, estava razoável. consegui ter um bom tempo de descanso hoje. estou animado com o novo tópico da matéria. as preocupações de ontem diminuíram hoje."
1057,"Estou animado com o novo tópico da matéria. não estou sentindo aquela pressão de antes. choveu o dia todo, não consegui sair para a rua. me senti produtivo e o trabalho fluiu bem."
1058,"Tenho acumulado muitas faltas, a recuperação será difícil. não vejo sentido em continuar tentando. choveu o dia todo, não consegui sair para a rua."
1059,"Tirei uma nota alta na prova difícil, estou aliviado. consegui me organizar bem para a prova. o esforço valeu a pena, senti-me competente. choveu o dia todo, não consegui sair para a rua."
1060,"As preocupações de ontem diminuíram hoje. tirei uma nota alta na prova difícil, estou aliviado. me senti produtivo e o trabalho fluiu bem. comi uma coisa nova no ru, estava razoável."
1061,"Consegui avançar muito no projeto de pesquisa. comi uma coisa nova no ru, estava razoável. organizei minha rotina e a exaustão diminuiu. não estou sentindo aquela pressão de antes."
1062,"Minhas notas vieram boas, o esforço valeu a pena!. choveu o dia todo, não consegui sair para a rua. meu estômago está revirado só de pensar na próxima apresentação. é um esforço enorme levantar da cama. não consigo parar de pensar no prazo final. sinto que sou um fardo para minha família e amigos."
1063,"Me senti produtivo e o trabalho fluiu bem. tenho tido ataques de pânico leves no meio da noite. minha cabeça não desliga, repasso tudo mil vezes antes de dormir. não estou sentindo aquela pressão de antes. o trânsito estava horrível, cheguei atrasado na primeira aula. o tcc está travado, não consigo escrever uma linha coerente."
1064,"Consegui avançar muito no projeto de pesquisa. estou sempre preocupado com o que pode dar errado. consegui ter um bom tempo de descanso hoje. tenho tido ataques de pânico leves no meio da noite. as preocupações de ontem diminuíram hoje. choveu o dia todo, não consegui sair para a rua."
1065,"Choveu o dia todo, não consegui sair para a rua. estou exausto. o corpo dói e a mente está lenta. é um esforço enorme levantar da cama. tirei uma nota alta na prova difícil, estou aliviado."
1066,"Choveu o dia todo, não consegui sair para a rua. é um esforço enorme levantar da cama. a solidão bateu forte hoje, mesmo estando rodeado de gente. tenho acumulado muitas faltas, a recuperação será difícil."
1067,"Comi uma coisa nova no ru, estava razoável. não vejo sentido em continuar tentando. o tcc está travado, não consigo escrever uma linha coerente."
1068,"Minhas notas refletem meu desinteresse. comi uma coisa nova no ru, estava razoável. não vejo sentido em continuar tentando."
1069,"Organizei minha rotina e a exaustão diminuiu. o trânsito estava horrível, cheguei atrasado na primeira aula. as preocupações de ontem diminuíram hoje. fui mal na prova e isso só piora meu humor. durmo mal e acordo com a sensação de não ter descansado."
1070,"Tenho acumulado muitas faltas, a recuperação será difícil. sinto um cinismo e irritação com todo mundo da faculdade. sinto que sou um fardo para minha família e amigos. não sinto mais prazer nas coisas que gostava. comi uma coisa nova no ru, estava razoável."
1071,"Meu estômago está revirado só de pensar na próxima apresentação. fui mal na prova e isso só piora meu humor. comi uma coisa nova no ru, estava razoável. tenho tido ataques de pânico leves no meio da noite. durmo mal e acordo com a sensação de não ter descansado."
1072,"Tenho acumulado muitas faltas, a recuperação será difícil. tudo parece cinzento e sem cor. estou sempre preocupado com o que pode dar errado. minha cabeça não desliga, repasso tudo mil vezes antes de dormir. comi uma coisa nova no ru, estava razoável. sinto que sou um fardo para minha família e amigos."
1073,"As coisas parecem sob controle. quero largar tudo e sumir para ter paz mental. sinto um cinismo e irritação com todo mundo da faculdade. estou animado com o novo tópico da matéria. organizei minha rotina e a exaustão diminuiu. o trânsito estava horrível, cheguei atrasado na primeira aula."
1074,"O tcc está travado, não consigo escrever uma linha coerente. choveu o dia todo, não consegui sair para a rua. não sinto mais prazer nas coisas que gostava. sinto que o tempo está correndo e eu estou ficando para trás. é um esforço enorme levantar da cama."
1075,"Estou sempre preocupado com o que pode dar errado. a solidão bateu forte hoje, mesmo estando rodeado de gente. lavei as roupas hoje, a pilha estava gigante. tenho acumulado muitas faltas, a recuperação será difícil."
1076,"Consegui me organizar bem para a prova. minhas notas vieram boas, o esforço valeu a pena!. o trânsito estava horrível, cheguei atrasado na primeira aula. me senti produtivo e o trabalho fluiu bem."
1077,"Estou sempre preocupado com o que pode dar errado. fui mal na prova e isso só piora meu humor. tenho tido ataques de pânico leves no meio da noite. minha cabeça não desliga, repasso tudo mil vezes antes de dormir. lavei as roupas hoje, a pilha estava gigante. sinto um cinismo e irritação com todo mundo da faculdade. tudo parece cinzento e sem cor. estou desorientado e não consigo manter o foco em nada."
1078,"Estou sempre preocupado com o que pode dar errado. lavei as roupas hoje, a pilha estava gigante. tenho tido ataques de pânico leves no meio da noite. tenho acumulado muitas faltas, a recuperação será difícil."
1079,"Consegui me organizar bem para a prova. me senti produtivo e o trabalho fluiu bem. fui mal na prova e isso só piora meu humor. lavei as roupas hoje, a pilha estava gigante."
1080,"Lavei as roupas hoje, a pilha estava gigante. tenho acumulado muitas faltas, a recuperação será difícil."
1081,"As preocupações de ontem diminuíram hoje. consegui avançar muito no projeto de pesquisa. o esforço valeu a pena, senti-me competente. lavei as roupas hoje, a pilha estava gigante."
1082,"A solidão bateu forte hoje, mesmo estando rodeado de gente. minhas notas vieram boas, o esforço valeu a pena!. comi uma coisa nova no ru, estava razoável."
1083,"Comi uma coisa nova no ru, estava razoável. estou animado com o novo tópico da matéria. não vejo sentido em continuar tentando."
1084,"O esforço valeu a pena, senti-me competente. tenho acumulado muitas faltas, a recuperação será difícil. tenho tido ataques de pânico leves no meio da noite. consegui me organizar bem para a prova. estou sempre preocupado com o que pode dar errado. o trânsito estava horrível, cheguei atrasado na primeira aula."
1085,"Não sinto mais prazer nas coisas que gostava. fui mal na prova e isso só piora meu humor. lavei as roupas hoje, a pilha estava gigante. minha cabeça não desliga, repasso tudo mil vezes antes de dormir."
1086,"Sinto que sou um fardo para minha família e amigos. não vejo sentido em continuar tentando. choveu o dia todo, não consegui sair para a rua. durmo mal e acordo com a sensação de não ter descansado. estou animado com o novo tópico da matéria."
1087,"Consegui me organizar bem para a prova. tirei uma nota alta na prova difícil, estou aliviado. me senti produtivo e o trabalho fluiu bem. comi uma coisa nova no ru, estava razoável."
1088,"Meu estômago está revirado só de pensar na próxima apresentação. consegui avançar muito no projeto de pesquisa. comi uma coisa nova no ru, estava razoável. consegui ter um bom tempo de descanso hoje. as preocupações de ontem diminuíram hoje."
1089,"Não sinto mais prazer nas coisas que gostava. tirei uma nota alta na prova difícil, estou aliviado. tudo parece cinzento e sem cor. lavei as roupas hoje, a pilha estava gigante."
1090,"Sinto que sou um fardo para minha família e amigos. choveu o dia todo, não consegui sair para a rua. fui mal na prova e isso só piora meu humor. não vejo sentido em continuar tentando."
1091,"As preocupações de ontem diminuíram hoje. lavei as roupas hoje, a pilha estava gigante. consegui ter um bom tempo de descanso hoje. consegui avançar muito no projeto de pesquisa."
1092,"É um esforço enorme levantar da cama. estou com medo de ser reprovado em duas matérias. tudo parece cinzento e sem cor. lavei as roupas hoje, a pilha estava gigante."
1093,"Sinto que sou um fardo para minha família e amigos. estou desorientado e não consigo manter o foco em nada. tenho acumulado muitas faltas, a recuperação será difícil. lavei as roupas hoje, a pilha estava gigante. tudo parece cinzento e sem cor."
1094,"O tcc está travado, não consigo escrever uma linha coerente. a faculdade virou uma tortura, o trabalho nunca acaba. minha cabeça não desliga, repasso tudo mil vezes antes de dormir. sinto um cinismo e irritação com todo mundo da faculdade. não consigo parar de pensar no prazo final. é um esforço enorme levantar da cama. sinto que o tempo está correndo e eu estou ficando para trás. choveu o dia todo, não consegui sair para a rua."
1095,"Minhas notas refletem meu desinteresse. as coisas parecem sob controle. o trânsito estava horrível, cheguei atrasado na primeira aula. organizei minha rotina e a exaustão diminuiu."
1096,"Minhas notas vieram boas, o esforço valeu a pena!. o esforço valeu a pena, senti-me competente. lavei as roupas hoje, a pilha estava gigante. as coisas parecem sob controle. estou desorientado e não consigo manter o foco em nada."
1097,"É um esforço enorme levantar da cama. tudo parece cinzento e sem cor. fui mal na prova e isso só piora meu humor. lavei as roupas hoje, a pilha estava gigante."
1098,"Sinto que sou um fardo para minha família e amigos. não sinto mais prazer nas coisas que gostava. choveu o dia todo, não consegui sair para a rua. meu estômago está revirado só de pensar na próxima apresentação. tenho acumulado muitas faltas, a recuperação será difícil."
1099,"Choveu o dia todo, não consegui sair para a rua. não sinto mais prazer nas coisas que gostava. não consigo parar de pensar no prazo final. tudo parece cinzento e sem cor. sinto que o tempo está correndo e eu estou ficando para trás. minhas notas refletem meu desinteresse. meu estômago está revirado só de pensar na próxima apresentação."
1100,"Não estou sentindo aquela pressão de antes. tirei uma nota alta na prova difícil, estou aliviado. organizei minha rotina e a exaustão diminuiu. choveu o dia todo, não consegui sair para a rua."
1101,"Tenho acumulado muitas faltas, a recuperação será difícil. minha cabeça não desliga, repasso tudo mil vezes antes de dormir. meu estômago está revirado só de pensar na próxima apresentação. choveu o dia todo, não consegui sair para a rua. tudo parece cinzento e sem cor."
1102,"Tirei uma nota alta na prova difícil, estou aliviado. as preocupações de ontem diminuíram hoje. choveu o dia todo, não consegui sair para a rua. organizei minha rotina e a exaustão diminuiu."
1103,"Tenho tido ataques de pânico leves no meio da noite. o trânsito estava horrível, cheguei atrasado na primeira aula. minha cabeça não desliga, repasso tudo mil vezes antes de dormir. tirei uma nota alta na prova difícil, estou aliviado. estou sempre preocupado com o que pode dar errado."
1104,"Estou desorientado e não consigo manter o foco em nada. quero largar tudo e sumir para ter paz mental. o trânsito estava horrível, cheguei atrasado na primeira aula. a solidão bateu forte hoje, mesmo estando rodeado de gente. estou com medo de ser reprovado em duas matérias."
1105,"Estou com medo de ser reprovado em duas matérias. estou sempre preocupado com o que pode dar errado. comi uma coisa nova no ru, estava razoável. sinto que sou um fardo para minha família e amigos."
1106,"É um esforço enorme levantar da cama. tenho acumulado muitas faltas, a recuperação será difícil. lavei as roupas hoje, a pilha estava gigante."
1107,"Tirei uma nota alta na prova difícil, estou aliviado. não consigo parar de pensar no prazo final. choveu o dia todo, não consegui sair para a rua. consegui ter um bom tempo de descanso hoje. estou sempre preocupado com o que pode dar errado. consegui me organizar bem para a prova. sinto que o tempo está correndo e eu estou ficando para trás."
1108,"O trânsito estava horrível, cheguei atrasado na primeira aula. as coisas parecem sob controle. quero largar tudo e sumir para ter paz mental. consegui ter um bom tempo de descanso hoje. estou animado com o novo tópico da matéria. estou exausto. o corpo dói e a mente está lenta."
1109,"Me senti produtivo e o trabalho fluiu bem. as preocupações de ontem diminuíram hoje. consegui avançar muito no projeto de pesquisa. choveu o dia todo, não consegui sair para a rua. estou desorientado e não consigo manter o foco em nada. sinto um cinismo e irritação com todo mundo da faculdade."
1110,"Tenho acumulado muitas faltas, a recuperação será difícil. choveu o dia todo, não consegui sair para a rua. não sinto mais prazer nas coisas que gostava. sinto que sou um fardo para minha família e amigos. estou desorientado e não consigo manter o foco em nada."
1111,"Sinto que sou um fardo para minha família e amigos. meu estômago está revirado só de pensar na próxima apresentação. minha cabeça não desliga, repasso tudo mil vezes antes de dormir. choveu o dia todo, não consegui sair para a rua. a solidão bateu forte hoje, mesmo estando rodeado de gente. não consigo parar de pensar no prazo final. tirei uma nota alta na prova difícil, estou aliviado."
1112,"Meu estômago está revirado só de pensar na próxima apresentação. tirei uma nota alta na prova difícil, estou aliviado. lavei as roupas hoje, a pilha estava gigante. sinto que sou um fardo para minha família e amigos. a solidão bateu forte hoje, mesmo estando rodeado de gente. não consigo parar de pensar no prazo final."
1113,"Tenho acumulado muitas faltas, a recuperação será difícil. tenho tido ataques de pânico leves no meio da noite. sinto que sou um fardo para minha família e amigos. sinto que o tempo está correndo e eu estou ficando para trás. estou sempre preocupado com o que pode dar errado. o trânsito estava horrível, cheguei atrasado na primeira aula."
1114,"Organizei minha rotina e a exaustão diminuiu. comi uma coisa nova no ru, estava razoável. as coisas parecem sob controle. minhas notas vieram boas, o esforço valeu a pena!."
1115,"Estou exausto. o corpo dói e a mente está lenta. não estou sentindo aquela pressão de antes. lavei as roupas hoje, a pilha estava gigante. me senti produtivo e o trabalho fluiu bem. tirei uma nota alta na prova difícil, estou aliviado."
1116,"Tirei uma nota alta na prova difícil, estou aliviado. o trânsito estava horrível, cheguei atrasado na primeira aula. organizei minha rotina e a exaustão diminuiu. as coisas parecem sob controle."
1117,"As preocupações de ontem diminuíram hoje. minhas notas refletem meu desinteresse. estou sempre preocupado com o que pode dar errado. o trânsito estava horrível, cheguei atrasado na primeira aula. organizei minha rotina e a exaustão diminuiu."
1118,"Sinto que o tempo está correndo e eu estou ficando para trás. comi uma coisa nova no ru, estava razoável. o tcc está travado, não consigo escrever uma linha coerente."
1119,"Tenho acumulado muitas faltas, a recuperação será difícil. sinto que sou um fardo para minha família e amigos. comi uma coisa nova no ru, estava razoável. é um esforço enorme levantar da cama."
1120,"O tcc está travado, não consigo escrever uma linha coerente. lavei as roupas hoje, a pilha estava gigante. as preocupações de ontem diminuíram hoje. consegui ter um bom tempo de descanso hoje."
1121,"As coisas parecem sob controle. meu estômago está revirado só de pensar na próxima apresentação. minhas notas refletem meu desinteresse. comi uma coisa nova no ru, estava razoável. não consigo parar de pensar no prazo final. organizei minha rotina e a exaustão diminuiu. estou sempre preocupado com o que pode dar errado."
1122,"Sinto que sou um fardo para minha família e amigos. tenho tido ataques de pânico leves no meio da noite. minha cabeça não desliga, repasso tudo mil vezes antes de dormir. comi uma coisa nova no ru, estava razoável. estou com medo de ser reprovado em duas matérias. não sinto mais prazer nas coisas que gostava."
1123,"Não estou sentindo aquela pressão de antes. tirei uma nota alta na prova difícil, estou aliviado. organizei minha rotina e a exaustão diminuiu. o trânsito estava horrível, cheguei atrasado na primeira aula."
1124,"Lavei as roupas hoje, a pilha estava gigante. organizei minha rotina e a exaustão diminuiu. tirei uma nota alta na prova difícil, estou aliviado. consegui me organizar bem para a prova."
1125,"Comi uma coisa nova no ru, estava razoável. o tcc está travado, não consigo escrever uma linha coerente. não consigo parar de pensar no prazo final. consegui me organizar bem para a prova. o esforço valeu a pena, senti-me competente. meu estômago está revirado só de pensar na próxima apresentação."
1126,"Minhas notas refletem meu desinteresse. sinto que sou um fardo para minha família e amigos. meu estômago está revirado só de pensar na próxima apresentação. sinto que o tempo está correndo e eu estou ficando para trás. lavei as roupas hoje, a pilha estava gigante. tenho tido ataques de pânico leves no meio da noite."
1127,"O trânsito estava horrível, cheguei atrasado na primeira aula. minhas notas vieram boas, o esforço valeu a pena!."
1128,"Tirei uma nota alta na prova difícil, estou aliviado. meu estômago está revirado só de pensar na próxima apresentação. comi uma coisa nova no ru, estava razoável. minha cabeça não desliga, repasso tudo mil vezes antes de dormir."
1129,"Durmo mal e acordo com a sensação de não ter descansado. não vejo sentido em continuar tentando. choveu o dia todo, não consegui sair para a rua. estou exausto. o corpo dói e a mente está lenta. minhas notas vieram boas, o esforço valeu a pena!."
1130,"Minhas notas vieram boas, o esforço valeu a pena!. consegui ter um bom tempo de descanso hoje. meu estômago está revirado só de pensar na próxima apresentação. não estou sentindo aquela pressão de antes. lavei as roupas hoje, a pilha estava gigante. minha cabeça não desliga, repasso tudo mil vezes antes de dormir."
1131,"Choveu o dia todo, não consegui sair para a rua. estou com medo de ser reprovado em duas matérias."
1132,"O tcc está travado, não consigo escrever uma linha coerente. o trânsito estava horrível, cheguei atrasado na primeira aula. a solidão bateu forte hoje, mesmo estando rodeado de gente."
1133,"Tenho acumulado muitas faltas, a recuperação será difícil. lavei as roupas hoje, a pilha estava gigante."
1134,"Sinto que sou um fardo para minha família e amigos. comi uma coisa nova no ru, estava razoável. estou animado com o novo tópico da matéria. é um esforço enorme levantar da cama."
1135,"É um esforço enorme levantar da cama. estou com medo de ser reprovado em duas matérias. não sinto mais prazer nas coisas que gostava. lavei as roupas hoje, a pilha estava gigante."
1136,"O esforço valeu a pena, senti-me competente. minhas notas vieram boas, o esforço valeu a pena!. lavei as roupas hoje, a pilha estava gigante. não estou sentindo aquela pressão de antes."
1137,"Não consigo parar de pensar no prazo final. me senti produtivo e o trabalho fluiu bem. estou exausto. o corpo dói e a mente está lenta. minha cabeça não desliga, repasso tudo mil vezes antes de dormir. comi uma coisa nova no ru, estava razoável. as coisas parecem sob controle. estou animado com o novo tópico da matéria. estou sempre preocupado com o que pode dar errado."
1138,"Estou animado com o novo tópico da matéria. lavei as roupas hoje, a pilha estava gigante. consegui ter um bom tempo de descanso hoje. não estou sentindo aquela pressão de antes."
1139,"O trânsito estava horrível, cheguei atrasado na primeira aula. minha cabeça não desliga, repasso tudo mil vezes antes de dormir. estou com medo de ser reprovado em duas matérias. não sinto mais prazer nas coisas que gostava. não consigo parar de pensar no prazo final."
1140,"O trânsito estava horrível, cheguei atrasado na primeira aula. a solidão bateu forte hoje, mesmo estando rodeado de gente. o tcc está travado, não consigo escrever uma linha coerente."
1141,"Fui mal na prova e isso só piora meu humor. tenho tido ataques de pânico leves no meio da noite. sinto que o tempo está correndo e eu estou ficando para trás. lavei as roupas hoje, a pilha estava gigante. não consigo parar de pensar no prazo final."
1142,"Consegui ter um bom tempo de descanso hoje. consegui avançar muito no projeto de pesquisa. não estou sentindo aquela pressão de antes. o trânsito estava horrível, cheguei atrasado na primeira aula."
1143,"Choveu o dia todo, não consegui sair para a rua. é um esforço enorme levantar da cama. tenho tido ataques de pânico leves no meio da noite. estou com medo de ser reprovado em duas matérias."
1144,"Sinto que o tempo está correndo e eu estou ficando para trás. fui mal na prova e isso só piora meu humor. estou exausto. o corpo dói e a mente está lenta. tenho tido ataques de pânico leves no meio da noite. o trânsito estava horrível, cheguei atrasado na primeira aula."
1145,"Estou com medo de ser reprovado em duas matérias. é um esforço enorme levantar da cama. não vejo sentido em continuar tentando. choveu o dia todo, não consegui sair para a rua."
1146,"A solidão bateu forte hoje, mesmo estando rodeado de gente. comi uma coisa nova no ru, estava razoável. estou com medo de ser reprovado em duas matérias."
1147,"Comi uma coisa nova no ru, estava razoável. as preocupações de ontem diminuíram hoje. organizei minha rotina e a exaustão diminuiu. tirei uma nota alta na prova difícil, estou aliviado."
1148,"Não vejo sentido em continuar tentando. lavei as roupas hoje, a pilha estava gigante. não sinto mais prazer nas coisas que gostava. tirei uma nota alta na prova difícil, estou aliviado."
1149,"Estou com medo de ser reprovado em duas matérias. é um esforço enorme levantar da cama. não vejo sentido em continuar tentando. sinto um cinismo e irritação com todo mundo da faculdade. o trânsito estava horrível, cheguei atrasado na primeira aula."
1150,"Estou desorientado e não consigo manter o foco em nada. minhas notas vieram boas, o esforço valeu a pena!. choveu o dia todo, não consegui sair para a rua. consegui me organizar bem para a prova. o esforço valeu a pena, senti-me competente."
1151,"Comi uma coisa nova no ru, estava razoável. tudo parece cinzento e sem cor. a solidão bateu forte hoje, mesmo estando rodeado de gente. estou com medo de ser reprovado em duas matérias."
1152,"Tirei uma nota alta na prova difícil, estou aliviado. não estou sentindo aquela pressão de antes. consegui ter um bom tempo de descanso hoje. comi uma coisa nova no ru, estava razoável."
1153,"Lavei as roupas hoje, a pilha estava gigante. tenho acumulado muitas faltas, a recuperação será difícil. é um esforço enorme levantar da cama."
1154,"O trânsito estava horrível, cheguei atrasado na primeira aula. não consigo parar de pensar no prazo final. sinto que sou um fardo para minha família e amigos. o tcc está travado, não consigo escrever uma linha coerente."
1155,"As preocupações de ontem diminuíram hoje. não consigo parar de pensar no prazo final. lavei as roupas hoje, a pilha estava gigante. consegui avançar muito no projeto de pesquisa. me senti produtivo e o trabalho fluiu bem."
1156,"Não vejo sentido em continuar tentando. estou desorientado e não consigo manter o foco em nada. o tcc está travado, não consigo escrever uma linha coerente. durmo mal e acordo com a sensação de não ter descansado. choveu o dia todo, não consegui sair para a rua."
1157,"O esforço valeu a pena, senti-me competente. não estou sentindo aquela pressão de antes. minhas notas vieram boas, o esforço valeu a pena!. estou desorientado e não consigo manter o foco em nada. choveu o dia todo, não consegui sair para a rua."
1158,"Consegui ter um bom tempo de descanso hoje. não estou sentindo aquela pressão de antes. choveu o dia todo, não consegui sair para a rua. tirei uma nota alta na prova difícil, estou aliviado."
1159,"Não estou sentindo aquela pressão de antes. organizei minha rotina e a exaustão diminuiu. comi uma coisa nova no ru, estava razoável. minhas notas vieram boas, o esforço valeu a pena!."
1160,"É um esforço enorme levantar da cama. estou com medo de ser reprovado em duas matérias. comi uma coisa nova no ru, estava razoável. sinto que sou um fardo para minha família e amigos. estou exausto. o corpo dói e a mente está lenta."
1161,"Minhas notas vieram boas, o esforço valeu a pena!. não estou sentindo aquela pressão de antes. organizei minha rotina e a exaustão diminuiu. o trânsito estava horrível, cheguei atrasado na primeira aula."
1162,"Sinto que sou um fardo para minha família e amigos. tenho tido ataques de pânico leves no meio da noite. minhas notas refletem meu desinteresse. lavei as roupas hoje, a pilha estava gigante. não vejo sentido em continuar tentando. estou sempre preocupado com o que pode dar errado."
1163,"Sinto que sou um fardo para minha família e amigos. lavei as roupas hoje, a pilha estava gigante. fui mal na prova e isso só piora meu humor. a solidão bateu forte hoje, mesmo estando rodeado de gente."
1164,"Me senti produtivo e o trabalho fluiu bem. não estou sentindo aquela pressão de antes. lavei as roupas hoje, a pilha estava gigante. tirei uma nota alta na prova difícil, estou aliviado."
1165,"Estou com medo de ser reprovado em duas matérias. lavei as roupas hoje, a pilha estava gigante. sinto que sou um fardo para minha família e amigos. quero largar tudo e sumir para ter paz mental. não sinto mais prazer nas coisas que gostava."
1166,"Estou animado com o novo tópico da matéria. o trânsito estava horrível, cheguei atrasado na primeira aula. sinto que o tempo está correndo e eu estou ficando para trás."
1167,"Tenho acumulado muitas faltas, a recuperação será difícil. tudo parece cinzento e sem cor. comi uma coisa nova no ru, estava razoável."
1168,"Me senti produtivo e o trabalho fluiu bem. não estou sentindo aquela pressão de antes. tirei uma nota alta na prova difícil, estou aliviado. o trânsito estava horrível, cheguei atrasado na primeira aula."
1169,"Estou animado com o novo tópico da matéria. não estou sentindo aquela pressão de antes. o esforço valeu a pena, senti-me competente. comi uma coisa nova no ru, estava razoável."
1170,"Fui mal na prova e isso só piora meu humor. sinto que sou um fardo para minha família e amigos. não sinto mais prazer nas coisas que gostava. lavei as roupas hoje, a pilha estava gigante."
1171,"Durmo mal e acordo com a sensação de não ter descansado. é um esforço enorme levantar da cama. quero largar tudo e sumir para ter paz mental. o trânsito estava horrível, cheguei atrasado na primeira aula. estou com medo de ser reprovado em duas matérias. a solidão bateu forte hoje, mesmo estando rodeado de gente."
1172,"Me senti produtivo e o trabalho fluiu bem. estou sempre preocupado com o que pode dar errado. consegui me organizar bem para a prova. sinto que o tempo está correndo e eu estou ficando para trás. lavei as roupas hoje, a pilha estava gigante. minhas notas vieram boas, o esforço valeu a pena!. não consigo parar de pensar no prazo final."
1173,"Consegui ter um bom tempo de descanso hoje. tenho acumulado muitas faltas, a recuperação será difícil. estou sempre preocupado com o que pode dar errado. comi uma coisa nova no ru, estava razoável. não estou sentindo aquela pressão de antes."
1174,"Tudo parece cinzento e sem cor. comi uma coisa nova no ru, estava razoável. sinto que o tempo está correndo e eu estou ficando para trás. tenho acumulado muitas faltas, a recuperação será difícil."
1175,"A solidão bateu forte hoje, mesmo estando rodeado de gente. estou animado com o novo tópico da matéria. o trânsito estava horrível, cheguei atrasado na primeira aula."
1176,"Comi uma coisa nova no ru, estava razoável. consegui ter um bom tempo de descanso hoje. estou animado com o novo tópico da matéria. consegui me organizar bem para a prova."
1177,"Comi uma coisa nova no ru, estava razoável. me senti produtivo e o trabalho fluiu bem. estou animado com o novo tópico da matéria. as coisas parecem sob controle."
1178,"Estou animado com o novo tópico da matéria. consegui me organizar bem para a prova. comi uma coisa nova no ru, estava razoável. estou desorientado e não consigo manter o foco em nada. organizei minha rotina e a exaustão diminuiu."
1179,"A solidão bateu forte hoje, mesmo estando rodeado de gente. estou com medo de ser reprovado em duas matérias. comi uma coisa nova no ru, estava razoável."
1180,"Tirei uma nota alta na prova difícil, estou aliviado. tudo parece cinzento e sem cor. não sinto mais prazer nas coisas que gostava. minha cabeça não desliga, repasso tudo mil vezes antes de dormir. comi uma coisa nova no ru, estava razoável."
1181,"Lavei as roupas hoje, a pilha estava gigante. não vejo sentido em continuar tentando. estou animado com o novo tópico da matéria."
1182,"A solidão bateu forte hoje, mesmo estando rodeado de gente. comi uma coisa nova no ru, estava razoável. tudo parece cinzento e sem cor. consegui avançar muito no projeto de pesquisa."
1183,"Quero largar tudo e sumir para ter paz mental. choveu o dia todo, não consegui sair para a rua. sinto que o tempo está correndo e eu estou ficando para trás. me senti produtivo e o trabalho fluiu bem. estou animado com o novo tópico da matéria. as preocupações de ontem diminuíram hoje. minha cabeça não desliga, repasso tudo mil vezes antes de dormir."
1184,"Tenho acumulado muitas faltas, a recuperação será difícil. meu estômago está revirado só de pensar na próxima apresentação. a solidão bateu forte hoje, mesmo estando rodeado de gente. choveu o dia todo, não consegui sair para a rua."
1185,"Minhas notas refletem meu desinteresse. lavei as roupas hoje, a pilha estava gigante. sinto que o tempo está correndo e eu estou ficando para trás. meu estômago está revirado só de pensar na próxima apresentação. minha cabeça não desliga, repasso tudo mil vezes antes de dormir."
1186,"Quero largar tudo e sumir para ter paz mental. estou desorientado e não consigo manter o foco em nada. as preocupações de ontem diminuíram hoje. estou animado com o novo tópico da matéria. lavei as roupas hoje, a pilha estava gigante. organizei minha rotina e a exaustão diminuiu."
1187,"Não estou sentindo aquela pressão de antes. quero largar tudo e sumir para ter paz mental. estou animado com o novo tópico da matéria. comi uma coisa nova no ru, estava razoável. me senti produtivo e o trabalho fluiu bem."
1188,"Sinto que o tempo está correndo e eu estou ficando para trás. lavei as roupas hoje, a pilha estava gigante. organizei minha rotina e a exaustão diminuiu. não estou sentindo aquela pressão de antes. tirei uma nota alta na prova difícil, estou aliviado."
1189,"Choveu o dia todo, não consegui sair para a rua. tenho tido ataques de pânico leves no meio da noite. tirei uma nota alta na prova difícil, estou aliviado."
1190,"Comi uma coisa nova no ru, estava razoável. sinto que sou um fardo para minha família e amigos. tenho tido ataques de pânico leves no meio da noite. fui mal na prova e isso só piora meu humor. a solidão bateu forte hoje, mesmo estando rodeado de gente."
1191,"Meu estômago está revirado só de pensar na próxima apresentação. não estou sentindo aquela pressão de antes. lavei as roupas hoje, a pilha estava gigante. tirei uma nota alta na prova difícil, estou aliviado. consegui ter um bom tempo de descanso hoje."
1192,"A solidão bateu forte hoje, mesmo estando rodeado de gente. o trânsito estava horrível, cheguei atrasado na primeira aula. é um esforço enorme levantar da cama. minhas notas refletem meu desinteresse."
1193,"Choveu o dia todo, não consegui sair para a rua. não consigo parar de pensar no prazo final. meu estômago está revirado só de pensar na próxima apresentação. sinto que o tempo está correndo e eu estou ficando para trás. não vejo sentido em continuar tentando. fui mal na prova e isso só piora meu humor."
1194,"Organizei minha rotina e a exaustão diminuiu. as coisas parecem sob controle. estou animado com o novo tópico da matéria. o trânsito estava horrível, cheguei atrasado na primeira aula."
1195,"É um esforço enorme levantar da cama. quero largar tudo e sumir para ter paz mental. comi uma coisa nova no ru, estava razoável. estou com medo de ser reprovado em duas matérias."
1196,"O trânsito estava horrível, cheguei atrasado na primeira aula. não consigo parar de pensar no prazo final. tenho acumulado muitas faltas, a recuperação será difícil. sinto que o tempo está correndo e eu estou ficando para trás. minha cabeça não desliga, repasso tudo mil vezes antes de dormir."
1197,"Estou exausto. o corpo dói e a mente está lenta. choveu o dia todo, não consegui sair para a rua. a faculdade virou uma tortura, o trabalho nunca acaba. meu estômago está revirado só de pensar na próxima apresentação. não sinto mais prazer nas coisas que gostava. tirei uma nota alta na prova difícil, estou aliviado."
1198,"Minhas notas refletem meu desinteresse. o trânsito estava horrível, cheguei atrasado na primeira aula. estou sempre preocupado com o que pode dar errado. sinto que sou um fardo para minha família e amigos. tenho tido ataques de pânico leves no meio da noite. é um esforço enorme levantar da cama."
1199,"Não sinto mais prazer nas coisas que gostava. comi uma coisa nova no ru, estava razoável. estou animado com o novo tópico da matéria. minha cabeça não desliga, repasso tudo mil vezes antes de dormir."
1200,"Tirei uma nota alta na prova difícil, estou aliviado. as preocupações de ontem diminuíram hoje. o esforço valeu a pena, senti-me competente. o trânsito estava horrível, cheguei atrasado na primeira aula."
1201,"Consegui avançar muito no projeto de pesquisa. as preocupações de ontem diminuíram hoje. lavei as roupas hoje, a pilha estava gigante. a faculdade virou uma tortura, o trabalho nunca acaba. o esforço valeu a pena, senti-me competente."
1202,"Meu estômago está revirado só de pensar na próxima apresentação. tenho tido ataques de pânico leves no meio da noite. o tcc está travado, não consigo escrever uma linha coerente. minha cabeça não desliga, repasso tudo mil vezes antes de dormir. lavei as roupas hoje, a pilha estava gigante."
1203,"Organizei minha rotina e a exaustão diminuiu. as preocupações de ontem diminuíram hoje. lavei as roupas hoje, a pilha estava gigante. minhas notas vieram boas, o esforço valeu a pena!."
1204,"Sinto que o tempo está correndo e eu estou ficando para trás. estou desorientado e não consigo manter o foco em nada. organizei minha rotina e a exaustão diminuiu. minhas notas vieram boas, o esforço valeu a pena!. meu estômago está revirado só de pensar na próxima apresentação. estou sempre preocupado com o que pode dar errado. a faculdade virou uma tortura, o trabalho nunca acaba. as preocupações de ontem diminuíram hoje. comi uma coisa nova no ru, estava razoável."
1205,"Minhas notas refletem meu desinteresse. não vejo sentido em continuar tentando. lavei as roupas hoje, a pilha estava gigante. meu estômago está revirado só de pensar na próxima apresentação. sinto que o tempo está correndo e eu estou ficando para trás. sinto que sou um fardo para minha família e amigos. estou sempre preocupado com o que pode dar errado."
1206,"Tudo parece cinzento e sem cor. lavei as roupas hoje, a pilha estava gigante. minhas notas vieram boas, o esforço valeu a pena!."
1207,"As coisas parecem sob controle. o esforço valeu a pena, senti-me competente. consegui avançar muito no projeto de pesquisa. o trânsito estava horrível, cheguei atrasado na primeira aula."
1208,"As coisas parecem sob controle. choveu o dia todo, não consegui sair para a rua. organizei minha rotina e a exaustão diminuiu. estou animado com o novo tópico da matéria."
1209,"O tcc está travado, não consigo escrever uma linha coerente. não vejo sentido em continuar tentando. lavei as roupas hoje, a pilha estava gigante. não sinto mais prazer nas coisas que gostava."
1210,"As coisas parecem sob controle. consegui ter um bom tempo de descanso hoje. choveu o dia todo, não consegui sair para a rua. estou animado com o novo tópico da matéria."
1211,"As preocupações de ontem diminuíram hoje. sinto que o tempo está correndo e eu estou ficando para trás. a faculdade virou uma tortura, o trabalho nunca acaba. comi uma coisa nova no ru, estava razoável. o esforço valeu a pena, senti-me competente. estou exausto. o corpo dói e a mente está lenta. tenho tido ataques de pânico leves no meio da noite. estou animado com o novo tópico da matéria."
1212,"Minhas notas vieram boas, o esforço valeu a pena!. organizei minha rotina e a exaustão diminuiu. o trânsito estava horrível, cheguei atrasado na primeira aula. consegui me organizar bem para a prova."
1213,"Meu estômago está revirado só de pensar na próxima apresentação. minhas notas refletem meu desinteresse. comi uma coisa nova no ru, estava razoável. estou exausto. o corpo dói e a mente está lenta. durmo mal e acordo com a sensação de não ter descansado."
1214,"Minha cabeça não desliga, repasso tudo mil vezes antes de dormir. a faculdade virou uma tortura, o trabalho nunca acaba. o esforço valeu a pena, senti-me competente. o trânsito estava horrível, cheguei atrasado na primeira aula. tirei uma nota alta na prova difícil, estou aliviado. não estou sentindo aquela pressão de antes."
1215,"Quero largar tudo e sumir para ter paz mental. estou com medo de ser reprovado em duas matérias. a solidão bateu forte hoje, mesmo estando rodeado de gente. estou exausto. o corpo dói e a mente está lenta. tudo parece cinzento e sem cor. lavei as roupas hoje, a pilha estava gigante."
1216,"Estou sempre preocupado com o que pode dar errado. consegui avançar muito no projeto de pesquisa. as preocupações de ontem diminuíram hoje. minha cabeça não desliga, repasso tudo mil vezes antes de dormir. me senti produtivo e o trabalho fluiu bem. choveu o dia todo, não consegui sair para a rua. não consigo parar de pensar no prazo final."
1217,"Estou sempre preocupado com o que pode dar errado. meu estômago está revirado só de pensar na próxima apresentação. estou com medo de ser reprovado em duas matérias. o trânsito estava horrível, cheguei atrasado na primeira aula."
1218,"Minhas notas vieram boas, o esforço valeu a pena!. o trânsito estava horrível, cheguei atrasado na primeira aula. as preocupações de ontem diminuíram hoje. o esforço valeu a pena, senti-me competente."
1219,"Meu estômago está revirado só de pensar na próxima apresentação. as coisas parecem sob controle. lavei as roupas hoje, a pilha estava gigante. tirei uma nota alta na prova difícil, estou aliviado. organizei minha rotina e a exaustão diminuiu. estou sempre preocupado com o que pode dar errado."
1220,"A solidão bateu forte hoje, mesmo estando rodeado de gente. tirei uma nota alta na prova difícil, estou aliviado. o trânsito estava horrível, cheguei atrasado na primeira aula."
1221,"Estou exausto. o corpo dói e a mente está lenta. estou animado com o novo tópico da matéria. é um esforço enorme levantar da cama. choveu o dia todo, não consegui sair para a rua. a solidão bateu forte hoje, mesmo estando rodeado de gente. a faculdade virou uma tortura, o trabalho nunca acaba."
1222,"Lavei as roupas hoje, a pilha estava gigante. não estou sentindo aquela pressão de antes. minhas notas vieram boas, o esforço valeu a pena!. o esforço valeu a pena, senti-me competente."
1223,"Consegui ter um bom tempo de descanso hoje. as preocupações de ontem diminuíram hoje. tirei uma nota alta na prova difícil, estou aliviado. lavei as roupas hoje, a pilha estava gigante."
1224,"Comi uma coisa nova no ru, estava razoável. fui mal na prova e isso só piora meu humor. não vejo sentido em continuar tentando."
1225,"Tenho tido ataques de pânico leves no meio da noite. não vejo sentido em continuar tentando. fui mal na prova e isso só piora meu humor. estou sempre preocupado com o que pode dar errado. comi uma coisa nova no ru, estava razoável."
1226,"O trânsito estava horrível, cheguei atrasado na primeira aula. estou animado com o novo tópico da matéria. o esforço valeu a pena, senti-me competente. as coisas parecem sob controle."
1227,"O trânsito estava horrível, cheguei atrasado na primeira aula. consegui me organizar bem para a prova. minhas notas refletem meu desinteresse. me senti produtivo e o trabalho fluiu bem."
1228,"As preocupações de ontem diminuíram hoje. choveu o dia todo, não consegui sair para a rua. o esforço valeu a pena, senti-me competente. estou com medo de ser reprovado em duas matérias."
1229,"A solidão bateu forte hoje, mesmo estando rodeado de gente. tirei uma nota alta na prova difícil, estou aliviado. choveu o dia todo, não consegui sair para a rua."
1230,"Minha cabeça não desliga, repasso tudo mil vezes antes de dormir. as preocupações de ontem diminuíram hoje. consegui ter um bom tempo de descanso hoje. estou animado com o novo tópico da matéria. lavei as roupas hoje, a pilha estava gigante."
1231,"Não consigo parar de pensar no prazo final. tenho acumulado muitas faltas, a recuperação será difícil. sinto que o tempo está correndo e eu estou ficando para trás. meu estômago está revirado só de pensar na próxima apresentação. lavei as roupas hoje, a pilha estava gigante."
1232,"A solidão bateu forte hoje, mesmo estando rodeado de gente. minhas notas refletem meu desinteresse. choveu o dia todo, não consegui sair para a rua. sinto que sou um fardo para minha família e amigos."
1233,"Sinto que o tempo está correndo e eu estou ficando para trás. o trânsito estava horrível, cheguei atrasado na primeira aula. meu estômago está revirado só de pensar na próxima apresentação. a solidão bateu forte hoje, mesmo estando rodeado de gente. estou com medo de ser reprovado em duas matérias."
1234,"Lavei as roupas hoje, a pilha estava gigante. minha cabeça não desliga, repasso tudo mil vezes antes de dormir. consegui ter um bom tempo de descanso hoje. não consigo parar de pensar no prazo final. tirei uma nota alta na prova difícil, estou aliviado. tenho tido ataques de pânico leves no meio da noite. as preocupações de ontem diminuíram hoje."
1235,"Lavei as roupas hoje, a pilha estava gigante. o tcc está travado, não consigo escrever uma linha coerente."
1236,"Sinto que o tempo está correndo e eu estou ficando para trás. me senti produtivo e o trabalho fluiu bem. tenho tido ataques de pânico leves no meio da noite. meu estômago está revirado só de pensar na próxima apresentação. o trânsito estava horrível, cheguei atrasado na primeira aula. não estou sentindo aquela pressão de antes. consegui avançar muito no projeto de pesquisa."
1237,"Minhas notas vieram boas, o esforço valeu a pena!. consegui ter um bom tempo de descanso hoje. minha cabeça não desliga, repasso tudo mil vezes antes de dormir. meu estômago está revirado só de pensar na próxima apresentação. as coisas parecem sob controle. tenho tido ataques de pânico leves no meio da noite. choveu o dia todo, não consegui sair para a rua."
1238,"Consegui avançar muito no projeto de pesquisa. consegui ter um bom tempo de descanso hoje. não estou sentindo aquela pressão de antes. lavei as roupas hoje, a pilha estava gigante."
1239,"Choveu o dia todo, não consegui sair para a rua. estou exausto. o corpo dói e a mente está lenta. estou desorientado e não consigo manter o foco em nada. sinto que sou um fardo para minha família e amigos. fui mal na prova e isso só piora meu humor."
1240,"Tudo parece cinzento e sem cor. lavei as roupas hoje, a pilha estava gigante. estou com medo de ser reprovado em duas matérias. não vejo sentido em continuar tentando."
1241,"Estou com medo de ser reprovado em duas matérias. tudo parece cinzento e sem cor. lavei as roupas hoje, a pilha estava gigante."
1242,"Tudo parece cinzento e sem cor. comi uma coisa nova no ru, estava razoável. estou com medo de ser reprovado em duas matérias."
1243,"A faculdade virou uma tortura, o trabalho nunca acaba. choveu o dia todo, não consegui sair para a rua. estou desorientado e não consigo manter o foco em nada. meu estômago está revirado só de pensar na próxima apresentação. estou com medo de ser reprovado em duas matérias."
1244,"Choveu o dia todo, não consegui sair para a rua. tudo parece cinzento e sem cor. o tcc está travado, não consigo escrever uma linha coerente. não sinto mais prazer nas coisas que gostava."
1245,"Tudo parece cinzento e sem cor. durmo mal e acordo com a sensação de não ter descansado. estou animado com o novo tópico da matéria. choveu o dia todo, não consegui sair para a rua. estou desorientado e não consigo manter o foco em nada."
1246,"Consegui avançar muito no projeto de pesquisa. comi uma coisa nova no ru, estava razoável. consegui me organizar bem para a prova. sinto que o tempo está correndo e eu estou ficando para trás. organizei minha rotina e a exaustão diminuiu."
1247,"Comi uma coisa nova no ru, estava razoável. não consigo parar de pensar no prazo final. o tcc está travado, não consigo escrever uma linha coerente. é um esforço enorme levantar da cama."
1248,"As preocupações de ontem diminuíram hoje. choveu o dia todo, não consegui sair para a rua. me senti produtivo e o trabalho fluiu bem. estou animado com o novo tópico da matéria."
1249,"Lavei as roupas hoje, a pilha estava gigante. me senti produtivo e o trabalho fluiu bem. consegui avançar muito no projeto de pesquisa. as coisas parecem sob controle."
1250,"Sinto que sou um fardo para minha família e amigos. tenho tido ataques de pânico leves no meio da noite. sinto que o tempo está correndo e eu estou ficando para trás. o trânsito estava horrível, cheguei atrasado na primeira aula. o tcc está travado, não consigo escrever uma linha coerente."
1251,"Estou animado com o novo tópico da matéria. não estou sentindo aquela pressão de antes. organizei minha rotina e a exaustão diminuiu. lavei as roupas hoje, a pilha estava gigante."
1252,"Choveu o dia todo, não consegui sair para a rua. consegui avançar muito no projeto de pesquisa. me senti produtivo e o trabalho fluiu bem. as preocupações de ontem diminuíram hoje."
1253,"Estou com medo de ser reprovado em duas matérias. tudo parece cinzento e sem cor. choveu o dia todo, não consegui sair para a rua. sinto que sou um fardo para minha família e amigos."
1254,"Estou desorientado e não consigo manter o foco em nada. tenho acumulado muitas faltas, a recuperação será difícil. não sinto mais prazer nas coisas que gostava. a solidão bateu forte hoje, mesmo estando rodeado de gente. comi uma coisa nova no ru, estava razoável."
1255,"Tenho tido ataques de pânico leves no meio da noite. tudo parece cinzento e sem cor. o trânsito estava horrível, cheguei atrasado na primeira aula. minha cabeça não desliga, repasso tudo mil vezes antes de dormir. fui mal na prova e isso só piora meu humor."
1256,"Meu estômago está revirado só de pensar na próxima apresentação. fui mal na prova e isso só piora meu humor. comi uma coisa nova no ru, estava razoável."
1257,"Consegui avançar muito no projeto de pesquisa. me senti produtivo e o trabalho fluiu bem. o trânsito estava horrível, cheguei atrasado na primeira aula. não estou sentindo aquela pressão de antes."
1258,"Tirei uma nota alta na prova difícil, estou aliviado. as coisas parecem sob controle. a faculdade virou uma tortura, o trabalho nunca acaba. organizei minha rotina e a exaustão diminuiu. durmo mal e acordo com a sensação de não ter descansado. lavei as roupas hoje, a pilha estava gigante."
1259,"Consegui ter um bom tempo de descanso hoje. sinto que o tempo está correndo e eu estou ficando para trás. estou sempre preocupado com o que pode dar errado. o trânsito estava horrível, cheguei atrasado na primeira aula. as preocupações de ontem diminuíram hoje. minhas notas vieram boas, o esforço valeu a pena!."
1260,"Consegui avançar muito no projeto de pesquisa. as preocupações de ontem diminuíram hoje. organizei minha rotina e a exaustão diminuiu. lavei as roupas hoje, a pilha estava gigante."
1261,"Me senti produtivo e o trabalho fluiu bem. estou animado com o novo tópico da matéria. estou sempre preocupado com o que pode dar errado. o trânsito estava horrível, cheguei atrasado na primeira aula. as coisas parecem sob controle. tenho tido ataques de pânico leves no meio da noite."
1262,"Minhas notas refletem meu desinteresse. minha cabeça não desliga, repasso tudo mil vezes antes de dormir. não consigo parar de pensar no prazo final. choveu o dia todo, não consegui sair para a rua. tenho tido ataques de pânico leves no meio da noite."
1263,"Choveu o dia todo, não consegui sair para a rua. sinto um cinismo e irritação com todo mundo da faculdade. o tcc está travado, não consigo escrever uma linha coerente."
1264,"O tcc está travado, não consigo escrever uma linha coerente. minha cabeça não desliga, repasso tudo mil vezes antes de dormir. tudo parece cinzento e sem cor. estou sempre preocupado com o que pode dar errado. não vejo sentido em continuar tentando. choveu o dia todo, não consegui sair para a rua. tenho tido ataques de pânico leves no meio da noite."
1265,"Sinto que sou um fardo para minha família e amigos. minhas notas refletem meu desinteresse. estou exausto. o corpo dói e a mente está lenta. o trânsito estava horrível, cheguei atrasado na primeira aula. sinto um cinismo e irritação com todo mundo da faculdade."
1266,"Tirei uma nota alta na prova difícil, estou aliviado. consegui ter um bom tempo de descanso hoje. lavei as roupas hoje, a pilha estava gigante. não estou sentindo aquela pressão de antes."
1267,"As coisas parecem sob controle. o trânsito estava horrível, cheguei atrasado na primeira aula. consegui ter um bom tempo de descanso hoje. consegui avançar muito no projeto de pesquisa."
1268,"Me senti produtivo e o trabalho fluiu bem. minha cabeça não desliga, repasso tudo mil vezes antes de dormir. estou animado com o novo tópico da matéria. consegui me organizar bem para a prova. comi uma coisa nova no ru, estava razoável. estou sempre preocupado com o que pode dar errado."
1269,"Organizei minha rotina e a exaustão diminuiu. minhas notas vieram boas, o esforço valeu a pena!. as preocupações de ontem diminuíram hoje. durmo mal e acordo com a sensação de não ter descansado. o trânsito estava horrível, cheguei atrasado na primeira aula."
1270,"Meu estômago está revirado só de pensar na próxima apresentação. comi uma coisa nova no ru, estava razoável. não consigo parar de pensar no prazo final. minha cabeça não desliga, repasso tudo mil vezes antes de dormir. tirei uma nota alta na prova difícil, estou aliviado. as preocupações de ontem diminuíram hoje. me senti produtivo e o trabalho fluiu bem."
1271,"O tcc está travado, não consigo escrever uma linha coerente. o trânsito estava horrível, cheguei atrasado na primeira aula."
1272,"Sinto que o tempo está correndo e eu estou ficando para trás. fui mal na prova e isso só piora meu humor. minha cabeça não desliga, repasso tudo mil vezes antes de dormir. estou sempre preocupado com o que pode dar errado. comi uma coisa nova no ru, estava razoável."
1273,"Estou exausto. o corpo dói e a mente está lenta. meu estômago está revirado só de pensar na próxima apresentação. tenho acumulado muitas faltas, a recuperação será difícil. não vejo sentido em continuar tentando. a faculdade virou uma tortura, o trabalho nunca acaba. sinto que sou um fardo para minha família e amigos. não consigo parar de pensar no prazo final. choveu o dia todo, não consegui sair para a rua."
1274,"Estou sempre preocupado com o que pode dar errado. fui mal na prova e isso só piora meu humor. minha cabeça não desliga, repasso tudo mil vezes antes de dormir. tudo parece cinzento e sem cor. choveu o dia todo, não consegui sair para a rua. não sinto mais prazer nas coisas que gostava. a faculdade virou uma tortura, o trabalho nunca acaba. não consigo parar de pensar no prazo final."
1275,"Lavei as roupas hoje, a pilha estava gigante. o esforço valeu a pena, senti-me competente. minhas notas vieram boas, o esforço valeu a pena!. não estou sentindo aquela pressão de antes."
1276,"O trânsito estava horrível, cheguei atrasado na primeira aula. não estou sentindo aquela pressão de antes. minhas notas vieram boas, o esforço valeu a pena!. organizei minha rotina e a exaustão diminuiu."
1277,"Consegui ter um bom tempo de descanso hoje. a faculdade virou uma tortura, o trabalho nunca acaba. minhas notas vieram boas, o esforço valeu a pena!. não estou sentindo aquela pressão de antes. lavei as roupas hoje, a pilha estava gigante."
1278,"Consegui avançar muito no projeto de pesquisa. choveu o dia todo, não consegui sair para a rua. sinto que sou um fardo para minha família e amigos."
1279,"Fui mal na prova e isso só piora meu humor. a solidão bateu forte hoje, mesmo estando rodeado de gente. não vejo sentido em continuar tentando. choveu o dia todo, não consegui sair para a rua. estou exausto. o corpo dói e a mente está lenta. sinto um cinismo e irritação com todo mundo da faculdade."
1280,"Não vejo sentido em continuar tentando. fui mal na prova e isso só piora meu humor. choveu o dia todo, não consegui sair para a rua. sinto que sou um fardo para minha família e amigos. meu estômago está revirado só de pensar na próxima apresentação. sinto que o tempo está correndo e eu estou ficando para trás."
1281,"Choveu o dia todo, não consegui sair para a rua. sinto que sou um fardo para minha família e amigos. é um esforço enorme levantar da cama. tenho acumulado muitas faltas, a recuperação será difícil."
1282,"Sinto que o tempo está correndo e eu estou ficando para trás. o trânsito estava horrível, cheguei atrasado na primeira aula. minha cabeça não desliga, repasso tudo mil vezes antes de dormir. é um esforço enorme levantar da cama. tenho acumulado muitas faltas, a recuperação será difícil."
1283,"A solidão bateu forte hoje, mesmo estando rodeado de gente. lavei as roupas hoje, a pilha estava gigante. estou animado com o novo tópico da matéria."
1284,"O trânsito estava horrível, cheguei atrasado na primeira aula. minhas notas vieram boas, o esforço valeu a pena!. as preocupações de ontem diminuíram hoje. consegui ter um bom tempo de descanso hoje."
1285,"Sinto que o tempo está correndo e eu estou ficando para trás. estou desorientado e não consigo manter o foco em nada. fui mal na prova e isso só piora meu humor. lavei as roupas hoje, a pilha estava gigante. quero largar tudo e sumir para ter paz mental. não consigo parar de pensar no prazo final."
1286,"É um esforço enorme levantar da cama. não consigo parar de pensar no prazo final. durmo mal e acordo com a sensação de não ter descansado. estou exausto. o corpo dói e a mente está lenta. sinto que sou um fardo para minha família e amigos. comi uma coisa nova no ru, estava razoável. tirei uma nota alta na prova difícil, estou aliviado. estou sempre preocupado com o que pode dar errado."
1287,"Minhas notas vieram boas, o esforço valeu a pena!. comi uma coisa nova no ru, estava razoável. é um esforço enorme levantar da cama. a solidão bateu forte hoje, mesmo estando rodeado de gente."
1288,"Consegui ter um bom tempo de descanso hoje. estou animado com o novo tópico da matéria. o trânsito estava horrível, cheguei atrasado na primeira aula. estou desorientado e não consigo manter o foco em nada. tenho tido ataques de pânico leves no meio da noite. a faculdade virou uma tortura, o trabalho nunca acaba. meu estômago está revirado só de pensar na próxima apresentação. minha cabeça não desliga, repasso tudo mil vezes antes de dormir. as coisas parecem sob controle."
1289,"Tirei uma nota alta na prova difícil, estou aliviado. organizei minha rotina e a exaustão diminuiu. as coisas parecem sob controle. lavei as roupas hoje, a pilha estava gigante."
1290,"Comi uma coisa nova no ru, estava razoável. não consigo parar de pensar no prazo final. é um esforço enorme levantar da cama. tenho acumulado muitas faltas, a recuperação será difícil. estou sempre preocupado com o que pode dar errado. não vejo sentido em continuar tentando."
1291,"Me senti produtivo e o trabalho fluiu bem. quero largar tudo e sumir para ter paz mental. consegui avançar muito no projeto de pesquisa. as preocupações de ontem diminuíram hoje. o trânsito estava horrível, cheguei atrasado na primeira aula."
1292,"Tenho tido ataques de pânico leves no meio da noite. fui mal na prova e isso só piora meu humor. choveu o dia todo, não consegui sair para a rua. meu estômago está revirado só de pensar na próxima apresentação. não estou sentindo aquela pressão de antes. consegui ter um bom tempo de descanso hoje."
1293,"Não sinto mais prazer nas coisas que gostava. lavei as roupas hoje, a pilha estava gigante. fui mal na prova e isso só piora meu humor. tudo parece cinzento e sem cor."
1294,"O trânsito estava horrível, cheguei atrasado na primeira aula. a solidão bateu forte hoje, mesmo estando rodeado de gente. tenho acumulado muitas faltas, a recuperação será difícil."
1295,"Choveu o dia todo, não consegui sair para a rua. tirei uma nota alta na prova difícil, estou aliviado. as coisas parecem sob controle. organizei minha rotina e a exaustão diminuiu."
1296,"É um esforço enorme levantar da cama. a solidão bateu forte hoje, mesmo estando rodeado de gente. o trânsito estava horrível, cheguei atrasado na primeira aula. o tcc está travado, não consigo escrever uma linha coerente."
1297,"O trânsito estava horrível, cheguei atrasado na primeira aula. a solidão bateu forte hoje, mesmo estando rodeado de gente. minhas notas refletem meu desinteresse."
1298,"Lavei as roupas hoje, a pilha estava gigante. consegui avançar muito no projeto de pesquisa. as preocupações de ontem diminuíram hoje. organizei minha rotina e a exaustão diminuiu."
1299,"Estou sempre preocupado com o que pode dar errado. fui mal na prova e isso só piora meu humor. o trânsito estava horrível, cheguei atrasado na primeira aula. sinto que sou um fardo para minha família e amigos. tenho tido ataques de pânico leves no meio da noite. meu estômago está revirado só de pensar na próxima apresentação. não vejo sentido em continuar tentando."
1300,"Não consigo parar de pensar no prazo final. o trânsito estava horrível, cheguei atrasado na primeira aula. tenho tido ataques de pânico leves no meio da noite. estou animado com o novo tópico da matéria. sinto que o tempo está correndo e eu estou ficando para trás."
1301,"Choveu o dia todo, não consegui sair para a rua. não estou sentindo aquela pressão de antes. estou animado com o novo tópico da matéria. organizei minha rotina e a exaustão diminuiu."
1302,"O esforço valeu a pena, senti-me competente. não consigo parar de pensar no prazo final. sinto que o tempo está correndo e eu estou ficando para trás. as preocupações de ontem diminuíram hoje. lavei as roupas hoje, a pilha estava gigante. minhas notas vieram boas, o esforço valeu a pena!. meu estômago está revirado só de pensar na próxima apresentação."
1303,"Minhas notas vieram boas, o esforço valeu a pena!. choveu o dia todo, não consegui sair para a rua. organizei minha rotina e a exaustão diminuiu. minha cabeça não desliga, repasso tudo mil vezes antes de dormir. sinto que o tempo está correndo e eu estou ficando para trás. as preocupações de ontem diminuíram hoje. não consigo parar de pensar no prazo final."
1304,"Sinto que o tempo está correndo e eu estou ficando para trás. não consigo parar de pensar no prazo final. comi uma coisa nova no ru, estava razoável. estou animado com o novo tópico da matéria. as preocupações de ontem diminuíram hoje. me senti produtivo e o trabalho fluiu bem."
1305,"Minha cabeça não desliga, repasso tudo mil vezes antes de dormir. consegui avançar muito no projeto de pesquisa. as preocupações de ontem diminuíram hoje. o trânsito estava horrível, cheguei atrasado na primeira aula. consegui ter um bom tempo de descanso hoje."
1306,"Comi uma coisa nova no ru, estava razoável. sinto que sou um fardo para minha família e amigos. tenho acumulado muitas faltas, a recuperação será difícil. sinto que o tempo está correndo e eu estou ficando para trás. minha cabeça não desliga, repasso tudo mil vezes antes de dormir. a solidão bateu forte hoje, mesmo estando rodeado de gente. meu estômago está revirado só de pensar na próxima apresentação."
1307,"Lavei as roupas hoje, a pilha estava gigante. fui mal na prova e isso só piora meu humor. não sinto mais prazer nas coisas que gostava."
1308,"Tenho acumulado muitas faltas, a recuperação será difícil. não sinto mais prazer nas coisas que gostava. sinto que sou um fardo para minha família e amigos. choveu o dia todo, não consegui sair para a rua."
1309,"O esforço valeu a pena, senti-me competente. estou sempre preocupado com o que pode dar errado. sinto que o tempo está correndo e eu estou ficando para trás. tirei uma nota alta na prova difícil, estou aliviado. não estou sentindo aquela pressão de antes. não consigo parar de pensar no prazo final. choveu o dia todo, não consegui sair para a rua."
1310,"Durmo mal e acordo com a sensação de não ter descansado. me senti produtivo e o trabalho fluiu bem. estou animado com o novo tópico da matéria. o trânsito estava horrível, cheguei atrasado na primeira aula. não estou sentindo aquela pressão de antes."
1311,"Não vejo sentido em continuar tentando. sinto que sou um fardo para minha família e amigos. choveu o dia todo, não consegui sair para a rua. fui mal na prova e isso só piora meu humor."
1312,"Comi uma coisa nova no ru, estava razoável. estou animado com o novo tópico da matéria. não consigo parar de pensar no prazo final. me senti produtivo e o trabalho fluiu bem. consegui me organizar bem para a prova."
1313,"O trânsito estava horrível, cheguei atrasado na primeira aula. não vejo sentido em continuar tentando. tenho tido ataques de pânico leves no meio da noite. tenho acumulado muitas faltas, a recuperação será difícil."
1314,"Tudo parece cinzento e sem cor. a solidão bateu forte hoje, mesmo estando rodeado de gente. fui mal na prova e isso só piora meu humor. comi uma coisa nova no ru, estava razoável."
1315,"Comi uma coisa nova no ru, estava razoável. estou sempre preocupado com o que pode dar errado. minhas notas refletem meu desinteresse. tenho tido ataques de pânico leves no meio da noite. não vejo sentido em continuar tentando. meu estômago está revirado só de pensar na próxima apresentação."
1316,"Não consigo parar de pensar no prazo final. organizei minha rotina e a exaustão diminuiu. lavei as roupas hoje, a pilha estava gigante. tenho tido ataques de pânico leves no meio da noite. minhas notas vieram boas, o esforço valeu a pena!. estou sempre preocupado com o que pode dar errado. consegui me organizar bem para a prova."
1317,"O esforço valeu a pena, senti-me competente. minhas notas vieram boas, o esforço valeu a pena!. comi uma coisa nova no ru, estava razoável. consegui me organizar bem para a prova."
1318,"O trânsito estava horrível, cheguei atrasado na primeira aula. consegui ter um bom tempo de descanso hoje. as preocupações de ontem diminuíram hoje. estou animado com o novo tópico da matéria."
1319,"Consegui avançar muito no projeto de pesquisa. choveu o dia todo, não consegui sair para a rua. não estou sentindo aquela pressão de antes. sinto um cinismo e irritação com todo mundo da faculdade. me senti produtivo e o trabalho fluiu bem. a faculdade virou uma tortura, o trabalho nunca acaba."
1320,"Sinto que o tempo está correndo e eu estou ficando para trás. estou sempre preocupado com o que pode dar errado. o trânsito estava horrível, cheguei atrasado na primeira aula. fui mal na prova e isso só piora meu humor."
1321,"O esforço valeu a pena, senti-me competente. consegui avançar muito no projeto de pesquisa. consegui me organizar bem para a prova. lavei as roupas hoje, a pilha estava gigante."
1322,"Consegui me organizar bem para a prova. estou animado com o novo tópico da matéria. lavei as roupas hoje, a pilha estava gigante. me senti produtivo e o trabalho fluiu bem."
1323,"O tcc está travado, não consigo escrever uma linha coerente. é um esforço enorme levantar da cama. comi uma coisa nova no ru, estava razoável."
1324,"Meu estômago está revirado só de pensar na próxima apresentação. é um esforço enorme levantar da cama. estou com medo de ser reprovado em duas matérias. sinto que sou um fardo para minha família e amigos. sinto um cinismo e irritação com todo mundo da faculdade. comi uma coisa nova no ru, estava razoável. durmo mal e acordo com a sensação de não ter descansado. sinto que o tempo está correndo e eu estou ficando para trás."
1325,"Choveu o dia todo, não consegui sair para a rua. organizei minha rotina e a exaustão diminuiu. não estou sentindo aquela pressão de antes. tirei uma nota alta na prova difícil, estou aliviado. estou sempre preocupado com o que pode dar errado."
1326,"Choveu o dia todo, não consegui sair para a rua. sinto um cinismo e irritação com todo mundo da faculdade. o esforço valeu a pena, senti-me competente. não consigo parar de pensar no prazo final. minha cabeça não desliga, repasso tudo mil vezes antes de dormir. tirei uma nota alta na prova difícil, estou aliviado. consegui me organizar bem para a prova."
1327,"Fui mal na prova e isso só piora meu humor. comi uma coisa nova no ru, estava razoável. a solidão bateu forte hoje, mesmo estando rodeado de gente. estou sempre preocupado com o que pode dar errado. não consigo parar de pensar no prazo final."
1328,"Lavei as roupas hoje, a pilha estava gigante. tenho acumulado muitas faltas, a recuperação será difícil. é um esforço enorme levantar da cama."
1329,"Consegui avançar muito no projeto de pesquisa. consegui ter um bom tempo de descanso hoje. lavei as roupas hoje, a pilha estava gigante. consegui me organizar bem para a prova."
1330,"Comi uma coisa nova no ru, estava razoável. tenho acumulado muitas faltas, a recuperação será difícil. não consigo parar de pensar no prazo final. tenho tido ataques de pânico leves no meio da noite. sinto que o tempo está correndo e eu estou ficando para trás. durmo mal e acordo com a sensação de não ter descansado. estou desorientado e não consigo manter o foco em nada."
1331,"Minhas notas vieram boas, o esforço valeu a pena!. sinto que sou um fardo para minha família e amigos. o trânsito estava horrível, cheguei atrasado na primeira aula."
1332,"Minhas notas vieram boas, o esforço valeu a pena!. as preocupações de ontem diminuíram hoje. comi uma coisa nova no ru, estava razoável. consegui ter um bom tempo de descanso hoje."
1333,"O trânsito estava horrível, cheguei atrasado na primeira aula. sinto que sou um fardo para minha família e amigos. meu estômago está revirado só de pensar na próxima apresentação. estou com medo de ser reprovado em duas matérias."
1334,"Lavei as roupas hoje, a pilha estava gigante. o esforço valeu a pena, senti-me competente. consegui me organizar bem para a prova. tirei uma nota alta na prova difícil, estou aliviado."
1335,"Organizei minha rotina e a exaustão diminuiu. consegui me organizar bem para a prova. o trânsito estava horrível, cheguei atrasado na primeira aula. consegui avançar muito no projeto de pesquisa."
1336,"Não consigo parar de pensar no prazo final. sinto que o tempo está correndo e eu estou ficando para trás. comi uma coisa nova no ru, estava razoável. me senti produtivo e o trabalho fluiu bem. as coisas parecem sob controle. estou animado com o novo tópico da matéria."
1337,"Sinto um cinismo e irritação com todo mundo da faculdade. sinto que sou um fardo para minha família e amigos. fui mal na prova e isso só piora meu humor. o trânsito estava horrível, cheguei atrasado na primeira aula. durmo mal e acordo com a sensação de não ter descansado. a solidão bateu forte hoje, mesmo estando rodeado de gente."
1338,"Lavei as roupas hoje, a pilha estava gigante. organizei minha rotina e a exaustão diminuiu. minhas notas vieram boas, o esforço valeu a pena!. consegui me organizar bem para a prova."
1339,"Consegui avançar muito no projeto de pesquisa. consegui ter um bom tempo de descanso hoje. não estou sentindo aquela pressão de antes. choveu o dia todo, não consegui sair para a rua."
1340,"Tudo parece cinzento e sem cor. fui mal na prova e isso só piora meu humor. choveu o dia todo, não consegui sair para a rua."
1341,"Comi uma coisa nova no ru, estava razoável. consegui me organizar bem para a prova. estou animado com o novo tópico da matéria. me senti produtivo e o trabalho fluiu bem."
1342,"Estou animado com o novo tópico da matéria. o esforço valeu a pena, senti-me competente. o trânsito estava horrível, cheguei atrasado na primeira aula. as preocupações de ontem diminuíram hoje."
1343,"Estou exausto. o corpo dói e a mente está lenta. sinto um cinismo e irritação com todo mundo da faculdade. o trânsito estava horrível, cheguei atrasado na primeira aula. é um esforço enorme levantar da cama. a solidão bateu forte hoje, mesmo estando rodeado de gente. fui mal na prova e isso só piora meu humor."
1344,"Comi uma coisa nova no ru, estava razoável. sinto que o tempo está correndo e eu estou ficando para trás. estou sempre preocupado com o que pode dar errado. estou com medo de ser reprovado em duas matérias."
1345,"As coisas parecem sob controle. choveu o dia todo, não consegui sair para a rua. consegui ter um bom tempo de descanso hoje. tenho acumulado muitas faltas, a recuperação será difícil."
1346,"O trânsito estava horrível, cheguei atrasado na primeira aula. me senti produtivo e o trabalho fluiu bem. as coisas parecem sob controle. minhas notas vieram boas, o esforço valeu a pena!."
1347,"Minha cabeça não desliga, repasso tudo mil vezes antes de dormir. me senti produtivo e o trabalho fluiu bem. minhas notas vieram boas, o esforço valeu a pena!. as coisas parecem sob controle. lavei as roupas hoje, a pilha estava gigante. estou sempre preocupado com o que pode dar errado."
1348,"Estou sempre preocupado com o que pode dar errado. estou exausto. o corpo dói e a mente está lenta. minhas notas vieram boas, o esforço valeu a pena!. o trânsito estava horrível, cheguei atrasado na primeira aula. não sinto mais prazer nas coisas que gostava."
1349,"Consegui me organizar bem para a prova. lavei as roupas hoje, a pilha estava gigante. consegui ter um bom tempo de descanso hoje. minhas notas vieram boas, o esforço valeu a pena!."
1350,"As coisas parecem sob controle. consegui ter um bom tempo de descanso hoje. comi uma coisa nova no ru, estava razoável. consegui avançar muito no projeto de pesquisa."
1351,"Fui mal na prova e isso só piora meu humor. choveu o dia todo, não consegui sair para a rua."
1352,"O trânsito estava horrível, cheguei atrasado na primeira aula. não consigo parar de pensar no prazo final. me senti produtivo e o trabalho fluiu bem. as coisas parecem sob controle. estou animado com o novo tópico da matéria. estou sempre preocupado com o que pode dar errado."
1353,"Sinto que sou um fardo para minha família e amigos. o tcc está travado, não consigo escrever uma linha coerente. o trânsito estava horrível, cheguei atrasado na primeira aula."
1354,"Comi uma coisa nova no ru, estava razoável. estou com medo de ser reprovado em duas matérias. minha cabeça não desliga, repasso tudo mil vezes antes de dormir. estou sempre preocupado com o que pode dar errado."
1355,"Estou desorientado e não consigo manter o foco em nada. consegui avançar muito no projeto de pesquisa. organizei minha rotina e a exaustão diminuiu. consegui me organizar bem para a prova. o trânsito estava horrível, cheguei atrasado na primeira aula."
1356,"Não estou sentindo aquela pressão de antes. o esforço valeu a pena, senti-me competente. tirei uma nota alta na prova difícil, estou aliviado. lavei as roupas hoje, a pilha estava gigante."
1357,"O tcc está travado, não consigo escrever uma linha coerente. estou desorientado e não consigo manter o foco em nada. tudo parece cinzento e sem cor. estou exausto. o corpo dói e a mente está lenta. lavei as roupas hoje, a pilha estava gigante."
1358,"Fui mal na prova e isso só piora meu humor. não vejo sentido em continuar tentando. lavei as roupas hoje, a pilha estava gigante."
1359,"Estou com medo de ser reprovado em duas matérias. lavei as roupas hoje, a pilha estava gigante. sinto que sou um fardo para minha família e amigos."
1360,"Lavei as roupas hoje, a pilha estava gigante. consegui avançar muito no projeto de pesquisa. consegui ter um bom tempo de descanso hoje. as coisas parecem sob controle."
1361,"Consegui avançar muito no projeto de pesquisa. choveu o dia todo, não consegui sair para a rua."
1362,"Choveu o dia todo, não consegui sair para a rua. consegui me organizar bem para a prova. consegui ter um bom tempo de descanso hoje. consegui avançar muito no projeto de pesquisa."
1363,"Comi uma coisa nova no ru, estava razoável. sinto que sou um fardo para minha família e amigos. estou com medo de ser reprovado em duas matérias."
1364,"Comi uma coisa nova no ru, estava razoável. a faculdade virou uma tortura, o trabalho nunca acaba. me senti produtivo e o trabalho fluiu bem. minhas notas vieram boas, o esforço valeu a pena!. as preocupações de ontem diminuíram hoje. sinto que o tempo está correndo e eu estou ficando para trás."
1365,"Sinto que sou um fardo para minha família e amigos. tudo parece cinzento e sem cor. a faculdade virou uma tortura, o trabalho nunca acaba. fui mal na prova e isso só piora meu humor. quero largar tudo e sumir para ter paz mental. o trânsito estava horrível, cheguei atrasado na primeira aula."
1366,"Não sinto mais prazer nas coisas que gostava. consegui avançar muito no projeto de pesquisa. tenho tido ataques de pânico leves no meio da noite. choveu o dia todo, não consegui sair para a rua. sinto que sou um fardo para minha família e amigos."
1367,"O tcc está travado, não consigo escrever uma linha coerente. não vejo sentido em continuar tentando. choveu o dia todo, não consegui sair para a rua."
1368,"Organizei minha rotina e a exaustão diminuiu. minha cabeça não desliga, repasso tudo mil vezes antes de dormir. consegui me organizar bem para a prova. o trânsito estava horrível, cheguei atrasado na primeira aula. tirei uma nota alta na prova difícil, estou aliviado."
1369,"Sinto um cinismo e irritação com todo mundo da faculdade. tenho acumulado muitas faltas, a recuperação será difícil. choveu o dia todo, não consegui sair para a rua. estou exausto. o corpo dói e a mente está lenta. a solidão bateu forte hoje, mesmo estando rodeado de gente."
1370,"As coisas parecem sob controle. lavei as roupas hoje, a pilha estava gigante. consegui ter um bom tempo de descanso hoje. minhas notas vieram boas, o esforço valeu a pena!."
1371,"Não vejo sentido em continuar tentando. fui mal na prova e isso só piora meu humor. é um esforço enorme levantar da cama. choveu o dia todo, não consegui sair para a rua."
1372,"Estou com medo de ser reprovado em duas matérias. é um esforço enorme levantar da cama. comi uma coisa nova no ru, estava razoável. sinto um cinismo e irritação com todo mundo da faculdade. tudo parece cinzento e sem cor."
1373,"Tenho tido ataques de pânico leves no meio da noite. não consigo parar de pensar no prazo final. comi uma coisa nova no ru, estava razoável. é um esforço enorme levantar da cama. minhas notas refletem meu desinteresse. quero largar tudo e sumir para ter paz mental. não sinto mais prazer nas coisas que gostava."
1374,"Não estou sentindo aquela pressão de antes. o trânsito estava horrível, cheguei atrasado na primeira aula. me senti produtivo e o trabalho fluiu bem. estou animado com o novo tópico da matéria."
1375,"Lavei as roupas hoje, a pilha estava gigante. o esforço valeu a pena, senti-me competente. as coisas parecem sob controle. meu estômago está revirado só de pensar na próxima apresentação. estou animado com o novo tópico da matéria."
1376,"Meu estômago está revirado só de pensar na próxima apresentação. estou sempre preocupado com o que pode dar errado. lavei as roupas hoje, a pilha estava gigante. minhas notas refletem meu desinteresse. minha cabeça não desliga, repasso tudo mil vezes antes de dormir."
1377,"Minhas notas refletem meu desinteresse. tudo parece cinzento e sem cor. o trânsito estava horrível, cheguei atrasado na primeira aula. tenho tido ataques de pânico leves no meio da noite. estou sempre preocupado com o que pode dar errado. minha cabeça não desliga, repasso tudo mil vezes antes de dormir."
1378,"Minhas notas vieram boas, o esforço valeu a pena!. o esforço valeu a pena, senti-me competente. choveu o dia todo, não consegui sair para a rua. estou sempre preocupado com o que pode dar errado. a faculdade virou uma tortura, o trabalho nunca acaba. tenho tido ataques de pânico leves no meio da noite. quero largar tudo e sumir para ter paz mental. as preocupações de ontem diminuíram hoje."
1379,"Estou exausto. o corpo dói e a mente está lenta. durmo mal e acordo com a sensação de não ter descansado. comi uma coisa nova no ru, estava razoável. sinto que o tempo está correndo e eu estou ficando para trás. meu estômago está revirado só de pensar na próxima apresentação. consegui avançar muito no projeto de pesquisa. o esforço valeu a pena, senti-me competente. consegui me organizar bem para a prova."
1380,"Meu estômago está revirado só de pensar na próxima apresentação. estou animado com o novo tópico da matéria. lavei as roupas hoje, a pilha estava gigante. estou sempre preocupado com o que pode dar errado. tenho tido ataques de pânico leves no meio da noite. consegui me organizar bem para a prova. organizei minha rotina e a exaustão diminuiu."
1381,"Consegui ter um bom tempo de descanso hoje. consegui avançar muito no projeto de pesquisa. o trânsito estava horrível, cheguei atrasado na primeira aula. sinto um cinismo e irritação com todo mundo da faculdade. as preocupações de ontem diminuíram hoje."
1382,"As coisas parecem sob controle. o trânsito estava horrível, cheguei atrasado na primeira aula. o esforço valeu a pena, senti-me competente. consegui avançar muito no projeto de pesquisa."
1383,"Consegui me organizar bem para a prova. organizei minha rotina e a exaustão diminuiu. sinto que o tempo está correndo e eu estou ficando para trás. choveu o dia todo, não consegui sair para a rua. minha cabeça não desliga, repasso tudo mil vezes antes de dormir. tirei uma nota alta na prova difícil, estou aliviado. estou sempre preocupado com o que pode dar errado."
1384,"Minha cabeça não desliga, repasso tudo mil vezes antes de dormir. minhas notas refletem meu desinteresse. organizei minha rotina e a exaustão diminuiu. as coisas parecem sob controle. lavei as roupas hoje, a pilha estava gigante."
1385,"As preocupações de ontem diminuíram hoje. comi uma coisa nova no ru, estava razoável. estou animado com o novo tópico da matéria. o esforço valeu a pena, senti-me competente."
1386,"O trânsito estava horrível, cheguei atrasado na primeira aula. tirei uma nota alta na prova difícil, estou aliviado. é um esforço enorme levantar da cama."
1387,"A solidão bateu forte hoje, mesmo estando rodeado de gente. lavei as roupas hoje, a pilha estava gigante. tudo parece cinzento e sem cor. tenho acumulado muitas faltas, a recuperação será difícil."
1388,"Tenho tido ataques de pânico leves no meio da noite. estou animado com o novo tópico da matéria. meu estômago está revirado só de pensar na próxima apresentação. lavei as roupas hoje, a pilha estava gigante. as coisas parecem sob controle. a faculdade virou uma tortura, o trabalho nunca acaba. organizei minha rotina e a exaustão diminuiu. não consigo parar de pensar no prazo final."
1389,"Não consigo parar de pensar no prazo final. meu estômago está revirado só de pensar na próxima apresentação. minhas notas vieram boas, o esforço valeu a pena!. sinto que o tempo está correndo e eu estou ficando para trás. não estou sentindo aquela pressão de antes. lavei as roupas hoje, a pilha estava gigante. me senti produtivo e o trabalho fluiu bem."
1390,"Comi uma coisa nova no ru, estava razoável. não consigo parar de pensar no prazo final. consegui avançar muito no projeto de pesquisa."
1391,"Tenho tido ataques de pânico leves no meio da noite. a solidão bateu forte hoje, mesmo estando rodeado de gente. o trânsito estava horrível, cheguei atrasado na primeira aula. meu estômago está revirado só de pensar na próxima apresentação. minhas notas refletem meu desinteresse. quero largar tudo e sumir para ter paz mental. é um esforço enorme levantar da cama. estou exausto. o corpo dói e a mente está lenta."
1392,"Lavei as roupas hoje, a pilha estava gigante. minhas notas vieram boas, o esforço valeu a pena!. organizei minha rotina e a exaustão diminuiu. consegui me organizar bem para a prova. sinto que o tempo está correndo e eu estou ficando para trás. meu estômago está revirado só de pensar na próxima apresentação."
1393,"Estou sempre preocupado com o que pode dar errado. minhas notas refletem meu desinteresse. não vejo sentido em continuar tentando. meu estômago está revirado só de pensar na próxima apresentação. choveu o dia todo, não consegui sair para a rua. sinto que o tempo está correndo e eu estou ficando para trás."
1394,"A solidão bateu forte hoje, mesmo estando rodeado de gente. tenho acumulado muitas faltas, a recuperação será difícil. choveu o dia todo, não consegui sair para a rua. estou desorientado e não consigo manter o foco em nada. estou sempre preocupado com o que pode dar errado. sinto um cinismo e irritação com todo mundo da faculdade. é um esforço enorme levantar da cama. sinto que o tempo está correndo e eu estou ficando para trás. tenho tido ataques de pânico leves no meio da noite."
1395,"Tudo parece cinzento e sem cor. lavei as roupas hoje, a pilha estava gigante. a solidão bateu forte hoje, mesmo estando rodeado de gente. tenho acumulado muitas faltas, a recuperação será difícil."
1396,"Estou exausto. o corpo dói e a mente está lenta. não sinto mais prazer nas coisas que gostava. choveu o dia todo, não consegui sair para a rua. o tcc está travado, não consigo escrever uma linha coerente."
1397,"Não vejo sentido em continuar tentando. lavei as roupas hoje, a pilha estava gigante. estou animado com o novo tópico da matéria."
1398,"Não consigo parar de pensar no prazo final. consegui avançar muito no projeto de pesquisa. estou sempre preocupado com o que pode dar errado. choveu o dia todo, não consegui sair para a rua. a solidão bateu forte hoje, mesmo estando rodeado de gente."
1399,"Não consigo parar de pensar no prazo final. lavei as roupas hoje, a pilha estava gigante. fui mal na prova e isso só piora meu humor. estou sempre preocupado com o que pode dar errado."
1400,"Não consigo parar de pensar no prazo final. lavei as roupas hoje, a pilha estava gigante. meu estômago está revirado só de pensar na próxima apresentação. sinto que o tempo está correndo e eu estou ficando para trás. consegui avançar muito no projeto de pesquisa."
1401,"Estou sempre preocupado com o que pode dar errado. estou desorientado e não consigo manter o foco em nada. comi uma coisa nova no ru, estava razoável. sinto que o tempo está correndo e eu estou ficando para trás. tudo parece cinzento e sem cor. não consigo parar de pensar no prazo final. sinto que sou um fardo para minha família e amigos. consegui avançar muito no projeto de pesquisa."
1402,"Não estou sentindo aquela pressão de antes. consegui avançar muito no projeto de pesquisa. organizei minha rotina e a exaustão diminuiu. lavei as roupas hoje, a pilha estava gigante."
1403,"Organizei minha rotina e a exaustão diminuiu. estou sempre preocupado com o que pode dar errado. tirei uma nota alta na prova difícil, estou aliviado. comi uma coisa nova no ru, estava razoável. consegui me organizar bem para a prova. quero largar tudo e sumir para ter paz mental. sinto um cinismo e irritação com todo mundo da faculdade."
1404,"Consegui avançar muito no projeto de pesquisa. não estou sentindo aquela pressão de antes. choveu o dia todo, não consegui sair para a rua. organizei minha rotina e a exaustão diminuiu."
1405,"Não vejo sentido em continuar tentando. não consigo parar de pensar no prazo final. comi uma coisa nova no ru, estava razoável. tirei uma nota alta na prova difícil, estou aliviado."
1406,"O trânsito estava horrível, cheguei atrasado na primeira aula. minhas notas refletem meu desinteresse. quero largar tudo e sumir para ter paz mental."
1407,"Lavei as roupas hoje, a pilha estava gigante. estou com medo de ser reprovado em duas matérias. meu estômago está revirado só de pensar na próxima apresentação. não consigo parar de pensar no prazo final."
1408,"As preocupações de ontem diminuíram hoje. o esforço valeu a pena, senti-me competente. sinto que o tempo está correndo e eu estou ficando para trás. estou sempre preocupado com o que pode dar errado. tirei uma nota alta na prova difícil, estou aliviado. choveu o dia todo, não consegui sair para a rua."
1409,"Consegui avançar muito no projeto de pesquisa. o trânsito estava horrível, cheguei atrasado na primeira aula. não sinto mais prazer nas coisas que gostava."
1410,"Consegui avançar muito no projeto de pesquisa. comi uma coisa nova no ru, estava razoável. as coisas parecem sob controle. consegui ter um bom tempo de descanso hoje."
1411,"Minhas notas refletem meu desinteresse. sinto que sou um fardo para minha família e amigos. comi uma coisa nova no ru, estava razoável."
1412,"Não vejo sentido em continuar tentando. choveu o dia todo, não consegui sair para a rua. minhas notas refletem meu desinteresse."
1413,"Me senti produtivo e o trabalho fluiu bem. minhas notas vieram boas, o esforço valeu a pena!. não estou sentindo aquela pressão de antes. lavei as roupas hoje, a pilha estava gigante."
1414,"Consegui me organizar bem para a prova. tirei uma nota alta na prova difícil, estou aliviado. o esforço valeu a pena, senti-me competente. choveu o dia todo, não consegui sair para a rua."
1415,"Lavei as roupas hoje, a pilha estava gigante. consegui me organizar bem para a prova. minhas notas vieram boas, o esforço valeu a pena!. consegui ter um bom tempo de descanso hoje."
1416,"Não sinto mais prazer nas coisas que gostava. choveu o dia todo, não consegui sair para a rua. sinto que sou um fardo para minha família e amigos. tenho acumulado muitas faltas, a recuperação será difícil."
1417,"É um esforço enorme levantar da cama. sinto um cinismo e irritação com todo mundo da faculdade. comi uma coisa nova no ru, estava razoável. estou exausto. o corpo dói e a mente está lenta. minhas notas refletem meu desinteresse. não sinto mais prazer nas coisas que gostava."
1418,"Minhas notas vieram boas, o esforço valeu a pena!. as coisas parecem sob controle. comi uma coisa nova no ru, estava razoável. me senti produtivo e o trabalho fluiu bem."
1419,"Tenho tido ataques de pânico leves no meio da noite. não consigo parar de pensar no prazo final. as coisas parecem sob controle. comi uma coisa nova no ru, estava razoável. consegui avançar muito no projeto de pesquisa. o esforço valeu a pena, senti-me competente."
1420,"Estou exausto. o corpo dói e a mente está lenta. minhas notas vieram boas, o esforço valeu a pena!. o esforço valeu a pena, senti-me competente. as preocupações de ontem diminuíram hoje. o trânsito estava horrível, cheguei atrasado na primeira aula."
1421,"Me senti produtivo e o trabalho fluiu bem. as coisas parecem sob controle. lavei as roupas hoje, a pilha estava gigante. minhas notas vieram boas, o esforço valeu a pena!."
1422,"É um esforço enorme levantar da cama. não sinto mais prazer nas coisas que gostava. minhas notas vieram boas, o esforço valeu a pena!. estou sempre preocupado com o que pode dar errado. sinto que o tempo está correndo e eu estou ficando para trás. o trânsito estava horrível, cheguei atrasado na primeira aula."
1423,"Consegui avançar muito no projeto de pesquisa. durmo mal e acordo com a sensação de não ter descansado. as coisas parecem sob controle. choveu o dia todo, não consegui sair para a rua. estou desorientado e não consigo manter o foco em nada. consegui ter um bom tempo de descanso hoje."
1424,"Estou sempre preocupado com o que pode dar errado. tenho acumulado muitas faltas, a recuperação será difícil. a solidão bateu forte hoje, mesmo estando rodeado de gente. não consigo parar de pensar no prazo final. comi uma coisa nova no ru, estava razoável."
1425,"É um esforço enorme levantar da cama. choveu o dia todo, não consegui sair para a rua. consegui avançar muito no projeto de pesquisa."
1426,"Tudo parece cinzento e sem cor. fui mal na prova e isso só piora meu humor. minha cabeça não desliga, repasso tudo mil vezes antes de dormir. choveu o dia todo, não consegui sair para a rua."
1427,"Meu estômago está revirado só de pensar na próxima apresentação. lavei as roupas hoje, a pilha estava gigante. tenho acumulado muitas faltas, a recuperação será difícil. sinto que o tempo está correndo e eu estou ficando para trás."
1428,"É um esforço enorme levantar da cama. não sinto mais prazer nas coisas que gostava. minhas notas refletem meu desinteresse. choveu o dia todo, não consegui sair para a rua."
1429,"Tudo parece cinzento e sem cor. comi uma coisa nova no ru, estava razoável. a solidão bateu forte hoje, mesmo estando rodeado de gente. estou com medo de ser reprovado em duas matérias. estou sempre preocupado com o que pode dar errado."
1430,"Durmo mal e acordo com a sensação de não ter descansado. consegui avançar muito no projeto de pesquisa. tudo parece cinzento e sem cor. choveu o dia todo, não consegui sair para a rua. quero largar tudo e sumir para ter paz mental."
1431,"A solidão bateu forte hoje, mesmo estando rodeado de gente. não vejo sentido em continuar tentando. estou com medo de ser reprovado em duas matérias. comi uma coisa nova no ru, estava razoável. minha cabeça não desliga, repasso tudo mil vezes antes de dormir. sinto que o tempo está correndo e eu estou ficando para trás."
1432,"Tenho tido ataques de pânico leves no meio da noite. fui mal na prova e isso só piora meu humor. choveu o dia todo, não consegui sair para a rua. sinto que o tempo está correndo e eu estou ficando para trás. tudo parece cinzento e sem cor. minha cabeça não desliga, repasso tudo mil vezes antes de dormir."
1433,"Não sinto mais prazer nas coisas que gostava. é um esforço enorme levantar da cama. lavei as roupas hoje, a pilha estava gigante. consegui avançar muito no projeto de pesquisa. não consigo parar de pensar no prazo final."
1434,"Minha cabeça não desliga, repasso tudo mil vezes antes de dormir. estou sempre preocupado com o que pode dar errado. consegui avançar muito no projeto de pesquisa. consegui ter um bom tempo de descanso hoje. choveu o dia todo, não consegui sair para a rua. consegui me organizar bem para a prova."
1435,"Meu estômago está revirado só de pensar na próxima apresentação. o trânsito estava horrível, cheguei atrasado na primeira aula. minha cabeça não desliga, repasso tudo mil vezes antes de dormir. estou com medo de ser reprovado em duas matérias. estou desorientado e não consigo manter o foco em nada. tenho tido ataques de pânico leves no meio da noite. é um esforço enorme levantar da cama. durmo mal e acordo com a sensação de não ter descansado."
1436,"Minha cabeça não desliga, repasso tudo mil vezes antes de dormir. tirei uma nota alta na prova difícil, estou aliviado. sinto que sou um fardo para minha família e amigos. não vejo sentido em continuar tentando. o trânsito estava horrível, cheguei atrasado na primeira aula. tenho tido ataques de pânico leves no meio da noite."
1437,"Minhas notas vieram boas, o esforço valeu a pena!. meu estômago está revirado só de pensar na próxima apresentação. tenho tido ataques de pânico leves no meio da noite. sinto que o tempo está correndo e eu estou ficando para trás. lavei as roupas hoje, a pilha estava gigante. organizei minha rotina e a exaustão diminuiu. não estou sentindo aquela pressão de antes."
1438,"Sinto um cinismo e irritação com todo mundo da faculdade. tudo parece cinzento e sem cor. não consigo parar de pensar no prazo final. tenho tido ataques de pânico leves no meio da noite. o trânsito estava horrível, cheguei atrasado na primeira aula. tenho acumulado muitas faltas, a recuperação será difícil. estou sempre preocupado com o que pode dar errado."
1439,"Comi uma coisa nova no ru, estava razoável. organizei minha rotina e a exaustão diminuiu. as coisas parecem sob controle. consegui avançar muito no projeto de pesquisa."
1440,"Não sinto mais prazer nas coisas que gostava. tenho acumulado muitas faltas, a recuperação será difícil. sinto que sou um fardo para minha família e amigos. comi uma coisa nova no ru, estava razoável."
1441,"Não consigo parar de pensar no prazo final. lavei as roupas hoje, a pilha estava gigante. sinto que o tempo está correndo e eu estou ficando para trás. minhas notas refletem meu desinteresse. minha cabeça não desliga, repasso tudo mil vezes antes de dormir."
1442,"Lavei as roupas hoje, a pilha estava gigante. minha cabeça não desliga, repasso tudo mil vezes antes de dormir. meu estômago está revirado só de pensar na próxima apresentação. tenho tido ataques de pânico leves no meio da noite. consegui avançar muito no projeto de pesquisa."
1443,"Comi uma coisa nova no ru, estava razoável. meu estômago está revirado só de pensar na próxima apresentação. o tcc está travado, não consigo escrever uma linha coerente."
1444,"Minha cabeça não desliga, repasso tudo mil vezes antes de dormir. lavei as roupas hoje, a pilha estava gigante. o tcc está travado, não consigo escrever uma linha coerente. não vejo sentido em continuar tentando. não sinto mais prazer nas coisas que gostava. sinto que o tempo está correndo e eu estou ficando para trás."
1445,"Lavei as roupas hoje, a pilha estava gigante. sinto que sou um fardo para minha família e amigos. meu estômago está revirado só de pensar na próxima apresentação. tudo parece cinzento e sem cor. o tcc está travado, não consigo escrever uma linha coerente."
1446,"O tcc está travado, não consigo escrever uma linha coerente. é um esforço enorme levantar da cama. choveu o dia todo, não consegui sair para a rua. tenho tido ataques de pânico leves no meio da noite. não consigo parar de pensar no prazo final. meu estômago está revirado só de pensar na próxima apresentação."
1447,"Consegui avançar muito no projeto de pesquisa. não vejo sentido em continuar tentando. choveu o dia todo, não consegui sair para a rua. a solidão bateu forte hoje, mesmo estando rodeado de gente."
1448,"Consegui ter um bom tempo de descanso hoje. estou animado com o novo tópico da matéria. o trânsito estava horrível, cheguei atrasado na primeira aula. as preocupações de ontem diminuíram hoje."
1449,"Minha cabeça não desliga, repasso tudo mil vezes antes de dormir. tenho acumulado muitas faltas, a recuperação será difícil. choveu o dia todo, não consegui sair para a rua. tudo parece cinzento e sem cor. sinto que o tempo está correndo e eu estou ficando para trás. sinto que sou um fardo para minha família e amigos."
1450,"Sinto que sou um fardo para minha família e amigos. minhas notas vieram boas, o esforço valeu a pena!. sinto um cinismo e irritação com todo mundo da faculdade. comi uma coisa nova no ru, estava razoável. tudo parece cinzento e sem cor."
1451,"Não estou sentindo aquela pressão de antes. consegui ter um bom tempo de descanso hoje. minhas notas vieram boas, o esforço valeu a pena!. o trânsito estava horrível, cheguei atrasado na primeira aula."
1452,"Minhas notas refletem meu desinteresse. tudo parece cinzento e sem cor. comi uma coisa nova no ru, estava razoável. não vejo sentido em continuar tentando."
1453,"Choveu o dia todo, não consegui sair para a rua. estou com medo de ser reprovado em duas matérias. estou desorientado e não consigo manter o foco em nada. a solidão bateu forte hoje, mesmo estando rodeado de gente. quero largar tudo e sumir para ter paz mental."
1454,"Lavei as roupas hoje, a pilha estava gigante. minha cabeça não desliga, repasso tudo mil vezes antes de dormir. não vejo sentido em continuar tentando. tenho tido ataques de pânico leves no meio da noite. não consigo parar de pensar no prazo final. minhas notas refletem meu desinteresse."
1455,"Não consigo parar de pensar no prazo final. estou animado com o novo tópico da matéria. estou sempre preocupado com o que pode dar errado. consegui me organizar bem para a prova. organizei minha rotina e a exaustão diminuiu. choveu o dia todo, não consegui sair para a rua. sinto que o tempo está correndo e eu estou ficando para trás."
1456,"Meu estômago está revirado só de pensar na próxima apresentação. sinto que sou um fardo para minha família e amigos. tenho tido ataques de pânico leves no meio da noite. tudo parece cinzento e sem cor. o tcc está travado, não consigo escrever uma linha coerente. o trânsito estava horrível, cheguei atrasado na primeira aula. sinto que o tempo está correndo e eu estou ficando para trás."
1457,"Choveu o dia todo, não consegui sair para a rua. consegui avançar muito no projeto de pesquisa. meu estômago está revirado só de pensar na próxima apresentação. sinto que o tempo está correndo e eu estou ficando para trás."
1458,"Não sinto mais prazer nas coisas que gostava. minha cabeça não desliga, repasso tudo mil vezes antes de dormir. tudo parece cinzento e sem cor. consegui avançar muito no projeto de pesquisa. comi uma coisa nova no ru, estava razoável."
1459,"Não vejo sentido em continuar tentando. comi uma coisa nova no ru, estava razoável. tirei uma nota alta na prova difícil, estou aliviado. tudo parece cinzento e sem cor."
1460,"Meu estômago está revirado só de pensar na próxima apresentação. sinto que o tempo está correndo e eu estou ficando para trás. comi uma coisa nova no ru, estava razoável. consegui avançar muito no projeto de pesquisa."
1461,"Sinto que o tempo está correndo e eu estou ficando para trás. o tcc está travado, não consigo escrever uma linha coerente. a solidão bateu forte hoje, mesmo estando rodeado de gente. é um esforço enorme levantar da cama. lavei as roupas hoje, a pilha estava gigante."
1462,"Minhas notas vieram boas, o esforço valeu a pena!. lavei as roupas hoje, a pilha estava gigante. estou sempre preocupado com o que pode dar errado. meu estômago está revirado só de pensar na próxima apresentação."
1463,"Sinto que o tempo está correndo e eu estou ficando para trás. tirei uma nota alta na prova difícil, estou aliviado. meu estômago está revirado só de pensar na próxima apresentação. choveu o dia todo, não consegui sair para a rua."
1464,"Minhas notas vieram boas, o esforço valeu a pena!. estou sempre preocupado com o que pode dar errado. o trânsito estava horrível, cheguei atrasado na primeira aula. o esforço valeu a pena, senti-me competente. consegui me organizar bem para a prova. minha cabeça não desliga, repasso tudo mil vezes antes de dormir."
1465,"Não consigo parar de pensar no prazo final. minha cabeça não desliga, repasso tudo mil vezes antes de dormir. minhas notas refletem meu desinteresse. tenho tido ataques de pânico leves no meio da noite. sinto que sou um fardo para minha família e amigos. lavei as roupas hoje, a pilha estava gigante. não sinto mais prazer nas coisas que gostava."
1466,"O trânsito estava horrível, cheguei atrasado na primeira aula. sinto que sou um fardo para minha família e amigos. tenho acumulado muitas faltas, a recuperação será difícil."
1467,"Lavei as roupas hoje, a pilha estava gigante. estou com medo de ser reprovado em duas matérias."
1468,"Tenho tido ataques de pânico leves no meio da noite. meu estômago está revirado só de pensar na próxima apresentação. as preocupações de ontem diminuíram hoje. consegui avançar muito no projeto de pesquisa. minha cabeça não desliga, repasso tudo mil vezes antes de dormir. me senti produtivo e o trabalho fluiu bem. choveu o dia todo, não consegui sair para a rua."
1469,"O esforço valeu a pena, senti-me competente. as coisas parecem sob controle. comi uma coisa nova no ru, estava razoável. estou sempre preocupado com o que pode dar errado. consegui avançar muito no projeto de pesquisa."
1470,"Estou sempre preocupado com o que pode dar errado. sinto que o tempo está correndo e eu estou ficando para trás. tudo parece cinzento e sem cor. comi uma coisa nova no ru, estava razoável. minha cabeça não desliga, repasso tudo mil vezes antes de dormir. não vejo sentido em continuar tentando. tenho acumulado muitas faltas, a recuperação será difícil."
1471,"Comi uma coisa nova no ru, estava razoável. não vejo sentido em continuar tentando. é um esforço enorme levantar da cama. tirei uma nota alta na prova difícil, estou aliviado."
1472,"O trânsito estava horrível, cheguei atrasado na primeira aula. sinto que sou um fardo para minha família e amigos. minha cabeça não desliga, repasso tudo mil vezes antes de dormir. estou sempre preocupado com o que pode dar errado. minhas notas vieram boas, o esforço valeu a pena!. sinto que o tempo está correndo e eu estou ficando para trás. é um esforço enorme levantar da cama."
1473,"Consegui avançar muito no projeto de pesquisa. não sinto mais prazer nas coisas que gostava. choveu o dia todo, não consegui sair para a rua. estou exausto. o corpo dói e a mente está lenta. meu estômago está revirado só de pensar na próxima apresentação. durmo mal e acordo com a sensação de não ter descansado."
1474,"Comi uma coisa nova no ru, estava razoável. quero largar tudo e sumir para ter paz mental. estou com medo de ser reprovado em duas matérias. meu estômago está revirado só de pensar na próxima apresentação. minha cabeça não desliga, repasso tudo mil vezes antes de dormir."
1475,"As preocupações de ontem diminuíram hoje. consegui avançar muito no projeto de pesquisa. consegui ter um bom tempo de descanso hoje. comi uma coisa nova no ru, estava razoável."
1476,"Não consigo parar de pensar no prazo final. organizei minha rotina e a exaustão diminuiu. estou sempre preocupado com o que pode dar errado. minha cabeça não desliga, repasso tudo mil vezes antes de dormir. as preocupações de ontem diminuíram hoje. tirei uma nota alta na prova difícil, estou aliviado. comi uma coisa nova no ru, estava razoável."
1477,"Me senti produtivo e o trabalho fluiu bem. consegui avançar muito no projeto de pesquisa. o trânsito estava horrível, cheguei atrasado na primeira aula. as coisas parecem sob controle."
1478,"Choveu o dia todo, não consegui sair para a rua. não estou sentindo aquela pressão de antes. me senti produtivo e o trabalho fluiu bem. consegui avançar muito no projeto de pesquisa."
1479,"Sinto que sou um fardo para minha família e amigos. não sinto mais prazer nas coisas que gostava. minhas notas vieram boas, o esforço valeu a pena!. o trânsito estava horrível, cheguei atrasado na primeira aula."
1480,"Me senti produtivo e o trabalho fluiu bem. comi uma coisa nova no ru, estava razoável. não estou sentindo aquela pressão de antes. minhas notas vieram boas, o esforço valeu a pena!."
1481,"Organizei minha rotina e a exaustão diminuiu. estou animado com o novo tópico da matéria. sinto que o tempo está correndo e eu estou ficando para trás. estou sempre preocupado com o que pode dar errado. não estou sentindo aquela pressão de antes. o trânsito estava horrível, cheguei atrasado na primeira aula. não consigo parar de pensar no prazo final."
1482,"Tirei uma nota alta na prova difícil, estou aliviado. choveu o dia todo, não consegui sair para a rua. consegui ter um bom tempo de descanso hoje. as preocupações de ontem diminuíram hoje."
1483,"Minhas notas refletem meu desinteresse. comi uma coisa nova no ru, estava razoável. tudo parece cinzento e sem cor. não sinto mais prazer nas coisas que gostava."
1484,"Sinto que o tempo está correndo e eu estou ficando para trás. estou sempre preocupado com o que pode dar errado. lavei as roupas hoje, a pilha estava gigante. sinto um cinismo e irritação com todo mundo da faculdade. estou com medo de ser reprovado em duas matérias. tenho tido ataques de pânico leves no meio da noite."
1485,"Fui mal na prova e isso só piora meu humor. é um esforço enorme levantar da cama. não vejo sentido em continuar tentando. choveu o dia todo, não consegui sair para a rua."
1486,"Lavei as roupas hoje, a pilha estava gigante. estou animado com o novo tópico da matéria. as coisas parecem sob controle. o esforço valeu a pena, senti-me competente."
1487,"Estou sempre preocupado com o que pode dar errado. não consigo parar de pensar no prazo final. comi uma coisa nova no ru, estava razoável. fui mal na prova e isso só piora meu humor. meu estômago está revirado só de pensar na próxima apresentação."
1488,"Tudo parece cinzento e sem cor. consegui avançar muito no projeto de pesquisa. estou sempre preocupado com o que pode dar errado. choveu o dia todo, não consegui sair para a rua."
1489,"A faculdade virou uma tortura, o trabalho nunca acaba. sinto um cinismo e irritação com todo mundo da faculdade. comi uma coisa nova no ru, estava razoável. minhas notas refletem meu desinteresse. organizei minha rotina e a exaustão diminuiu. não estou sentindo aquela pressão de antes."
1490,"Estou com medo de ser reprovado em duas matérias. choveu o dia todo, não consegui sair para a rua. não vejo sentido em continuar tentando."
1491,"Consegui avançar muito no projeto de pesquisa. o trânsito estava horrível, cheguei atrasado na primeira aula. consegui me organizar bem para a prova. o esforço valeu a pena, senti-me competente. sinto um cinismo e irritação com todo mundo da faculdade. estou exausto. o corpo dói e a mente está lenta."
1492,"É um esforço enorme levantar da cama. o trânsito estava horrível, cheguei atrasado na primeira aula. estou com medo de ser reprovado em duas matérias. a solidão bateu forte hoje, mesmo estando rodeado de gente."
1493,"Lavei as roupas hoje, a pilha estava gigante. o esforço valeu a pena, senti-me competente. minhas notas vieram boas, o esforço valeu a pena!. as coisas parecem sob controle."
1494,"Minhas notas refletem meu desinteresse. é um esforço enorme levantar da cama. lavei as roupas hoje, a pilha estava gigante. sinto que sou um fardo para minha família e amigos."
1495,"Minhas notas vieram boas, o esforço valeu a pena!. lavei as roupas hoje, a pilha estava gigante. consegui ter um bom tempo de descanso hoje. as coisas parecem sob controle."
1496,"Tenho tido ataques de pânico leves no meio da noite. estou sempre preocupado com o que pode dar errado. minha cabeça não desliga, repasso tudo mil vezes antes de dormir. lavei as roupas hoje, a pilha estava gigante. fui mal na prova e isso só piora meu humor."
1497,"Choveu o dia todo, não consegui sair para a rua. tudo parece cinzento e sem cor. minhas notas refletem meu desinteresse. a solidão bateu forte hoje, mesmo estando rodeado de gente."
1498,"Sinto que o tempo está correndo e eu estou ficando para trás. as preocupações de ontem diminuíram hoje. o esforço valeu a pena, senti-me competente. minhas notas vieram boas, o esforço valeu a pena!. lavei as roupas hoje, a pilha estava gigante. estou sempre preocupado com o que pode dar errado."
1499,"Lavei as roupas hoje, a pilha estava gigante. me senti produtivo e o trabalho fluiu bem. estou animado com o novo tópico da matéria. as coisas parecem sob controle."
1500,"Fui mal na prova e isso só piora meu humor. quero largar tudo e sumir para ter paz mental. não vejo sentido em continuar tentando. lavei as roupas hoje, a pilha estava gigante. não sinto mais prazer nas coisas que gostava."
1501,"Tudo parece cinzento e sem cor. não sinto mais prazer nas coisas que gostava. minhas notas refletem meu desinteresse. comi uma coisa nova no ru, estava razoável."
1502,"É um esforço enorme levantar da cama. lavei as roupas hoje, a pilha estava gigante. tenho acumulado muitas faltas, a recuperação será difícil."
1503,"Tirei uma nota alta na prova difícil, estou aliviado. me senti produtivo e o trabalho fluiu bem. minha cabeça não desliga, repasso tudo mil vezes antes de dormir. choveu o dia todo, não consegui sair para a rua. as preocupações de ontem diminuíram hoje. meu estômago está revirado só de pensar na próxima apresentação."
1504,"Estou animado com o novo tópico da matéria. estou sempre preocupado com o que pode dar errado. consegui ter um bom tempo de descanso hoje. consegui me organizar bem para a prova. meu estômago está revirado só de pensar na próxima apresentação. sinto que o tempo está correndo e eu estou ficando para trás. durmo mal e acordo com a sensação de não ter descansado. lavei as roupas hoje, a pilha estava gigante. estou exausto. o corpo dói e a mente está lenta."
1505,"Sinto que sou um fardo para minha família e amigos. lavei as roupas hoje, a pilha estava gigante. estou com medo de ser reprovado em duas matérias. sinto um cinismo e irritação com todo mundo da faculdade. a faculdade virou uma tortura, o trabalho nunca acaba."
1506,"Consegui avançar muito no projeto de pesquisa. as coisas parecem sob controle. choveu o dia todo, não consegui sair para a rua. o esforço valeu a pena, senti-me competente."
1507,"Comi uma coisa nova no ru, estava razoável. sinto que sou um fardo para minha família e amigos. minha cabeça não desliga, repasso tudo mil vezes antes de dormir. fui mal na prova e isso só piora meu humor."
1508,"O trânsito estava horrível, cheguei atrasado na primeira aula. estou animado com o novo tópico da matéria."
1509,"Consegui me organizar bem para a prova. consegui avançar muito no projeto de pesquisa. choveu o dia todo, não consegui sair para a rua. me senti produtivo e o trabalho fluiu bem."
1510,"Sinto que o tempo está correndo e eu estou ficando para trás. lavei as roupas hoje, a pilha estava gigante. consegui ter um bom tempo de descanso hoje. as coisas parecem sob controle. tenho tido ataques de pânico leves no meio da noite. minha cabeça não desliga, repasso tudo mil vezes antes de dormir. estou animado com o novo tópico da matéria."
1511,"Não vejo sentido em continuar tentando. lavei as roupas hoje, a pilha estava gigante. tudo parece cinzento e sem cor. estou com medo de ser reprovado em duas matérias."
1512,"Tudo parece cinzento e sem cor. a solidão bateu forte hoje, mesmo estando rodeado de gente. comi uma coisa nova no ru, estava razoável. estou com medo de ser reprovado em duas matérias."
1513,"A solidão bateu forte hoje, mesmo estando rodeado de gente. tenho acumulado muitas faltas, a recuperação será difícil. lavei as roupas hoje, a pilha estava gigante."
1514,"Comi uma coisa nova no ru, estava razoável. estou animado com o novo tópico da matéria. não estou sentindo aquela pressão de antes. o esforço valeu a pena, senti-me competente."
1515,"Tenho tido ataques de pânico leves no meio da noite. lavei as roupas hoje, a pilha estava gigante. estou exausto. o corpo dói e a mente está lenta. quero largar tudo e sumir para ter paz mental. fui mal na prova e isso só piora meu humor. sinto que sou um fardo para minha família e amigos. é um esforço enorme levantar da cama."
1516,"Choveu o dia todo, não consegui sair para a rua. não estou sentindo aquela pressão de antes. tirei uma nota alta na prova difícil, estou aliviado. me senti produtivo e o trabalho fluiu bem. a faculdade virou uma tortura, o trabalho nunca acaba. estou desorientado e não consigo manter o foco em nada."
1517,"Tudo parece cinzento e sem cor. fui mal na prova e isso só piora meu humor. não vejo sentido em continuar tentando. o trânsito estava horrível, cheguei atrasado na primeira aula."
1518,"Estou animado com o novo tópico da matéria. comi uma coisa nova no ru, estava razoável. estou exausto. o corpo dói e a mente está lenta. é um esforço enorme levantar da cama."
1519,"Lavei as roupas hoje, a pilha estava gigante. sinto um cinismo e irritação com todo mundo da faculdade. não vejo sentido em continuar tentando. a faculdade virou uma tortura, o trabalho nunca acaba. fui mal na prova e isso só piora meu humor."
1520,"Estou exausto. o corpo dói e a mente está lenta. tirei uma nota alta na prova difícil, estou aliviado. não estou sentindo aquela pressão de antes. lavei as roupas hoje, a pilha estava gigante. organizei minha rotina e a exaustão diminuiu."
1521,"Fui mal na prova e isso só piora meu humor. organizei minha rotina e a exaustão diminuiu. o trânsito estava horrível, cheguei atrasado na primeira aula. não estou sentindo aquela pressão de antes."
1522,"Consegui avançar muito no projeto de pesquisa. o esforço valeu a pena, senti-me competente. comi uma coisa nova no ru, estava razoável. não estou sentindo aquela pressão de antes."
1523,"Sinto que o tempo está correndo e eu estou ficando para trás. o trânsito estava horrível, cheguei atrasado na primeira aula. tudo parece cinzento e sem cor. o tcc está travado, não consigo escrever uma linha coerente."
1524,"O esforço valeu a pena, senti-me competente. não estou sentindo aquela pressão de antes. choveu o dia todo, não consegui sair para a rua. minhas notas vieram boas, o esforço valeu a pena!."
1525,"Consegui avançar muito no projeto de pesquisa. comi uma coisa nova no ru, estava razoável. as coisas parecem sob controle. me senti produtivo e o trabalho fluiu bem."
1526,"As preocupações de ontem diminuíram hoje. o trânsito estava horrível, cheguei atrasado na primeira aula. estou animado com o novo tópico da matéria. organizei minha rotina e a exaustão diminuiu."
1527,"O esforço valeu a pena, senti-me competente. lavei as roupas hoje, a pilha estava gigante. estou sempre preocupado com o que pode dar errado. fui mal na prova e isso só piora meu humor. as coisas parecem sob controle."
1528,"Sinto que o tempo está correndo e eu estou ficando para trás. quero largar tudo e sumir para ter paz mental. choveu o dia todo, não consegui sair para a rua. estou com medo de ser reprovado em duas matérias."
1529,"Minhas notas refletem meu desinteresse. o trânsito estava horrível, cheguei atrasado na primeira aula. sinto que o tempo está correndo e eu estou ficando para trás."
1530,"Lavei as roupas hoje, a pilha estava gigante. tenho acumulado muitas faltas, a recuperação será difícil. tudo parece cinzento e sem cor."
1531,"Não consigo parar de pensar no prazo final. comi uma coisa nova no ru, estava razoável. meu estômago está revirado só de pensar na próxima apresentação. não estou sentindo aquela pressão de antes. me senti produtivo e o trabalho fluiu bem. consegui avançar muito no projeto de pesquisa. tenho tido ataques de pânico leves no meio da noite."
1532,"O trânsito estava horrível, cheguei atrasado na primeira aula. minhas notas vieram boas, o esforço valeu a pena!. a solidão bateu forte hoje, mesmo estando rodeado de gente."
1533,"Estou animado com o novo tópico da matéria. não estou sentindo aquela pressão de antes. me senti produtivo e o trabalho fluiu bem. comi uma coisa nova no ru, estava razoável."
1534,"Choveu o dia todo, não consegui sair para a rua. me senti produtivo e o trabalho fluiu bem. não estou sentindo aquela pressão de antes. consegui avançar muito no projeto de pesquisa. não consigo parar de pensar no prazo final."
1535,"Choveu o dia todo, não consegui sair para a rua. o esforço valeu a pena, senti-me competente. consegui avançar muito no projeto de pesquisa. não estou sentindo aquela pressão de antes."
1536,"Me senti produtivo e o trabalho fluiu bem. choveu o dia todo, não consegui sair para a rua. tirei uma nota alta na prova difícil, estou aliviado. as coisas parecem sob controle. tenho tido ataques de pânico leves no meio da noite. minha cabeça não desliga, repasso tudo mil vezes antes de dormir. não consigo parar de pensar no prazo final."
1537,"Não sinto mais prazer nas coisas que gostava. tenho acumulado muitas faltas, a recuperação será difícil. tudo parece cinzento e sem cor. comi uma coisa nova no ru, estava razoável."
1538,"Sinto que sou um fardo para minha família e amigos. fui mal na prova e isso só piora meu humor. lavei as roupas hoje, a pilha estava gigante. não vejo sentido em continuar tentando. minha cabeça não desliga, repasso tudo mil vezes antes de dormir."
1539,"Comi uma coisa nova no ru, estava razoável. o esforço valeu a pena, senti-me competente. consegui me organizar bem para a prova. tenho tido ataques de pânico leves no meio da noite. tirei uma nota alta na prova difícil, estou aliviado."
1540,"Quero largar tudo e sumir para ter paz mental. estou animado com o novo tópico da matéria. sinto que o tempo está correndo e eu estou ficando para trás. não sinto mais prazer nas coisas que gostava. é um esforço enorme levantar da cama. lavei as roupas hoje, a pilha estava gigante."
1541,"Minha cabeça não desliga, repasso tudo mil vezes antes de dormir. estou sempre preocupado com o que pode dar errado. sinto que sou um fardo para minha família e amigos. lavei as roupas hoje, a pilha estava gigante. não sinto mais prazer nas coisas que gostava. fui mal na prova e isso só piora meu humor. sinto que o tempo está correndo e eu estou ficando para trás."
1542,"As coisas parecem sob controle. minha cabeça não desliga, repasso tudo mil vezes antes de dormir. consegui avançar muito no projeto de pesquisa. choveu o dia todo, não consegui sair para a rua. o esforço valeu a pena, senti-me competente."
1543,"Minhas notas refletem meu desinteresse. não vejo sentido em continuar tentando. lavei as roupas hoje, a pilha estava gigante. não sinto mais prazer nas coisas que gostava."
1544,"Estou sempre preocupado com o que pode dar errado. o trânsito estava horrível, cheguei atrasado na primeira aula. o esforço valeu a pena, senti-me competente. minha cabeça não desliga, repasso tudo mil vezes antes de dormir. meu estômago está revirado só de pensar na próxima apresentação. as coisas parecem sob controle. estou animado com o novo tópico da matéria."
1545,"Consegui avançar muito no projeto de pesquisa. comi uma coisa nova no ru, estava razoável. não sinto mais prazer nas coisas que gostava."
1546,"Estou desorientado e não consigo manter o foco em nada. o tcc está travado, não consigo escrever uma linha coerente. quero largar tudo e sumir para ter paz mental. lavei as roupas hoje, a pilha estava gigante. não consigo parar de pensar no prazo final. sinto que sou um fardo para minha família e amigos. meu estômago está revirado só de pensar na próxima apresentação."
1547,"Minhas notas refletem meu desinteresse. tudo parece cinzento e sem cor. é um esforço enorme levantar da cama. lavei as roupas hoje, a pilha estava gigante."
1548,"Minhas notas refletem meu desinteresse. lavei as roupas hoje, a pilha estava gigante. não consigo parar de pensar no prazo final. minha cabeça não desliga, repasso tudo mil vezes antes de dormir. sinto que o tempo está correndo e eu estou ficando para trás."
1549,"O trânsito estava horrível, cheguei atrasado na primeira aula. não vejo sentido em continuar tentando. estou com medo de ser reprovado em duas matérias. durmo mal e acordo com a sensação de não ter descansado."
1550,"Meu estômago está revirado só de pensar na próxima apresentação. estou sempre preocupado com o que pode dar errado. tenho tido ataques de pânico leves no meio da noite. o tcc está travado, não consigo escrever uma linha coerente. não vejo sentido em continuar tentando. lavei as roupas hoje, a pilha estava gigante."
1551,"Estou com medo de ser reprovado em duas matérias. sinto que sou um fardo para minha família e amigos. lavei as roupas hoje, a pilha estava gigante."
1552,"Minha cabeça não desliga, repasso tudo mil vezes antes de dormir. choveu o dia todo, não consegui sair para a rua. estou sempre preocupado com o que pode dar errado. tenho acumulado muitas faltas, a recuperação será difícil. sinto que o tempo está correndo e eu estou ficando para trás. a faculdade virou uma tortura, o trabalho nunca acaba. não estou sentindo aquela pressão de antes. o esforço valeu a pena, senti-me competente. durmo mal e acordo com a sensação de não ter descansado."
1553,"Tenho tido ataques de pânico leves no meio da noite. tudo parece cinzento e sem cor. o tcc está travado, não consigo escrever uma linha coerente. o trânsito estava horrível, cheguei atrasado na primeira aula. não consigo parar de pensar no prazo final. sinto que sou um fardo para minha família e amigos."
1554,"As coisas parecem sob controle. comi uma coisa nova no ru, estava razoável. me senti produtivo e o trabalho fluiu bem. tirei uma nota alta na prova difícil, estou aliviado."
1555,"O trânsito estava horrível, cheguei atrasado na primeira aula. tirei uma nota alta na prova difícil, estou aliviado. o esforço valeu a pena, senti-me competente. as preocupações de ontem diminuíram hoje."
1556,"Lavei as roupas hoje, a pilha estava gigante. consegui avançar muito no projeto de pesquisa. as coisas parecem sob controle. consegui ter um bom tempo de descanso hoje."
1557,"As preocupações de ontem diminuíram hoje. tenho acumulado muitas faltas, a recuperação será difícil. choveu o dia todo, não consegui sair para a rua. quero largar tudo e sumir para ter paz mental. organizei minha rotina e a exaustão diminuiu."
1558,"Minhas notas vieram boas, o esforço valeu a pena!. consegui ter um bom tempo de descanso hoje. choveu o dia todo, não consegui sair para a rua. consegui me organizar bem para a prova."
1559,"Consegui ter um bom tempo de descanso hoje. não consigo parar de pensar no prazo final. estou animado com o novo tópico da matéria. meu estômago está revirado só de pensar na próxima apresentação. as coisas parecem sob controle. comi uma coisa nova no ru, estava razoável. quero largar tudo e sumir para ter paz mental."
1560,"Não consigo parar de pensar no prazo final. sinto que sou um fardo para minha família e amigos. comi uma coisa nova no ru, estava razoável. o tcc está travado, não consigo escrever uma linha coerente. é um esforço enorme levantar da cama."
1561,"Comi uma coisa nova no ru, estava razoável. sinto um cinismo e irritação com todo mundo da faculdade. tirei uma nota alta na prova difícil, estou aliviado. não estou sentindo aquela pressão de antes. consegui ter um bom tempo de descanso hoje."
1562,"Estou animado com o novo tópico da matéria. sinto um cinismo e irritação com todo mundo da faculdade. minha cabeça não desliga, repasso tudo mil vezes antes de dormir. organizei minha rotina e a exaustão diminuiu. estou sempre preocupado com o que pode dar errado. o trânsito estava horrível, cheguei atrasado na primeira aula. não estou sentindo aquela pressão de antes."
1563,"Comi uma coisa nova no ru, estava razoável. sinto que o tempo está correndo e eu estou ficando para trás. o tcc está travado, não consigo escrever uma linha coerente. estou sempre preocupado com o que pode dar errado."
1564,"Não vejo sentido em continuar tentando. a solidão bateu forte hoje, mesmo estando rodeado de gente. lavei as roupas hoje, a pilha estava gigante. fui mal na prova e isso só piora meu humor."
1565,"As coisas parecem sob controle. tirei uma nota alta na prova difícil, estou aliviado. organizei minha rotina e a exaustão diminuiu. o trânsito estava horrível, cheguei atrasado na primeira aula."
1566,"Consegui me organizar bem para a prova. consegui ter um bom tempo de descanso hoje. o trânsito estava horrível, cheguei atrasado na primeira aula. tirei uma nota alta na prova difícil, estou aliviado. meu estômago está revirado só de pensar na próxima apresentação."
1567,"A solidão bateu forte hoje, mesmo estando rodeado de gente. estou com medo de ser reprovado em duas matérias. choveu o dia todo, não consegui sair para a rua. a faculdade virou uma tortura, o trabalho nunca acaba. tudo parece cinzento e sem cor."
1568,"Sinto que sou um fardo para minha família e amigos. o tcc está travado, não consigo escrever uma linha coerente. lavei as roupas hoje, a pilha estava gigante."
1569,"Comi uma coisa nova no ru, estava razoável. consegui ter um bom tempo de descanso hoje. consegui avançar muito no projeto de pesquisa. não estou sentindo aquela pressão de antes."
1570,"Minha cabeça não desliga, repasso tudo mil vezes antes de dormir. comi uma coisa nova no ru, estava razoável. meu estômago está revirado só de pensar na próxima apresentação. minhas notas refletem meu desinteresse. tudo parece cinzento e sem cor. é um esforço enorme levantar da cama."
1571,"Estou sempre preocupado com o que pode dar errado. tenho tido ataques de pânico leves no meio da noite. comi uma coisa nova no ru, estava razoável. o tcc está travado, não consigo escrever uma linha coerente. é um esforço enorme levantar da cama."
1572,"Meu estômago está revirado só de pensar na próxima apresentação. consegui me organizar bem para a prova. estou animado com o novo tópico da matéria. comi uma coisa nova no ru, estava razoável. me senti produtivo e o trabalho fluiu bem."
1573,"Tenho tido ataques de pânico leves no meio da noite. tenho acumulado muitas faltas, a recuperação será difícil. lavei as roupas hoje, a pilha estava gigante. meu estômago está revirado só de pensar na próxima apresentação. a solidão bateu forte hoje, mesmo estando rodeado de gente."
1574,"Tenho tido ataques de pânico leves no meio da noite. choveu o dia todo, não consegui sair para a rua. consegui me organizar bem para a prova. o esforço valeu a pena, senti-me competente. tirei uma nota alta na prova difícil, estou aliviado."
1575,"O trânsito estava horrível, cheguei atrasado na primeira aula. tudo parece cinzento e sem cor. estou animado com o novo tópico da matéria."
1576,"Sinto que o tempo está correndo e eu estou ficando para trás. tirei uma nota alta na prova difícil, estou aliviado. meu estômago está revirado só de pensar na próxima apresentação. me senti produtivo e o trabalho fluiu bem. choveu o dia todo, não consegui sair para a rua. estou sempre preocupado com o que pode dar errado. as preocupações de ontem diminuíram hoje."
1577,"O trânsito estava horrível, cheguei atrasado na primeira aula. é um esforço enorme levantar da cama. fui mal na prova e isso só piora meu humor."
1578,"Não consigo parar de pensar no prazo final. tudo parece cinzento e sem cor. minha cabeça não desliga, repasso tudo mil vezes antes de dormir. tenho acumulado muitas faltas, a recuperação será difícil. choveu o dia todo, não consegui sair para a rua. meu estômago está revirado só de pensar na próxima apresentação. não sinto mais prazer nas coisas que gostava."
1579,"Lavei as roupas hoje, a pilha estava gigante. meu estômago está revirado só de pensar na próxima apresentação. o tcc está travado, não consigo escrever uma linha coerente. tudo parece cinzento e sem cor."
1580,"Tenho tido ataques de pânico leves no meio da noite. choveu o dia todo, não consegui sair para a rua. minhas notas refletem meu desinteresse. a solidão bateu forte hoje, mesmo estando rodeado de gente."
1581,"Meu estômago está revirado só de pensar na próxima apresentação. fui mal na prova e isso só piora meu humor. não vejo sentido em continuar tentando. é um esforço enorme levantar da cama. tenho tido ataques de pânico leves no meio da noite. o trânsito estava horrível, cheguei atrasado na primeira aula. sinto que o tempo está correndo e eu estou ficando para trás."
1582,"Estou exausto. o corpo dói e a mente está lenta. meu estômago está revirado só de pensar na próxima apresentação. choveu o dia todo, não consegui sair para a rua. não estou sentindo aquela pressão de antes. tenho tido ataques de pânico leves no meio da noite. consegui avançar muito no projeto de pesquisa. o esforço valeu a pena, senti-me competente."
1583,"Estou com medo de ser reprovado em duas matérias. sinto que o tempo está correndo e eu estou ficando para trás. estou sempre preocupado com o que pode dar errado. tenho tido ataques de pânico leves no meio da noite. comi uma coisa nova no ru, estava razoável."
1584,"Choveu o dia todo, não consegui sair para a rua. o tcc está travado, não consigo escrever uma linha coerente. consegui me organizar bem para a prova. meu estômago está revirado só de pensar na próxima apresentação. organizei minha rotina e a exaustão diminuiu."
1585,"As coisas parecem sob controle. choveu o dia todo, não consegui sair para a rua. estou animado com o novo tópico da matéria. o esforço valeu a pena, senti-me competente."
1586,"Minha cabeça não desliga, repasso tudo mil vezes antes de dormir. estou desorientado e não consigo manter o foco em nada. estou animado com o novo tópico da matéria. não consigo parar de pensar no prazo final. consegui me organizar bem para a prova. comi uma coisa nova no ru, estava razoável. me senti produtivo e o trabalho fluiu bem."
1587,"Choveu o dia todo, não consegui sair para a rua. tirei uma nota alta na prova difícil, estou aliviado. consegui me organizar bem para a prova. me senti produtivo e o trabalho fluiu bem."
1588,"Estou animado com o novo tópico da matéria. comi uma coisa nova no ru, estava razoável."
1589,"Minhas notas vieram boas, o esforço valeu a pena!. meu estômago está revirado só de pensar na próxima apresentação. choveu o dia todo, não consegui sair para a rua. tenho tido ataques de pânico leves no meio da noite. tudo parece cinzento e sem cor."
1590,"Sinto que sou um fardo para minha família e amigos. o trânsito estava horrível, cheguei atrasado na primeira aula. minha cabeça não desliga, repasso tudo mil vezes antes de dormir. minhas notas refletem meu desinteresse. tenho tido ataques de pânico leves no meio da noite. é um esforço enorme levantar da cama. meu estômago está revirado só de pensar na próxima apresentação."
1591,"As coisas parecem sob controle. minhas notas vieram boas, o esforço valeu a pena!. choveu o dia todo, não consegui sair para a rua. o esforço valeu a pena, senti-me competente."
1592,"Consegui ter um bom tempo de descanso hoje. o trânsito estava horrível, cheguei atrasado na primeira aula. minhas notas vieram boas, o esforço valeu a pena!. as preocupações de ontem diminuíram hoje."
1593,"Estou sempre preocupado com o que pode dar errado. minhas notas vieram boas, o esforço valeu a pena!. minha cabeça não desliga, repasso tudo mil vezes antes de dormir. me senti produtivo e o trabalho fluiu bem. choveu o dia todo, não consegui sair para a rua. as preocupações de ontem diminuíram hoje."
1594,"As coisas parecem sob controle. o trânsito estava horrível, cheguei atrasado na primeira aula. me senti produtivo e o trabalho fluiu bem. minhas notas vieram boas, o esforço valeu a pena!. durmo mal e acordo com a sensação de não ter descansado."
1595,"Não sinto mais prazer nas coisas que gostava. lavei as roupas hoje, a pilha estava gigante. tudo parece cinzento e sem cor. minhas notas refletem meu desinteresse."
1596,"Choveu o dia todo, não consegui sair para a rua. minhas notas vieram boas, o esforço valeu a pena!. me senti produtivo e o trabalho fluiu bem. as preocupações de ontem diminuíram hoje."
1597,"Lavei as roupas hoje, a pilha estava gigante. tenho acumulado muitas faltas, a recuperação será difícil. sinto que sou um fardo para minha família e amigos. não vejo sentido em continuar tentando. quero largar tudo e sumir para ter paz mental. estou exausto. o corpo dói e a mente está lenta."
1598,"Tirei uma nota alta na prova difícil, estou aliviado. consegui ter um bom tempo de descanso hoje. choveu o dia todo, não consegui sair para a rua. as preocupações de ontem diminuíram hoje."
1599,"O trânsito estava horrível, cheguei atrasado na primeira aula. o tcc está travado, não consigo escrever uma linha coerente."
1600,"Não consigo parar de pensar no prazo final. durmo mal e acordo com a sensação de não ter descansado. minha cabeça não desliga, repasso tudo mil vezes antes de dormir. não vejo sentido em continuar tentando. tenho acumulado muitas faltas, a recuperação será difícil. sinto que sou um fardo para minha família e amigos. tenho tido ataques de pânico leves no meio da noite. estou desorientado e não consigo manter o foco em nada. lavei as roupas hoje, a pilha estava gigante."
1601,"Lavei as roupas hoje, a pilha estava gigante. fui mal na prova e isso só piora meu humor. não sinto mais prazer nas coisas que gostava. sinto que sou um fardo para minha família e amigos."
1602,"Consegui avançar muito no projeto de pesquisa. não vejo sentido em continuar tentando. estou sempre preocupado com o que pode dar errado. choveu o dia todo, não consegui sair para a rua."
1603,"O trânsito estava horrível, cheguei atrasado na primeira aula. sinto que sou um fardo para minha família e amigos. não sinto mais prazer nas coisas que gostava. minhas notas refletem meu desinteresse."
1604,"O tcc está travado, não consigo escrever uma linha coerente. sinto que sou um fardo para minha família e amigos. lavei as roupas hoje, a pilha estava gigante. a solidão bateu forte hoje, mesmo estando rodeado de gente."
1605,"Lavei as roupas hoje, a pilha estava gigante. estou sempre preocupado com o que pode dar errado. minha cabeça não desliga, repasso tudo mil vezes antes de dormir. consegui avançar muito no projeto de pesquisa. não sinto mais prazer nas coisas que gostava."
1606,"Organizei minha rotina e a exaustão diminuiu. consegui avançar muito no projeto de pesquisa. choveu o dia todo, não consegui sair para a rua. estou desorientado e não consigo manter o foco em nada. as coisas parecem sob controle."
1607,"Sinto que sou um fardo para minha família e amigos. tenho acumulado muitas faltas, a recuperação será difícil. lavei as roupas hoje, a pilha estava gigante. não consigo parar de pensar no prazo final. sinto que o tempo está correndo e eu estou ficando para trás. tenho tido ataques de pânico leves no meio da noite."
1608,"Choveu o dia todo, não consegui sair para a rua. as preocupações de ontem diminuíram hoje. minha cabeça não desliga, repasso tudo mil vezes antes de dormir. tenho tido ataques de pânico leves no meio da noite. consegui ter um bom tempo de descanso hoje. consegui avançar muito no projeto de pesquisa."
1609,"É um esforço enorme levantar da cama. lavei as roupas hoje, a pilha estava gigante. fui mal na prova e isso só piora meu humor."
1610,"O trânsito estava horrível, cheguei atrasado na primeira aula. tenho acumulado muitas faltas, a recuperação será difícil. sinto que sou um fardo para minha família e amigos."
1611,"Estou desorientado e não consigo manter o foco em nada. não sinto mais prazer nas coisas que gostava. o tcc está travado, não consigo escrever uma linha coerente. comi uma coisa nova no ru, estava razoável."
1612,"Lavei as roupas hoje, a pilha estava gigante. o esforço valeu a pena, senti-me competente. consegui avançar muito no projeto de pesquisa. não estou sentindo aquela pressão de antes."
1613,"O trânsito estava horrível, cheguei atrasado na primeira aula. consegui avançar muito no projeto de pesquisa. consegui me organizar bem para a prova. organizei minha rotina e a exaustão diminuiu."
1614,"As coisas parecem sob controle. minhas notas vieram boas, o esforço valeu a pena!. comi uma coisa nova no ru, estava razoável. organizei minha rotina e a exaustão diminuiu. a faculdade virou uma tortura, o trabalho nunca acaba."
1615,"Minha cabeça não desliga, repasso tudo mil vezes antes de dormir. as coisas parecem sob controle. me senti produtivo e o trabalho fluiu bem. o trânsito estava horrível, cheguei atrasado na primeira aula. tirei uma nota alta na prova difícil, estou aliviado."
1616,"As coisas parecem sob controle. estou animado com o novo tópico da matéria. me senti produtivo e o trabalho fluiu bem. comi uma coisa nova no ru, estava razoável."
1617,"O esforço valeu a pena, senti-me competente. minhas notas vieram boas, o esforço valeu a pena!. comi uma coisa nova no ru, estava razoável. as preocupações de ontem diminuíram hoje."
1618,"Meu estômago está revirado só de pensar na próxima apresentação. o tcc está travado, não consigo escrever uma linha coerente. durmo mal e acordo com a sensação de não ter descansado. a faculdade virou uma tortura, o trabalho nunca acaba. tudo parece cinzento e sem cor. choveu o dia todo, não consegui sair para a rua. minha cabeça não desliga, repasso tudo mil vezes antes de dormir. sinto que o tempo está correndo e eu estou ficando para trás."
1619,"Choveu o dia todo, não consegui sair para a rua. estou animado com o novo tópico da matéria. não consigo parar de pensar no prazo final."
1620,"Minha cabeça não desliga, repasso tudo mil vezes antes de dormir. comi uma coisa nova no ru, estava razoável. sinto que o tempo está correndo e eu estou ficando para trás. tenho tido ataques de pânico leves no meio da noite. o tcc está travado, não consigo escrever uma linha coerente. quero largar tudo e sumir para ter paz mental."
1621,"Choveu o dia todo, não consegui sair para a rua. as coisas parecem sob controle. minhas notas vieram boas, o esforço valeu a pena!. organizei minha rotina e a exaustão diminuiu."
1622,"Lavei as roupas hoje, a pilha estava gigante. sinto que sou um fardo para minha família e amigos. a faculdade virou uma tortura, o trabalho nunca acaba. consegui avançar muito no projeto de pesquisa. estou desorientado e não consigo manter o foco em nada."
1623,"Consegui me organizar bem para a prova. minhas notas vieram boas, o esforço valeu a pena!. choveu o dia todo, não consegui sair para a rua. o esforço valeu a pena, senti-me competente."
1624,"Lavei as roupas hoje, a pilha estava gigante. tirei uma nota alta na prova difícil, estou aliviado. as preocupações de ontem diminuíram hoje. consegui ter um bom tempo de descanso hoje."
1625,"Choveu o dia todo, não consegui sair para a rua. minha cabeça não desliga, repasso tudo mil vezes antes de dormir. tirei uma nota alta na prova difícil, estou aliviado. organizei minha rotina e a exaustão diminuiu. não estou sentindo aquela pressão de antes. não consigo parar de pensar no prazo final."
1626,"É um esforço enorme levantar da cama. tirei uma nota alta na prova difícil, estou aliviado. tudo parece cinzento e sem cor. o trânsito estava horrível, cheguei atrasado na primeira aula."
1627,"Minha cabeça não desliga, repasso tudo mil vezes antes de dormir. choveu o dia todo, não consegui sair para a rua. meu estômago está revirado só de pensar na próxima apresentação. não vejo sentido em continuar tentando. o tcc está travado, não consigo escrever uma linha coerente. tenho tido ataques de pânico leves no meio da noite."
1628,"Minhas notas refletem meu desinteresse. estou exausto. o corpo dói e a mente está lenta. durmo mal e acordo com a sensação de não ter descansado. as coisas parecem sob controle. choveu o dia todo, não consegui sair para a rua. sinto que o tempo está correndo e eu estou ficando para trás. organizei minha rotina e a exaustão diminuiu. meu estômago está revirado só de pensar na próxima apresentação."
1629,"Não estou sentindo aquela pressão de antes. organizei minha rotina e a exaustão diminuiu. estou animado com o novo tópico da matéria. lavei as roupas hoje, a pilha estava gigante."
1630,"Sinto que o tempo está correndo e eu estou ficando para trás. lavei as roupas hoje, a pilha estava gigante. estou com medo de ser reprovado em duas matérias. minha cabeça não desliga, repasso tudo mil vezes antes de dormir."
1631,"Minhas notas vieram boas, o esforço valeu a pena!. a solidão bateu forte hoje, mesmo estando rodeado de gente. lavei as roupas hoje, a pilha estava gigante. não sinto mais prazer nas coisas que gostava."
1632,"Minhas notas vieram boas, o esforço valeu a pena!. lavei as roupas hoje, a pilha estava gigante. consegui me organizar bem para a prova. me senti produtivo e o trabalho fluiu bem."
1633,"Sinto que o tempo está correndo e eu estou ficando para trás. minha cabeça não desliga, repasso tudo mil vezes antes de dormir. sinto que sou um fardo para minha família e amigos. o trânsito estava horrível, cheguei atrasado na primeira aula. fui mal na prova e isso só piora meu humor. estou sempre preocupado com o que pode dar errado. é um esforço enorme levantar da cama."
1634,"Minhas notas refletem meu desinteresse. não sinto mais prazer nas coisas que gostava. comi uma coisa nova no ru, estava razoável. sinto que o tempo está correndo e eu estou ficando para trás."
1635,"O trânsito estava horrível, cheguei atrasado na primeira aula. estou com medo de ser reprovado em duas matérias."
1636,"Consegui avançar muito no projeto de pesquisa. não estou sentindo aquela pressão de antes. organizei minha rotina e a exaustão diminuiu. choveu o dia todo, não consegui sair para a rua."
1637,"A solidão bateu forte hoje, mesmo estando rodeado de gente. é um esforço enorme levantar da cama. fui mal na prova e isso só piora meu humor. o trânsito estava horrível, cheguei atrasado na primeira aula."
1638,"Tenho acumulado muitas faltas, a recuperação será difícil. meu estômago está revirado só de pensar na próxima apresentação. comi uma coisa nova no ru, estava razoável. sinto que o tempo está correndo e eu estou ficando para trás. sinto que sou um fardo para minha família e amigos. não vejo sentido em continuar tentando. estou sempre preocupado com o que pode dar errado."
1639,"O trânsito estava horrível, cheguei atrasado na primeira aula. organizei minha rotina e a exaustão diminuiu. as coisas parecem sob controle. minhas notas vieram boas, o esforço valeu a pena!."
1640,"Consegui me organizar bem para a prova. o esforço valeu a pena, senti-me competente. choveu o dia todo, não consegui sair para a rua. consegui avançar muito no projeto de pesquisa."
1641,"Estou animado com o novo tópico da matéria. não estou sentindo aquela pressão de antes. choveu o dia todo, não consegui sair para a rua. o esforço valeu a pena, senti-me competente."
1642,"Lavei as roupas hoje, a pilha estava gigante. organizei minha rotina e a exaustão diminuiu. tirei uma nota alta na prova difícil, estou aliviado. meu estômago está revirado só de pensar na próxima apresentação. não consigo parar de pensar no prazo final. consegui me organizar bem para a prova."
1643,"Minha cabeça não desliga, repasso tudo mil vezes antes de dormir. estou animado com o novo tópico da matéria. comi uma coisa nova no ru, estava razoável. não consigo parar de pensar no prazo final. as preocupações de ontem diminuíram hoje. sinto que o tempo está correndo e eu estou ficando para trás. consegui ter um bom tempo de descanso hoje."
1644,"As preocupações de ontem diminuíram hoje. sinto que o tempo está correndo e eu estou ficando para trás. o trânsito estava horrível, cheguei atrasado na primeira aula. organizei minha rotina e a exaustão diminuiu. não consigo parar de pensar no prazo final. minhas notas vieram boas, o esforço valeu a pena!."
1645,"Meu estômago está revirado só de pensar na próxima apresentação. a solidão bateu forte hoje, mesmo estando rodeado de gente. minhas notas refletem meu desinteresse. minha cabeça não desliga, repasso tudo mil vezes antes de dormir. o trânsito estava horrível, cheguei atrasado na primeira aula."
1646,"Estou animado com o novo tópico da matéria. me senti produtivo e o trabalho fluiu bem. não estou sentindo aquela pressão de antes. o trânsito estava horrível, cheguei atrasado na primeira aula."
1647,"Minhas notas vieram boas, o esforço valeu a pena!. consegui me organizar bem para a prova. consegui ter um bom tempo de descanso hoje. lavei as roupas hoje, a pilha estava gigante."
1648,"Estou animado com o novo tópico da matéria. lavei as roupas hoje, a pilha estava gigante. não estou sentindo aquela pressão de antes. me senti produtivo e o trabalho fluiu bem."
1649,"Estou com medo de ser reprovado em duas matérias. meu estômago está revirado só de pensar na próxima apresentação. a solidão bateu forte hoje, mesmo estando rodeado de gente. sinto que o tempo está correndo e eu estou ficando para trás. tudo parece cinzento e sem cor. choveu o dia todo, não consegui sair para a rua."
1650,"O esforço valeu a pena, senti-me competente. lavei as roupas hoje, a pilha estava gigante. estou animado com o novo tópico da matéria. as coisas parecem sob controle."
1651,"Choveu o dia todo, não consegui sair para a rua. estou animado com o novo tópico da matéria. me senti produtivo e o trabalho fluiu bem. as preocupações de ontem diminuíram hoje."
1652,"Consegui me organizar bem para a prova. consegui ter um bom tempo de descanso hoje. comi uma coisa nova no ru, estava razoável. tenho acumulado muitas faltas, a recuperação será difícil."
1653,"Consegui avançar muito no projeto de pesquisa. lavei as roupas hoje, a pilha estava gigante. não consigo parar de pensar no prazo final. estou sempre preocupado com o que pode dar errado. sinto que o tempo está correndo e eu estou ficando para trás."
1654,"Comi uma coisa nova no ru, estava razoável. as preocupações de ontem diminuíram hoje. consegui ter um bom tempo de descanso hoje. minhas notas vieram boas, o esforço valeu a pena!."
1655,"Organizei minha rotina e a exaustão diminuiu. lavei as roupas hoje, a pilha estava gigante. minha cabeça não desliga, repasso tudo mil vezes antes de dormir. estou exausto. o corpo dói e a mente está lenta. consegui avançar muito no projeto de pesquisa. tenho tido ataques de pânico leves no meio da noite. as coisas parecem sob controle."
1656,"Meu estômago está revirado só de pensar na próxima apresentação. tenho acumulado muitas faltas, a recuperação será difícil. não consigo parar de pensar no prazo final. comi uma coisa nova no ru, estava razoável."
1657,"É um esforço enorme levantar da cama. choveu o dia todo, não consegui sair para a rua. sinto que o tempo está correndo e eu estou ficando para trás. minhas notas refletem meu desinteresse. não sinto mais prazer nas coisas que gostava."
1658,"Estou animado com o novo tópico da matéria. organizei minha rotina e a exaustão diminuiu. consegui me organizar bem para a prova. sinto um cinismo e irritação com todo mundo da faculdade. o trânsito estava horrível, cheguei atrasado na primeira aula."
1659,"Choveu o dia todo, não consegui sair para a rua. organizei minha rotina e a exaustão diminuiu. consegui me organizar bem para a prova. minha cabeça não desliga, repasso tudo mil vezes antes de dormir. tirei uma nota alta na prova difícil, estou aliviado."
1660,"Organizei minha rotina e a exaustão diminuiu. o trânsito estava horrível, cheguei atrasado na primeira aula. as coisas parecem sob controle. tirei uma nota alta na prova difícil, estou aliviado."
1661,"O trânsito estava horrível, cheguei atrasado na primeira aula. minhas notas refletem meu desinteresse. tenho tido ataques de pânico leves no meio da noite. estou sempre preocupado com o que pode dar errado."
1662,"Comi uma coisa nova no ru, estava razoável. a solidão bateu forte hoje, mesmo estando rodeado de gente. estou com medo de ser reprovado em duas matérias. não vejo sentido em continuar tentando. minha cabeça não desliga, repasso tudo mil vezes antes de dormir."
1663,"Tenho acumulado muitas faltas, a recuperação será difícil. o trânsito estava horrível, cheguei atrasado na primeira aula. é um esforço enorme levantar da cama."
1664,"Organizei minha rotina e a exaustão diminuiu. o trânsito estava horrível, cheguei atrasado na primeira aula. as coisas parecem sob controle. estou animado com o novo tópico da matéria."
1665,"O trânsito estava horrível, cheguei atrasado na primeira aula. não sinto mais prazer nas coisas que gostava. minhas notas refletem meu desinteresse. estou sempre preocupado com o que pode dar errado. não consigo parar de pensar no prazo final."
1666,"Sinto que sou um fardo para minha família e amigos. tirei uma nota alta na prova difícil, estou aliviado. choveu o dia todo, não consegui sair para a rua."
1667,"Choveu o dia todo, não consegui sair para a rua. minhas notas refletem meu desinteresse. a faculdade virou uma tortura, o trabalho nunca acaba. estou exausto. o corpo dói e a mente está lenta. não consigo parar de pensar no prazo final."
1668,"Comi uma coisa nova no ru, estava razoável. minha cabeça não desliga, repasso tudo mil vezes antes de dormir. tenho tido ataques de pânico leves no meio da noite. minhas notas refletem meu desinteresse. meu estômago está revirado só de pensar na próxima apresentação."
1669,"Comi uma coisa nova no ru, estava razoável. estou com medo de ser reprovado em duas matérias."
1670,"Minhas notas refletem meu desinteresse. lavei as roupas hoje, a pilha estava gigante. não consigo parar de pensar no prazo final. meu estômago está revirado só de pensar na próxima apresentação. não vejo sentido em continuar tentando. tenho tido ataques de pânico leves no meio da noite."
1671,"Sinto que sou um fardo para minha família e amigos. fui mal na prova e isso só piora meu humor. não consigo parar de pensar no prazo final. choveu o dia todo, não consegui sair para a rua. estou exausto. o corpo dói e a mente está lenta. não vejo sentido em continuar tentando."
1672,"Consegui ter um bom tempo de descanso hoje. consegui me organizar bem para a prova. meu estômago está revirado só de pensar na próxima apresentação. lavei as roupas hoje, a pilha estava gigante. não consigo parar de pensar no prazo final. consegui avançar muito no projeto de pesquisa."
1673,"Choveu o dia todo, não consegui sair para a rua. tenho tido ataques de pânico leves no meio da noite. minhas notas vieram boas, o esforço valeu a pena!. não sinto mais prazer nas coisas que gostava. meu estômago está revirado só de pensar na próxima apresentação. estou sempre preocupado com o que pode dar errado."
1674,"Lavei as roupas hoje, a pilha estava gigante. não estou sentindo aquela pressão de antes. meu estômago está revirado só de pensar na próxima apresentação. organizei minha rotina e a exaustão diminuiu. minhas notas vieram boas, o esforço valeu a pena!."
1675,"Choveu o dia todo, não consegui sair para a rua. me senti produtivo e o trabalho fluiu bem. as preocupações de ontem diminuíram hoje. estou animado com o novo tópico da matéria."
1676,"Lavei as roupas hoje, a pilha estava gigante. tirei uma nota alta na prova difícil, estou aliviado. durmo mal e acordo com a sensação de não ter descansado. consegui ter um bom tempo de descanso hoje. estou exausto. o corpo dói e a mente está lenta. não estou sentindo aquela pressão de antes."
1677,"Meu estômago está revirado só de pensar na próxima apresentação. as coisas parecem sob controle. o trânsito estava horrível, cheguei atrasado na primeira aula. estou animado com o novo tópico da matéria. consegui ter um bom tempo de descanso hoje. sinto que o tempo está correndo e eu estou ficando para trás. minha cabeça não desliga, repasso tudo mil vezes antes de dormir."
1678,"Não vejo sentido em continuar tentando. tenho acumulado muitas faltas, a recuperação será difícil. lavei as roupas hoje, a pilha estava gigante. estou exausto. o corpo dói e a mente está lenta."
1679,"Choveu o dia todo, não consegui sair para a rua. consegui ter um bom tempo de descanso hoje. consegui me organizar bem para a prova. tirei uma nota alta na prova difícil, estou aliviado."
1680,"Não estou sentindo aquela pressão de antes. comi uma coisa nova no ru, estava razoável. consegui ter um bom tempo de descanso hoje. consegui avançar muito no projeto de pesquisa."
1681,"Lavei as roupas hoje, a pilha estava gigante. consegui avançar muito no projeto de pesquisa. consegui ter um bom tempo de descanso hoje. as preocupações de ontem diminuíram hoje. minha cabeça não desliga, repasso tudo mil vezes antes de dormir. sinto que o tempo está correndo e eu estou ficando para trás. estou sempre preocupado com o que pode dar errado."
1682,"Consegui avançar muito no projeto de pesquisa. choveu o dia todo, não consegui sair para a rua. as preocupações de ontem diminuíram hoje. consegui ter um bom tempo de descanso hoje."
1683,"Me senti produtivo e o trabalho fluiu bem. consegui avançar muito no projeto de pesquisa. estou sempre preocupado com o que pode dar errado. o trânsito estava horrível, cheguei atrasado na primeira aula. não estou sentindo aquela pressão de antes."
1684,"Lavei as roupas hoje, a pilha estava gigante. me senti produtivo e o trabalho fluiu bem. consegui avançar muito no projeto de pesquisa. as coisas parecem sob controle."
1685,"Sinto que o tempo está correndo e eu estou ficando para trás. minha cabeça não desliga, repasso tudo mil vezes antes de dormir. não consigo parar de pensar no prazo final. comi uma coisa nova no ru, estava razoável. fui mal na prova e isso só piora meu humor."
1686,"Consegui avançar muito no projeto de pesquisa. a faculdade virou uma tortura, o trabalho nunca acaba. sinto um cinismo e irritação com todo mundo da faculdade. consegui ter um bom tempo de descanso hoje. as preocupações de ontem diminuíram hoje. o trânsito estava horrível, cheguei atrasado na primeira aula."
1687,"Lavei as roupas hoje, a pilha estava gigante. sinto que o tempo está correndo e eu estou ficando para trás. não vejo sentido em continuar tentando. não consigo parar de pensar no prazo final. fui mal na prova e isso só piora meu humor. não sinto mais prazer nas coisas que gostava."
1688,"Tenho tido ataques de pânico leves no meio da noite. estou desorientado e não consigo manter o foco em nada. estou sempre preocupado com o que pode dar errado. é um esforço enorme levantar da cama. não consigo parar de pensar no prazo final. estou animado com o novo tópico da matéria. choveu o dia todo, não consegui sair para a rua."
1689,"Minhas notas vieram boas, o esforço valeu a pena!. choveu o dia todo, não consegui sair para a rua. sinto que sou um fardo para minha família e amigos."
1690,"A solidão bateu forte hoje, mesmo estando rodeado de gente. não sinto mais prazer nas coisas que gostava. minhas notas refletem meu desinteresse. comi uma coisa nova no ru, estava razoável."
1691,"Consegui me organizar bem para a prova. choveu o dia todo, não consegui sair para a rua. consegui avançar muito no projeto de pesquisa. organizei minha rotina e a exaustão diminuiu."
1692,"Estou animado com o novo tópico da matéria. sinto que o tempo está correndo e eu estou ficando para trás. comi uma coisa nova no ru, estava razoável."
1693,"Consegui me organizar bem para a prova. estou animado com o novo tópico da matéria. lavei as roupas hoje, a pilha estava gigante. o esforço valeu a pena, senti-me competente."
1694,"Sinto que sou um fardo para minha família e amigos. tenho acumulado muitas faltas, a recuperação será difícil. comi uma coisa nova no ru, estava razoável."
1695,"Estou animado com o novo tópico da matéria. não estou sentindo aquela pressão de antes. não consigo parar de pensar no prazo final. consegui ter um bom tempo de descanso hoje. lavei as roupas hoje, a pilha estava gigante."
1696,"Tirei uma nota alta na prova difícil, estou aliviado. não sinto mais prazer nas coisas que gostava. o trânsito estava horrível, cheguei atrasado na primeira aula."
1697,"Minha cabeça não desliga, repasso tudo mil vezes antes de dormir. o esforço valeu a pena, senti-me competente. estou sempre preocupado com o que pode dar errado. meu estômago está revirado só de pensar na próxima apresentação. consegui avançar muito no projeto de pesquisa. as coisas parecem sob controle. lavei as roupas hoje, a pilha estava gigante."
1698,"Estou desorientado e não consigo manter o foco em nada. a faculdade virou uma tortura, o trabalho nunca acaba. o esforço valeu a pena, senti-me competente. estou animado com o novo tópico da matéria. não estou sentindo aquela pressão de antes. comi uma coisa nova no ru, estava razoável."
1699,"Tudo parece cinzento e sem cor. o trânsito estava horrível, cheguei atrasado na primeira aula. estou sempre preocupado com o que pode dar errado. estou com medo de ser reprovado em duas matérias."
1700,"Choveu o dia todo, não consegui sair para a rua. fui mal na prova e isso só piora meu humor. sinto que o tempo está correndo e eu estou ficando para trás. não vejo sentido em continuar tentando."
1701,"Choveu o dia todo, não consegui sair para a rua. tirei uma nota alta na prova difícil, estou aliviado."
1702,"É um esforço enorme levantar da cama. comi uma coisa nova no ru, estava razoável. a solidão bateu forte hoje, mesmo estando rodeado de gente. estou com medo de ser reprovado em duas matérias."
1703,"Meu estômago está revirado só de pensar na próxima apresentação. sinto que sou um fardo para minha família e amigos. é um esforço enorme levantar da cama. lavei as roupas hoje, a pilha estava gigante. tenho acumulado muitas faltas, a recuperação será difícil."
1704,"Me senti produtivo e o trabalho fluiu bem. o trânsito estava horrível, cheguei atrasado na primeira aula. o tcc está travado, não consigo escrever uma linha coerente. as coisas parecem sob controle."
1705,"Tirei uma nota alta na prova difícil, estou aliviado. me senti produtivo e o trabalho fluiu bem. lavei as roupas hoje, a pilha estava gigante. consegui me organizar bem para a prova."
1706,"Lavei as roupas hoje, a pilha estava gigante. o tcc está travado, não consigo escrever uma linha coerente. minha cabeça não desliga, repasso tudo mil vezes antes de dormir. não vejo sentido em continuar tentando."
1707,"O trânsito estava horrível, cheguei atrasado na primeira aula. consegui avançar muito no projeto de pesquisa. consegui ter um bom tempo de descanso hoje. consegui me organizar bem para a prova."
1708,"Sinto que o tempo está correndo e eu estou ficando para trás. comi uma coisa nova no ru, estava razoável. as coisas parecem sob controle. o esforço valeu a pena, senti-me competente. o tcc está travado, não consigo escrever uma linha coerente. sinto um cinismo e irritação com todo mundo da faculdade. tenho tido ataques de pânico leves no meio da noite."
1709,"Organizei minha rotina e a exaustão diminuiu. as preocupações de ontem diminuíram hoje. não consigo parar de pensar no prazo final. estou com medo de ser reprovado em duas matérias. choveu o dia todo, não consegui sair para a rua."
1710,"Sinto que o tempo está correndo e eu estou ficando para trás. estou sempre preocupado com o que pode dar errado. o trânsito estava horrível, cheguei atrasado na primeira aula. o esforço valeu a pena, senti-me competente. tirei uma nota alta na prova difícil, estou aliviado. tenho tido ataques de pânico leves no meio da noite. não estou sentindo aquela pressão de antes."
1711,"Estou sempre preocupado com o que pode dar errado. tenho acumulado muitas faltas, a recuperação será difícil. comi uma coisa nova no ru, estava razoável. não consigo parar de pensar no prazo final. é um esforço enorme levantar da cama."
1712,"Comi uma coisa nova no ru, estava razoável. fui mal na prova e isso só piora meu humor. a solidão bateu forte hoje, mesmo estando rodeado de gente."
1713,"Choveu o dia todo, não consegui sair para a rua. minhas notas vieram boas, o esforço valeu a pena!. organizei minha rotina e a exaustão diminuiu. as preocupações de ontem diminuíram hoje."
1714,"Estou animado com o novo tópico da matéria. é um esforço enorme levantar da cama. não sinto mais prazer nas coisas que gostava. lavei as roupas hoje, a pilha estava gigante."
1715,"Lavei as roupas hoje, a pilha estava gigante. tirei uma nota alta na prova difícil, estou aliviado. as coisas parecem sob controle. o esforço valeu a pena, senti-me competente."
1716,"Organizei minha rotina e a exaustão diminuiu. choveu o dia todo, não consegui sair para a rua. consegui avançar muito no projeto de pesquisa. não estou sentindo aquela pressão de antes."
1717,"Estou animado com o novo tópico da matéria. consegui me organizar bem para a prova. me senti produtivo e o trabalho fluiu bem. o trânsito estava horrível, cheguei atrasado na primeira aula."
1718,"Comi uma coisa nova no ru, estava razoável. sinto que o tempo está correndo e eu estou ficando para trás. não consigo parar de pensar no prazo final. estou sempre preocupado com o que pode dar errado. minhas notas refletem meu desinteresse."
1719,"O esforço valeu a pena, senti-me competente. minha cabeça não desliga, repasso tudo mil vezes antes de dormir. não estou sentindo aquela pressão de antes. meu estômago está revirado só de pensar na próxima apresentação. estou sempre preocupado com o que pode dar errado. consegui avançar muito no projeto de pesquisa. o trânsito estava horrível, cheguei atrasado na primeira aula."
1720,"Minha cabeça não desliga, repasso tudo mil vezes antes de dormir. estou sempre preocupado com o que pode dar errado. minhas notas vieram boas, o esforço valeu a pena!. o trânsito estava horrível, cheguei atrasado na primeira aula. tudo parece cinzento e sem cor."
1721,"Choveu o dia todo, não consegui sair para a rua. tirei uma nota alta na prova difícil, estou aliviado. não vejo sentido em continuar tentando."
1722,"Tenho tido ataques de pânico leves no meio da noite. meu estômago está revirado só de pensar na próxima apresentação. consegui ter um bom tempo de descanso hoje. minhas notas vieram boas, o esforço valeu a pena!. não consigo parar de pensar no prazo final. não estou sentindo aquela pressão de antes. lavei as roupas hoje, a pilha estava gigante."
1723,"Minhas notas refletem meu desinteresse. lavei as roupas hoje, a pilha estava gigante. é um esforço enorme levantar da cama. não vejo sentido em continuar tentando."
1724,"O trânsito estava horrível, cheguei atrasado na primeira aula. tenho acumulado muitas faltas, a recuperação será difícil. estou desorientado e não consigo manter o foco em nada. sinto um cinismo e irritação com todo mundo da faculdade. não sinto mais prazer nas coisas que gostava."
1725,"Tenho acumulado muitas faltas, a recuperação será difícil. sinto que o tempo está correndo e eu estou ficando para trás. tenho tido ataques de pânico leves no meio da noite. não consigo parar de pensar no prazo final. comi uma coisa nova no ru, estava razoável."
1726,"As coisas parecem sob controle. consegui avançar muito no projeto de pesquisa. durmo mal e acordo com a sensação de não ter descansado. o esforço valeu a pena, senti-me competente. lavei as roupas hoje, a pilha estava gigante."
1727,"Tudo parece cinzento e sem cor. lavei as roupas hoje, a pilha estava gigante. fui mal na prova e isso só piora meu humor."
1728,"O trânsito estava horrível, cheguei atrasado na primeira aula. sinto que o tempo está correndo e eu estou ficando para trás. minhas notas refletem meu desinteresse. meu estômago está revirado só de pensar na próxima apresentação."
1729,"Comi uma coisa nova no ru, estava razoável. não estou sentindo aquela pressão de antes. organizei minha rotina e a exaustão diminuiu. consegui avançar muito no projeto de pesquisa."
1730,"Me senti produtivo e o trabalho fluiu bem. tirei uma nota alta na prova difícil, estou aliviado. estou sempre preocupado com o que pode dar errado. lavei as roupas hoje, a pilha estava gigante. as coisas parecem sob controle."
1731,"Minhas notas refletem meu desinteresse. o trânsito estava horrível, cheguei atrasado na primeira aula. não vejo sentido em continuar tentando."
1732,"Tenho tido ataques de pânico leves no meio da noite. sinto que o tempo está correndo e eu estou ficando para trás. não sinto mais prazer nas coisas que gostava. minhas notas refletem meu desinteresse. meu estômago está revirado só de pensar na próxima apresentação. choveu o dia todo, não consegui sair para a rua."
1733,"Estou exausto. o corpo dói e a mente está lenta. comi uma coisa nova no ru, estava razoável. não sinto mais prazer nas coisas que gostava. tudo parece cinzento e sem cor. o tcc está travado, não consigo escrever uma linha coerente."
1734,"Comi uma coisa nova no ru, estava razoável. consegui me organizar bem para a prova. sinto que o tempo está correndo e eu estou ficando para trás. minhas notas vieram boas, o esforço valeu a pena!. me senti produtivo e o trabalho fluiu bem."
1735,"As coisas parecem sob controle. não consigo parar de pensar no prazo final. lavei as roupas hoje, a pilha estava gigante. o esforço valeu a pena, senti-me competente. consegui avançar muito no projeto de pesquisa."
1736,"O esforço valeu a pena, senti-me competente. as preocupações de ontem diminuíram hoje. o trânsito estava horrível, cheguei atrasado na primeira aula. minha cabeça não desliga, repasso tudo mil vezes antes de dormir. minhas notas vieram boas, o esforço valeu a pena!."
1737,"Organizei minha rotina e a exaustão diminuiu. lavei as roupas hoje, a pilha estava gigante. as preocupações de ontem diminuíram hoje. estou animado com o novo tópico da matéria. minha cabeça não desliga, repasso tudo mil vezes antes de dormir."
1738,"Durmo mal e acordo com a sensação de não ter descansado. consegui me organizar bem para a prova. consegui avançar muito no projeto de pesquisa. o esforço valeu a pena, senti-me competente. choveu o dia todo, não consegui sair para a rua. sinto um cinismo e irritação com todo mundo da faculdade."
1739,"Choveu o dia todo, não consegui sair para a rua. tudo parece cinzento e sem cor. tenho tido ataques de pânico leves no meio da noite. tenho acumulado muitas faltas, a recuperação será difícil. sinto que o tempo está correndo e eu estou ficando para trás."
1740,"Organizei minha rotina e a exaustão diminuiu. choveu o dia todo, não consegui sair para a rua. as coisas parecem sob controle. estou sempre preocupado com o que pode dar errado. consegui avançar muito no projeto de pesquisa. tenho tido ataques de pânico leves no meio da noite. sinto que o tempo está correndo e eu estou ficando para trás."
1741,"Não consigo parar de pensar no prazo final. minhas notas refletem meu desinteresse. tenho tido ataques de pânico leves no meio da noite. estou sempre preocupado com o que pode dar errado. tudo parece cinzento e sem cor. o trânsito estava horrível, cheguei atrasado na primeira aula. sinto que sou um fardo para minha família e amigos."
1742,"Fui mal na prova e isso só piora meu humor. a solidão bateu forte hoje, mesmo estando rodeado de gente. choveu o dia todo, não consegui sair para a rua. sinto que o tempo está correndo e eu estou ficando para trás."
1743,"A solidão bateu forte hoje, mesmo estando rodeado de gente. o tcc está travado, não consigo escrever uma linha coerente. sinto que sou um fardo para minha família e amigos. lavei as roupas hoje, a pilha estava gigante."
1744,"Estou sempre preocupado com o que pode dar errado. não estou sentindo aquela pressão de antes. consegui ter um bom tempo de descanso hoje. o trânsito estava horrível, cheguei atrasado na primeira aula. tirei uma nota alta na prova difícil, estou aliviado. tenho tido ataques de pânico leves no meio da noite. minha cabeça não desliga, repasso tudo mil vezes antes de dormir."
1745,"Não consigo parar de pensar no prazo final. estou animado com o novo tópico da matéria. comi uma coisa nova no ru, estava razoável. tudo parece cinzento e sem cor."
1746,"O tcc está travado, não consigo escrever uma linha coerente. tudo parece cinzento e sem cor. sinto que o tempo está correndo e eu estou ficando para trás. choveu o dia todo, não consegui sair para a rua."
1747,"Minhas notas vieram boas, o esforço valeu a pena!. sinto que o tempo está correndo e eu estou ficando para trás. tenho tido ataques de pânico leves no meio da noite. não vejo sentido em continuar tentando. comi uma coisa nova no ru, estava razoável. estou sempre preocupado com o que pode dar errado. sinto que sou um fardo para minha família e amigos."
1748,"Tudo parece cinzento e sem cor. é um esforço enorme levantar da cama. o trânsito estava horrível, cheguei atrasado na primeira aula. minhas notas vieram boas, o esforço valeu a pena!."
1749,"Tenho acumulado muitas faltas, a recuperação será difícil. não sinto mais prazer nas coisas que gostava. é um esforço enorme levantar da cama. choveu o dia todo, não consegui sair para a rua."
1750,"Minha cabeça não desliga, repasso tudo mil vezes antes de dormir. tenho tido ataques de pânico leves no meio da noite. organizei minha rotina e a exaustão diminuiu. consegui me organizar bem para a prova. o trânsito estava horrível, cheguei atrasado na primeira aula. estou animado com o novo tópico da matéria. estou sempre preocupado com o que pode dar errado."
1751,"Não consigo parar de pensar no prazo final. sinto que o tempo está correndo e eu estou ficando para trás. minhas notas refletem meu desinteresse. o trânsito estava horrível, cheguei atrasado na primeira aula. sinto que sou um fardo para minha família e amigos."
1752,"É um esforço enorme levantar da cama. lavei as roupas hoje, a pilha estava gigante. tudo parece cinzento e sem cor. estou com medo de ser reprovado em duas matérias."
1753,"Não sinto mais prazer nas coisas que gostava. lavei as roupas hoje, a pilha estava gigante. fui mal na prova e isso só piora meu humor. tenho tido ataques de pânico leves no meio da noite."
1754,"Comi uma coisa nova no ru, estava razoável. a solidão bateu forte hoje, mesmo estando rodeado de gente. tudo parece cinzento e sem cor. fui mal na prova e isso só piora meu humor."
1755,"Organizei minha rotina e a exaustão diminuiu. lavei as roupas hoje, a pilha estava gigante. quero largar tudo e sumir para ter paz mental. estou animado com o novo tópico da matéria. durmo mal e acordo com a sensação de não ter descansado. consegui me organizar bem para a prova."
1756,"Tenho acumulado muitas faltas, a recuperação será difícil. comi uma coisa nova no ru, estava razoável."
1757,"Tenho tido ataques de pânico leves no meio da noite. lavei as roupas hoje, a pilha estava gigante. fui mal na prova e isso só piora meu humor."
1758,"Tirei uma nota alta na prova difícil, estou aliviado. me senti produtivo e o trabalho fluiu bem. lavei as roupas hoje, a pilha estava gigante. durmo mal e acordo com a sensação de não ter descansado. não estou sentindo aquela pressão de antes."
1759,"Choveu o dia todo, não consegui sair para a rua. não consigo parar de pensar no prazo final. tirei uma nota alta na prova difícil, estou aliviado. sinto que o tempo está correndo e eu estou ficando para trás. as preocupações de ontem diminuíram hoje. consegui ter um bom tempo de descanso hoje."
1760,"Não estou sentindo aquela pressão de antes. tirei uma nota alta na prova difícil, estou aliviado. organizei minha rotina e a exaustão diminuiu. comi uma coisa nova no ru, estava razoável."
1761,"Tirei uma nota alta na prova difícil, estou aliviado. não estou sentindo aquela pressão de antes. o esforço valeu a pena, senti-me competente. lavei as roupas hoje, a pilha estava gigante."
1762,"Não vejo sentido em continuar tentando. o trânsito estava horrível, cheguei atrasado na primeira aula. estou animado com o novo tópico da matéria. sinto que sou um fardo para minha família e amigos."
1763,"O trânsito estava horrível, cheguei atrasado na primeira aula. estou animado com o novo tópico da matéria. não estou sentindo aquela pressão de antes. o esforço valeu a pena, senti-me competente."
1764,"Organizei minha rotina e a exaustão diminuiu. as coisas parecem sob controle. o tcc está travado, não consigo escrever uma linha coerente. o trânsito estava horrível, cheguei atrasado na primeira aula."
1765,"É um esforço enorme levantar da cama. tenho acumulado muitas faltas, a recuperação será difícil. comi uma coisa nova no ru, estava razoável. não vejo sentido em continuar tentando."
1766,"O trânsito estava horrível, cheguei atrasado na primeira aula. as coisas parecem sob controle. tirei uma nota alta na prova difícil, estou aliviado. me senti produtivo e o trabalho fluiu bem."
1767,"Não sinto mais prazer nas coisas que gostava. o trânsito estava horrível, cheguei atrasado na primeira aula. minhas notas refletem meu desinteresse."
1768,"Não estou sentindo aquela pressão de antes. consegui ter um bom tempo de descanso hoje. estou animado com o novo tópico da matéria. choveu o dia todo, não consegui sair para a rua."
1769,"Tenho acumulado muitas faltas, a recuperação será difícil. estou exausto. o corpo dói e a mente está lenta. lavei as roupas hoje, a pilha estava gigante."
1770,"Consegui ter um bom tempo de descanso hoje. consegui me organizar bem para a prova. choveu o dia todo, não consegui sair para a rua. minhas notas vieram boas, o esforço valeu a pena!."
1771,"O trânsito estava horrível, cheguei atrasado na primeira aula. estou com medo de ser reprovado em duas matérias. tudo parece cinzento e sem cor. estou sempre preocupado com o que pode dar errado. não vejo sentido em continuar tentando."
1772,"Minha cabeça não desliga, repasso tudo mil vezes antes de dormir. tenho tido ataques de pânico leves no meio da noite. comi uma coisa nova no ru, estava razoável. estou animado com o novo tópico da matéria. as preocupações de ontem diminuíram hoje. sinto que o tempo está correndo e eu estou ficando para trás. consegui ter um bom tempo de descanso hoje."
1773,"As preocupações de ontem diminuíram hoje. consegui ter um bom tempo de descanso hoje. estou animado com o novo tópico da matéria. o trânsito estava horrível, cheguei atrasado na primeira aula."
1774,"Consegui ter um bom tempo de descanso hoje. estou sempre preocupado com o que pode dar errado. sinto que o tempo está correndo e eu estou ficando para trás. choveu o dia todo, não consegui sair para a rua. as coisas parecem sob controle. minhas notas vieram boas, o esforço valeu a pena!."
1775,"A solidão bateu forte hoje, mesmo estando rodeado de gente. lavei as roupas hoje, a pilha estava gigante. não sinto mais prazer nas coisas que gostava. estou com medo de ser reprovado em duas matérias."
1776,"Choveu o dia todo, não consegui sair para a rua. meu estômago está revirado só de pensar na próxima apresentação. tirei uma nota alta na prova difícil, estou aliviado. não consigo parar de pensar no prazo final. tenho tido ataques de pânico leves no meio da noite. as coisas parecem sob controle. o esforço valeu a pena, senti-me competente."
1777,"Estou sempre preocupado com o que pode dar errado. tudo parece cinzento e sem cor. fui mal na prova e isso só piora meu humor. lavei as roupas hoje, a pilha estava gigante. a solidão bateu forte hoje, mesmo estando rodeado de gente."
1778,"Tudo parece cinzento e sem cor. a solidão bateu forte hoje, mesmo estando rodeado de gente. minhas notas vieram boas, o esforço valeu a pena!. choveu o dia todo, não consegui sair para a rua."
1779,"Tenho tido ataques de pânico leves no meio da noite. estou sempre preocupado com o que pode dar errado. comi uma coisa nova no ru, estava razoável. tirei uma nota alta na prova difícil, estou aliviado. não sinto mais prazer nas coisas que gostava."
1780,"Quero largar tudo e sumir para ter paz mental. fui mal na prova e isso só piora meu humor. choveu o dia todo, não consegui sair para a rua. não vejo sentido em continuar tentando. tudo parece cinzento e sem cor."
1781,"Comi uma coisa nova no ru, estava razoável. minhas notas refletem meu desinteresse. a solidão bateu forte hoje, mesmo estando rodeado de gente. sinto que sou um fardo para minha família e amigos."
1782,"Estou animado com o novo tópico da matéria. choveu o dia todo, não consegui sair para a rua. tenho tido ataques de pânico leves no meio da noite. sinto que o tempo está correndo e eu estou ficando para trás. estou sempre preocupado com o que pode dar errado."
1783,"Meu estômago está revirado só de pensar na próxima apresentação. estou com medo de ser reprovado em duas matérias. lavei as roupas hoje, a pilha estava gigante. não consigo parar de pensar no prazo final."
1784,"O tcc está travado, não consigo escrever uma linha coerente. o trânsito estava horrível, cheguei atrasado na primeira aula. durmo mal e acordo com a sensação de não ter descansado. tudo parece cinzento e sem cor."
1785,"Meu estômago está revirado só de pensar na próxima apresentação. o tcc está travado, não consigo escrever uma linha coerente. tenho tido ataques de pânico leves no meio da noite. é um esforço enorme levantar da cama. choveu o dia todo, não consegui sair para a rua."
1786,"Não sinto mais prazer nas coisas que gostava. minhas notas vieram boas, o esforço valeu a pena!. sinto que sou um fardo para minha família e amigos. comi uma coisa nova no ru, estava razoável."
1787,"O trânsito estava horrível, cheguei atrasado na primeira aula. consegui avançar muito no projeto de pesquisa. sinto um cinismo e irritação com todo mundo da faculdade. o esforço valeu a pena, senti-me competente. as coisas parecem sob controle."
1788,"Fui mal na prova e isso só piora meu humor. minha cabeça não desliga, repasso tudo mil vezes antes de dormir. choveu o dia todo, não consegui sair para a rua. a faculdade virou uma tortura, o trabalho nunca acaba."
1789,"Não sinto mais prazer nas coisas que gostava. o trânsito estava horrível, cheguei atrasado na primeira aula. sinto que o tempo está correndo e eu estou ficando para trás. estou com medo de ser reprovado em duas matérias. sinto que sou um fardo para minha família e amigos."
1790,"Não sinto mais prazer nas coisas que gostava. a solidão bateu forte hoje, mesmo estando rodeado de gente. estou com medo de ser reprovado em duas matérias. o trânsito estava horrível, cheguei atrasado na primeira aula."
1791,"Comi uma coisa nova no ru, estava razoável. minha cabeça não desliga, repasso tudo mil vezes antes de dormir. minhas notas vieram boas, o esforço valeu a pena!. sinto que sou um fardo para minha família e amigos. sinto que o tempo está correndo e eu estou ficando para trás. não consigo parar de pensar no prazo final."
1792,"O esforço valeu a pena, senti-me competente. não estou sentindo aquela pressão de antes. lavei as roupas hoje, a pilha estava gigante. a faculdade virou uma tortura, o trabalho nunca acaba. estou animado com o novo tópico da matéria."
1793,"Comi uma coisa nova no ru, estava razoável. minha cabeça não desliga, repasso tudo mil vezes antes de dormir. meu estômago está revirado só de pensar na próxima apresentação. estou desorientado e não consigo manter o foco em nada. consegui avançar muito no projeto de pesquisa. a faculdade virou uma tortura, o trabalho nunca acaba."
1794,"A solidão bateu forte hoje, mesmo estando rodeado de gente. lavei as roupas hoje, a pilha estava gigante. sinto um cinismo e irritação com todo mundo da faculdade. estou com medo de ser reprovado em duas matérias."
1795,"Choveu o dia todo, não consegui sair para a rua. é um esforço enorme levantar da cama. minha cabeça não desliga, repasso tudo mil vezes antes de dormir. não sinto mais prazer nas coisas que gostava. tenho acumulado muitas faltas, a recuperação será difícil. sinto que o tempo está correndo e eu estou ficando para trás."
1796,"O trânsito estava horrível, cheguei atrasado na primeira aula. fui mal na prova e isso só piora meu humor. tudo parece cinzento e sem cor."
1797,"Sinto um cinismo e irritação com todo mundo da faculdade. não estou sentindo aquela pressão de antes. estou desorientado e não consigo manter o foco em nada. consegui ter um bom tempo de descanso hoje. estou animado com o novo tópico da matéria. comi uma coisa nova no ru, estava razoável."
1798,"Consegui ter um bom tempo de descanso hoje. as coisas parecem sob controle. quero largar tudo e sumir para ter paz mental. comi uma coisa nova no ru, estava razoável. consegui avançar muito no projeto de pesquisa."
1799,"Fui mal na prova e isso só piora meu humor. sinto que sou um fardo para minha família e amigos. comi uma coisa nova no ru, estava razoável. não vejo sentido em continuar tentando."
1800,"Lavei as roupas hoje, a pilha estava gigante. minhas notas vieram boas, o esforço valeu a pena!. é um esforço enorme levantar da cama."
1801,"Comi uma coisa nova no ru, estava razoável. é um esforço enorme levantar da cama. tenho acumulado muitas faltas, a recuperação será difícil."
1802,"Não consigo parar de pensar no prazo final. choveu o dia todo, não consegui sair para a rua. estou animado com o novo tópico da matéria."
1803,"Choveu o dia todo, não consegui sair para a rua. a solidão bateu forte hoje, mesmo estando rodeado de gente. minhas notas refletem meu desinteresse."
1804,"Tenho acumulado muitas faltas, a recuperação será difícil. lavei as roupas hoje, a pilha estava gigante. tudo parece cinzento e sem cor."
1805,"Tenho acumulado muitas faltas, a recuperação será difícil. tudo parece cinzento e sem cor. o trânsito estava horrível, cheguei atrasado na primeira aula. é um esforço enorme levantar da cama."
1806,"Não sinto mais prazer nas coisas que gostava. choveu o dia todo, não consegui sair para a rua. fui mal na prova e isso só piora meu humor."
1807,"Meu estômago está revirado só de pensar na próxima apresentação. não vejo sentido em continuar tentando. é um esforço enorme levantar da cama. o trânsito estava horrível, cheguei atrasado na primeira aula. tenho tido ataques de pânico leves no meio da noite. tenho acumulado muitas faltas, a recuperação será difícil. não consigo parar de pensar no prazo final."
1808,"Não vejo sentido em continuar tentando. choveu o dia todo, não consegui sair para a rua. o tcc está travado, não consigo escrever uma linha coerente. a faculdade virou uma tortura, o trabalho nunca acaba. durmo mal e acordo com a sensação de não ter descansado. é um esforço enorme levantar da cama."
1809,"Lavei as roupas hoje, a pilha estava gigante. tenho tido ataques de pânico leves no meio da noite. tudo parece cinzento e sem cor. estou sempre preocupado com o que pode dar errado. o tcc está travado, não consigo escrever uma linha coerente."
1810,"A solidão bateu forte hoje, mesmo estando rodeado de gente. choveu o dia todo, não consegui sair para a rua. tenho tido ataques de pânico leves no meio da noite. estou com medo de ser reprovado em duas matérias. minha cabeça não desliga, repasso tudo mil vezes antes de dormir."
1811,"Lavei as roupas hoje, a pilha estava gigante. consegui avançar muito no projeto de pesquisa. organizei minha rotina e a exaustão diminuiu. as preocupações de ontem diminuíram hoje."
1812,"Consegui me organizar bem para a prova. comi uma coisa nova no ru, estava razoável. minhas notas vieram boas, o esforço valeu a pena!. organizei minha rotina e a exaustão diminuiu."
1813,"As coisas parecem sob controle. lavei as roupas hoje, a pilha estava gigante. consegui ter um bom tempo de descanso hoje. tirei uma nota alta na prova difícil, estou aliviado."
1814,"Consegui ter um bom tempo de descanso hoje. não estou sentindo aquela pressão de antes. o trânsito estava horrível, cheguei atrasado na primeira aula. consegui avançar muito no projeto de pesquisa."
1815,"Tenho acumulado muitas faltas, a recuperação será difícil. choveu o dia todo, não consegui sair para a rua."
1816,"Meu estômago está revirado só de pensar na próxima apresentação. comi uma coisa nova no ru, estava razoável. tenho tido ataques de pânico leves no meio da noite. tirei uma nota alta na prova difícil, estou aliviado. sinto que o tempo está correndo e eu estou ficando para trás. quero largar tudo e sumir para ter paz mental. não sinto mais prazer nas coisas que gostava."
1817,"Sinto um cinismo e irritação com todo mundo da faculdade. estou animado com o novo tópico da matéria. não estou sentindo aquela pressão de antes. organizei minha rotina e a exaustão diminuiu. choveu o dia todo, não consegui sair para a rua."
1818,"Comi uma coisa nova no ru, estava razoável. consegui avançar muito no projeto de pesquisa. tudo parece cinzento e sem cor. não sinto mais prazer nas coisas que gostava."
1819,"Organizei minha rotina e a exaustão diminuiu. consegui avançar muito no projeto de pesquisa. as preocupações de ontem diminuíram hoje. comi uma coisa nova no ru, estava razoável."
1820,"Tudo parece cinzento e sem cor. tenho tido ataques de pânico leves no meio da noite. choveu o dia todo, não consegui sair para a rua. tirei uma nota alta na prova difícil, estou aliviado. minha cabeça não desliga, repasso tudo mil vezes antes de dormir."
1821,"Estou animado com o novo tópico da matéria. não vejo sentido em continuar tentando. meu estômago está revirado só de pensar na próxima apresentação. choveu o dia todo, não consegui sair para a rua."
1822,"Tenho tido ataques de pânico leves no meio da noite. o tcc está travado, não consigo escrever uma linha coerente. choveu o dia todo, não consegui sair para a rua. sinto que o tempo está correndo e eu estou ficando para trás. meu estômago está revirado só de pensar na próxima apresentação."
1823,"Lavei as roupas hoje, a pilha estava gigante. o tcc está travado, não consigo escrever uma linha coerente. não vejo sentido em continuar tentando. é um esforço enorme levantar da cama."
1824,"Choveu o dia todo, não consegui sair para a rua. minha cabeça não desliga, repasso tudo mil vezes antes de dormir. o tcc está travado, não consigo escrever uma linha coerente. tenho tido ataques de pânico leves no meio da noite."
1825,"Choveu o dia todo, não consegui sair para a rua. estou com medo de ser reprovado em duas matérias. estou sempre preocupado com o que pode dar errado. sinto que o tempo está correndo e eu estou ficando para trás. a solidão bateu forte hoje, mesmo estando rodeado de gente. não consigo parar de pensar no prazo final."
1826,"Minhas notas vieram boas, o esforço valeu a pena!. as coisas parecem sob controle. o trânsito estava horrível, cheguei atrasado na primeira aula. me senti produtivo e o trabalho fluiu bem."
1827,"Sinto que sou um fardo para minha família e amigos. fui mal na prova e isso só piora meu humor. lavei as roupas hoje, a pilha estava gigante."
1828,"A solidão bateu forte hoje, mesmo estando rodeado de gente. estou com medo de ser reprovado em duas matérias. choveu o dia todo, não consegui sair para a rua."
1829,"Lavei as roupas hoje, a pilha estava gigante. minha cabeça não desliga, repasso tudo mil vezes antes de dormir. fui mal na prova e isso só piora meu humor. meu estômago está revirado só de pensar na próxima apresentação."
1830,"Não sinto mais prazer nas coisas que gostava. estou animado com o novo tópico da matéria. sinto um cinismo e irritação com todo mundo da faculdade. comi uma coisa nova no ru, estava razoável."
1831,"Fui mal na prova e isso só piora meu humor. consegui ter um bom tempo de descanso hoje. o trânsito estava horrível, cheguei atrasado na primeira aula. consegui me organizar bem para a prova."
1832,"Não sinto mais prazer nas coisas que gostava. comi uma coisa nova no ru, estava razoável. minhas notas vieram boas, o esforço valeu a pena!."
1833,"Fui mal na prova e isso só piora meu humor. sinto que sou um fardo para minha família e amigos. comi uma coisa nova no ru, estava razoável."
1834,"Não vejo sentido em continuar tentando. durmo mal e acordo com a sensação de não ter descansado. estou exausto. o corpo dói e a mente está lenta. a solidão bateu forte hoje, mesmo estando rodeado de gente. tenho acumulado muitas faltas, a recuperação será difícil. o trânsito estava horrível, cheguei atrasado na primeira aula."
1835,"Minhas notas vieram boas, o esforço valeu a pena!. consegui me organizar bem para a prova. comi uma coisa nova no ru, estava razoável. consegui ter um bom tempo de descanso hoje. estou desorientado e não consigo manter o foco em nada. estou exausto. o corpo dói e a mente está lenta."
1836,"O tcc está travado, não consigo escrever uma linha coerente. é um esforço enorme levantar da cama. choveu o dia todo, não consegui sair para a rua. não vejo sentido em continuar tentando."
1837,"Tudo parece cinzento e sem cor. consegui avançar muito no projeto de pesquisa. não sinto mais prazer nas coisas que gostava. choveu o dia todo, não consegui sair para a rua."
1838,"Tenho tido ataques de pânico leves no meio da noite. sinto que o tempo está correndo e eu estou ficando para trás. as coisas parecem sob controle. consegui avançar muito no projeto de pesquisa. comi uma coisa nova no ru, estava razoável. o esforço valeu a pena, senti-me competente."
1839,"Minha cabeça não desliga, repasso tudo mil vezes antes de dormir. não sinto mais prazer nas coisas que gostava. não vejo sentido em continuar tentando. choveu o dia todo, não consegui sair para a rua. estou com medo de ser reprovado em duas matérias."
1840,"As preocupações de ontem diminuíram hoje. choveu o dia todo, não consegui sair para a rua. consegui ter um bom tempo de descanso hoje. minhas notas vieram boas, o esforço valeu a pena!."
1841,"O trânsito estava horrível, cheguei atrasado na primeira aula. estou desorientado e não consigo manter o foco em nada. não sinto mais prazer nas coisas que gostava. estou exausto. o corpo dói e a mente está lenta. é um esforço enorme levantar da cama. minhas notas refletem meu desinteresse."
1842,"Tenho tido ataques de pânico leves no meio da noite. tudo parece cinzento e sem cor. sinto que o tempo está correndo e eu estou ficando para trás. minha cabeça não desliga, repasso tudo mil vezes antes de dormir. o trânsito estava horrível, cheguei atrasado na primeira aula. a solidão bateu forte hoje, mesmo estando rodeado de gente. tenho acumulado muitas faltas, a recuperação será difícil."
1843,"Estou desorientado e não consigo manter o foco em nada. quero largar tudo e sumir para ter paz mental. consegui ter um bom tempo de descanso hoje. lavei as roupas hoje, a pilha estava gigante. consegui avançar muito no projeto de pesquisa. consegui me organizar bem para a prova."
1844,"Lavei as roupas hoje, a pilha estava gigante. tirei uma nota alta na prova difícil, estou aliviado. não sinto mais prazer nas coisas que gostava. tudo parece cinzento e sem cor."
1845,"A solidão bateu forte hoje, mesmo estando rodeado de gente. estou exausto. o corpo dói e a mente está lenta. não sinto mais prazer nas coisas que gostava. lavei as roupas hoje, a pilha estava gigante. minhas notas refletem meu desinteresse. durmo mal e acordo com a sensação de não ter descansado."
1846,"As coisas parecem sob controle. minhas notas vieram boas, o esforço valeu a pena!. choveu o dia todo, não consegui sair para a rua. consegui ter um bom tempo de descanso hoje."
1847,"Consegui avançar muito no projeto de pesquisa. o esforço valeu a pena, senti-me competente. as coisas parecem sob controle. lavei as roupas hoje, a pilha estava gigante."
1848,"As coisas parecem sob controle. não consigo parar de pensar no prazo final. organizei minha rotina e a exaustão diminuiu. o trânsito estava horrível, cheguei atrasado na primeira aula. tirei uma nota alta na prova difícil, estou aliviado. meu estômago está revirado só de pensar na próxima apresentação. tenho tido ataques de pânico leves no meio da noite."
1849,"Choveu o dia todo, não consegui sair para a rua. fui mal na prova e isso só piora meu humor. estou sempre preocupado com o que pode dar errado."
1850,"Sinto que o tempo está correndo e eu estou ficando para trás. estou animado com o novo tópico da matéria. choveu o dia todo, não consegui sair para a rua. organizei minha rotina e a exaustão diminuiu. as coisas parecem sob controle."
1851,"Meu estômago está revirado só de pensar na próxima apresentação. é um esforço enorme levantar da cama. minha cabeça não desliga, repasso tudo mil vezes antes de dormir. estou sempre preocupado com o que pode dar errado. estou animado com o novo tópico da matéria. o trânsito estava horrível, cheguei atrasado na primeira aula."
1852,"Consegui me organizar bem para a prova. estou exausto. o corpo dói e a mente está lenta. lavei as roupas hoje, a pilha estava gigante. consegui avançar muito no projeto de pesquisa. organizei minha rotina e a exaustão diminuiu. estou desorientado e não consigo manter o foco em nada."
1853,"Minha cabeça não desliga, repasso tudo mil vezes antes de dormir. as coisas parecem sob controle. consegui avançar muito no projeto de pesquisa. o esforço valeu a pena, senti-me competente. comi uma coisa nova no ru, estava razoável."
1854,"Comi uma coisa nova no ru, estava razoável. não sinto mais prazer nas coisas que gostava. durmo mal e acordo com a sensação de não ter descansado. estou com medo de ser reprovado em duas matérias."
1855,"Consegui me organizar bem para a prova. comi uma coisa nova no ru, estava razoável. estou animado com o novo tópico da matéria. o esforço valeu a pena, senti-me competente. tenho tido ataques de pânico leves no meio da noite."
1856,"Durmo mal e acordo com a sensação de não ter descansado. tirei uma nota alta na prova difícil, estou aliviado. me senti produtivo e o trabalho fluiu bem. choveu o dia todo, não consegui sair para a rua. não estou sentindo aquela pressão de antes. estou desorientado e não consigo manter o foco em nada."
1857,"Não vejo sentido em continuar tentando. tirei uma nota alta na prova difícil, estou aliviado. comi uma coisa nova no ru, estava razoável."
1858,"Meu estômago está revirado só de pensar na próxima apresentação. estou sempre preocupado com o que pode dar errado. tenho acumulado muitas faltas, a recuperação será difícil. comi uma coisa nova no ru, estava razoável."
1859,"Comi uma coisa nova no ru, estava razoável. sinto que sou um fardo para minha família e amigos. tenho tido ataques de pânico leves no meio da noite. não consigo parar de pensar no prazo final. o tcc está travado, não consigo escrever uma linha coerente. tudo parece cinzento e sem cor. meu estômago está revirado só de pensar na próxima apresentação."
1860,"Minhas notas refletem meu desinteresse. o trânsito estava horrível, cheguei atrasado na primeira aula. tudo parece cinzento e sem cor. sinto que sou um fardo para minha família e amigos."
1861,"Choveu o dia todo, não consegui sair para a rua. o tcc está travado, não consigo escrever uma linha coerente. não vejo sentido em continuar tentando."
1862,"Comi uma coisa nova no ru, estava razoável. sinto que sou um fardo para minha família e amigos. tudo parece cinzento e sem cor. estou animado com o novo tópico da matéria."
1863,"Tirei uma nota alta na prova difícil, estou aliviado. as coisas parecem sob controle. choveu o dia todo, não consegui sair para a rua. durmo mal e acordo com a sensação de não ter descansado. consegui ter um bom tempo de descanso hoje. estou exausto. o corpo dói e a mente está lenta."
1864,"Tenho acumulado muitas faltas, a recuperação será difícil. choveu o dia todo, não consegui sair para a rua. sinto que o tempo está correndo e eu estou ficando para trás. não sinto mais prazer nas coisas que gostava."
1865,"Lavei as roupas hoje, a pilha estava gigante. não consigo parar de pensar no prazo final. minhas notas refletem meu desinteresse."
1866,"O esforço valeu a pena, senti-me competente. tirei uma nota alta na prova difícil, estou aliviado. o trânsito estava horrível, cheguei atrasado na primeira aula. não estou sentindo aquela pressão de antes."
1867,"Meu estômago está revirado só de pensar na próxima apresentação. o trânsito estava horrível, cheguei atrasado na primeira aula. fui mal na prova e isso só piora meu humor."
1868,"A solidão bateu forte hoje, mesmo estando rodeado de gente. lavei as roupas hoje, a pilha estava gigante. minhas notas refletem meu desinteresse."
1869,"Minhas notas vieram boas, o esforço valeu a pena!. consegui ter um bom tempo de descanso hoje. as preocupações de ontem diminuíram hoje. estou sempre preocupado com o que pode dar errado. choveu o dia todo, não consegui sair para a rua."
1870,"Não estou sentindo aquela pressão de antes. consegui ter um bom tempo de descanso hoje. tenho acumulado muitas faltas, a recuperação será difícil. choveu o dia todo, não consegui sair para a rua."
1871,"Não estou sentindo aquela pressão de antes. o trânsito estava horrível, cheguei atrasado na primeira aula. organizei minha rotina e a exaustão diminuiu. consegui avançar muito no projeto de pesquisa."
1872,"O esforço valeu a pena, senti-me competente. quero largar tudo e sumir para ter paz mental. sinto um cinismo e irritação com todo mundo da faculdade. comi uma coisa nova no ru, estava razoável. minhas notas vieram boas, o esforço valeu a pena!. não estou sentindo aquela pressão de antes."
1873,"Choveu o dia todo, não consegui sair para a rua. minhas notas refletem meu desinteresse. a faculdade virou uma tortura, o trabalho nunca acaba. não sinto mais prazer nas coisas que gostava. tudo parece cinzento e sem cor."
1874,"Estou animado com o novo tópico da matéria. o trânsito estava horrível, cheguei atrasado na primeira aula. o esforço valeu a pena, senti-me competente. as coisas parecem sob controle."
1875,"Meu estômago está revirado só de pensar na próxima apresentação. sinto que o tempo está correndo e eu estou ficando para trás. tenho acumulado muitas faltas, a recuperação será difícil. o trânsito estava horrível, cheguei atrasado na primeira aula."
1876,"O trânsito estava horrível, cheguei atrasado na primeira aula. consegui me organizar bem para a prova. organizei minha rotina e a exaustão diminuiu. minhas notas vieram boas, o esforço valeu a pena!."
1877,"Choveu o dia todo, não consegui sair para a rua. consegui ter um bom tempo de descanso hoje. não estou sentindo aquela pressão de antes. estou animado com o novo tópico da matéria."
1878,"Choveu o dia todo, não consegui sair para a rua. não vejo sentido em continuar tentando. tudo parece cinzento e sem cor. tenho acumulado muitas faltas, a recuperação será difícil."
1879,"Estou com medo de ser reprovado em duas matérias. sinto um cinismo e irritação com todo mundo da faculdade. comi uma coisa nova no ru, estava razoável. tudo parece cinzento e sem cor. a faculdade virou uma tortura, o trabalho nunca acaba."
1880,"As preocupações de ontem diminuíram hoje. organizei minha rotina e a exaustão diminuiu. tirei uma nota alta na prova difícil, estou aliviado. não consigo parar de pensar no prazo final. o trânsito estava horrível, cheguei atrasado na primeira aula."
1881,"Organizei minha rotina e a exaustão diminuiu. as preocupações de ontem diminuíram hoje. comi uma coisa nova no ru, estava razoável. consegui avançar muito no projeto de pesquisa."
1882,"O trânsito estava horrível, cheguei atrasado na primeira aula. me senti produtivo e o trabalho fluiu bem. consegui me organizar bem para a prova. consegui avançar muito no projeto de pesquisa. minha cabeça não desliga, repasso tudo mil vezes antes de dormir."
1883,"Choveu o dia todo, não consegui sair para a rua. organizei minha rotina e a exaustão diminuiu. sinto que o tempo está correndo e eu estou ficando para trás. tirei uma nota alta na prova difícil, estou aliviado. quero largar tudo e sumir para ter paz mental. meu estômago está revirado só de pensar na próxima apresentação. consegui me organizar bem para a prova. tenho tido ataques de pânico leves no meio da noite."
1884,"As coisas parecem sob controle. consegui ter um bom tempo de descanso hoje. estou animado com o novo tópico da matéria. choveu o dia todo, não consegui sair para a rua."
1885,"Tirei uma nota alta na prova difícil, estou aliviado. é um esforço enorme levantar da cama. sinto que sou um fardo para minha família e amigos. comi uma coisa nova no ru, estava razoável."
1886,"O trânsito estava horrível, cheguei atrasado na primeira aula. não estou sentindo aquela pressão de antes. minha cabeça não desliga, repasso tudo mil vezes antes de dormir. consegui ter um bom tempo de descanso hoje. minhas notas vieram boas, o esforço valeu a pena!."
1887,"Consegui me organizar bem para a prova. tenho acumulado muitas faltas, a recuperação será difícil. comi uma coisa nova no ru, estava razoável. consegui ter um bom tempo de descanso hoje."
1888,"Minha cabeça não desliga, repasso tudo mil vezes antes de dormir. tenho tido ataques de pânico leves no meio da noite. comi uma coisa nova no ru, estava razoável. sinto que o tempo está correndo e eu estou ficando para trás. fui mal na prova e isso só piora meu humor."
1889,"Choveu o dia todo, não consegui sair para a rua. não sinto mais prazer nas coisas que gostava. minhas notas vieram boas, o esforço valeu a pena!. sinto que sou um fardo para minha família e amigos."
1890,"Tudo parece cinzento e sem cor. comi uma coisa nova no ru, estava razoável. minhas notas refletem meu desinteresse."
1891,"Estou desorientado e não consigo manter o foco em nada. minhas notas vieram boas, o esforço valeu a pena!. não sinto mais prazer nas coisas que gostava. lavei as roupas hoje, a pilha estava gigante."
1892,"Minhas notas vieram boas, o esforço valeu a pena!. lavei as roupas hoje, a pilha estava gigante. organizei minha rotina e a exaustão diminuiu. não estou sentindo aquela pressão de antes. durmo mal e acordo com a sensação de não ter descansado."
1893,"Minhas notas vieram boas, o esforço valeu a pena!. tenho tido ataques de pânico leves no meio da noite. sinto que sou um fardo para minha família e amigos. não vejo sentido em continuar tentando. estou sempre preocupado com o que pode dar errado. lavei as roupas hoje, a pilha estava gigante."
1894,"Meu estômago está revirado só de pensar na próxima apresentação. sinto que sou um fardo para minha família e amigos. o trânsito estava horrível, cheguei atrasado na primeira aula. minha cabeça não desliga, repasso tudo mil vezes antes de dormir. não consigo parar de pensar no prazo final. minhas notas refletem meu desinteresse."
1895,"Comi uma coisa nova no ru, estava razoável. fui mal na prova e isso só piora meu humor. quero largar tudo e sumir para ter paz mental. sinto um cinismo e irritação com todo mundo da faculdade. sinto que sou um fardo para minha família e amigos. não vejo sentido em continuar tentando."
1896,"A solidão bateu forte hoje, mesmo estando rodeado de gente. o tcc está travado, não consigo escrever uma linha coerente. o trânsito estava horrível, cheguei atrasado na primeira aula. sinto que sou um fardo para minha família e amigos."
1897,"Sinto que sou um fardo para minha família e amigos. minha cabeça não desliga, repasso tudo mil vezes antes de dormir. o tcc está travado, não consigo escrever uma linha coerente. o trânsito estava horrível, cheguei atrasado na primeira aula. tenho tido ataques de pânico leves no meio da noite. sinto que o tempo está correndo e eu estou ficando para trás."
1898,"Consegui ter um bom tempo de descanso hoje. o trânsito estava horrível, cheguei atrasado na primeira aula. fui mal na prova e isso só piora meu humor. as preocupações de ontem diminuíram hoje."
1899,"Sinto que sou um fardo para minha família e amigos. lavei as roupas hoje, a pilha estava gigante. a solidão bateu forte hoje, mesmo estando rodeado de gente. o tcc está travado, não consigo escrever uma linha coerente."
1900,"Não estou sentindo aquela pressão de antes. me senti produtivo e o trabalho fluiu bem. comi uma coisa nova no ru, estava razoável. estou animado com o novo tópico da matéria. estou exausto. o corpo dói e a mente está lenta."
1901,"Choveu o dia todo, não consegui sair para a rua. é um esforço enorme levantar da cama. minha cabeça não desliga, repasso tudo mil vezes antes de dormir. tenho acumulado muitas faltas, a recuperação será difícil. meu estômago está revirado só de pensar na próxima apresentação."
1902,"Estou exausto. o corpo dói e a mente está lenta. consegui me organizar bem para a prova. me senti produtivo e o trabalho fluiu bem. quero largar tudo e sumir para ter paz mental. comi uma coisa nova no ru, estava razoável. tirei uma nota alta na prova difícil, estou aliviado."
1903,"O trânsito estava horrível, cheguei atrasado na primeira aula. tudo parece cinzento e sem cor. fui mal na prova e isso só piora meu humor."
1904,"O trânsito estava horrível, cheguei atrasado na primeira aula. consegui avançar muito no projeto de pesquisa. sinto que o tempo está correndo e eu estou ficando para trás. a solidão bateu forte hoje, mesmo estando rodeado de gente."
1905,"Fui mal na prova e isso só piora meu humor. choveu o dia todo, não consegui sair para a rua. tenho tido ataques de pânico leves no meio da noite. não consigo parar de pensar no prazo final."
1906,"É um esforço enorme levantar da cama. lavei as roupas hoje, a pilha estava gigante. tirei uma nota alta na prova difícil, estou aliviado. não sinto mais prazer nas coisas que gostava."
1907,"Estou exausto. o corpo dói e a mente está lenta. consegui avançar muito no projeto de pesquisa. o trânsito estava horrível, cheguei atrasado na primeira aula. as preocupações de ontem diminuíram hoje. me senti produtivo e o trabalho fluiu bem."
1908,"O tcc está travado, não consigo escrever uma linha coerente. estou sempre preocupado com o que pode dar errado. minha cabeça não desliga, repasso tudo mil vezes antes de dormir. tudo parece cinzento e sem cor. o trânsito estava horrível, cheguei atrasado na primeira aula."
1909,"Comi uma coisa nova no ru, estava razoável. as coisas parecem sob controle. consegui avançar muito no projeto de pesquisa. me senti produtivo e o trabalho fluiu bem."
1910,"Não vejo sentido em continuar tentando. sinto que sou um fardo para minha família e amigos. minhas notas refletem meu desinteresse. o trânsito estava horrível, cheguei atrasado na primeira aula."
1911,"Durmo mal e acordo com a sensação de não ter descansado. consegui avançar muito no projeto de pesquisa. estou desorientado e não consigo manter o foco em nada. as coisas parecem sob controle. lavei as roupas hoje, a pilha estava gigante. organizei minha rotina e a exaustão diminuiu."
1912,"Minha cabeça não desliga, repasso tudo mil vezes antes de dormir. meu estômago está revirado só de pensar na próxima apresentação. o trânsito estava horrível, cheguei atrasado na primeira aula. não consigo parar de pensar no prazo final. me senti produtivo e o trabalho fluiu bem. não estou sentindo aquela pressão de antes. sinto um cinismo e irritação com todo mundo da faculdade. estou animado com o novo tópico da matéria."
1913,"Minhas notas vieram boas, o esforço valeu a pena!. o trânsito estava horrível, cheguei atrasado na primeira aula. consegui me organizar bem para a prova. o esforço valeu a pena, senti-me competente."
1914,"Minha cabeça não desliga, repasso tudo mil vezes antes de dormir. tirei uma nota alta na prova difícil, estou aliviado. é um esforço enorme levantar da cama. choveu o dia todo, não consegui sair para a rua."
1915,"Minhas notas refletem meu desinteresse. a solidão bateu forte hoje, mesmo estando rodeado de gente. o trânsito estava horrível, cheguei atrasado na primeira aula. a faculdade virou uma tortura, o trabalho nunca acaba. é um esforço enorme levantar da cama. estou desorientado e não consigo manter o foco em nada."
1916,"A solidão bateu forte hoje, mesmo estando rodeado de gente. comi uma coisa nova no ru, estava razoável. tudo parece cinzento e sem cor. o tcc está travado, não consigo escrever uma linha coerente."
1917,"Não consigo parar de pensar no prazo final. fui mal na prova e isso só piora meu humor. lavei as roupas hoje, a pilha estava gigante. sinto que sou um fardo para minha família e amigos. tudo parece cinzento e sem cor."
1918,"Consegui me organizar bem para a prova. sinto um cinismo e irritação com todo mundo da faculdade. durmo mal e acordo com a sensação de não ter descansado. lavei as roupas hoje, a pilha estava gigante. o esforço valeu a pena, senti-me competente. consegui avançar muito no projeto de pesquisa."
1919,"Me senti produtivo e o trabalho fluiu bem. estou animado com o novo tópico da matéria. não estou sentindo aquela pressão de antes. o trânsito estava horrível, cheguei atrasado na primeira aula."
1920,"Organizei minha rotina e a exaustão diminuiu. o trânsito estava horrível, cheguei atrasado na primeira aula. estou animado com o novo tópico da matéria. não estou sentindo aquela pressão de antes."
1921,"Não estou sentindo aquela pressão de antes. consegui avançar muito no projeto de pesquisa. choveu o dia todo, não consegui sair para a rua. me senti produtivo e o trabalho fluiu bem."
1922,"Lavei as roupas hoje, a pilha estava gigante. fui mal na prova e isso só piora meu humor. sinto que sou um fardo para minha família e amigos. não sinto mais prazer nas coisas que gostava."
1923,"Estou sempre preocupado com o que pode dar errado. estou animado com o novo tópico da matéria. choveu o dia todo, não consegui sair para a rua. o esforço valeu a pena, senti-me competente. meu estômago está revirado só de pensar na próxima apresentação. as coisas parecem sob controle."
1924,"Tirei uma nota alta na prova difícil, estou aliviado. choveu o dia todo, não consegui sair para a rua."
1925,"Choveu o dia todo, não consegui sair para a rua. minhas notas refletem meu desinteresse. é um esforço enorme levantar da cama."
1926,"A solidão bateu forte hoje, mesmo estando rodeado de gente. o tcc está travado, não consigo escrever uma linha coerente. choveu o dia todo, não consegui sair para a rua."
1927,"O trânsito estava horrível, cheguei atrasado na primeira aula. não vejo sentido em continuar tentando. o tcc está travado, não consigo escrever uma linha coerente. meu estômago está revirado só de pensar na próxima apresentação."
1928,"Não sinto mais prazer nas coisas que gostava. comi uma coisa nova no ru, estava razoável. fui mal na prova e isso só piora meu humor."
1929,"Não vejo sentido em continuar tentando. choveu o dia todo, não consegui sair para a rua. minhas notas vieram boas, o esforço valeu a pena!. sinto que sou um fardo para minha família e amigos. meu estômago está revirado só de pensar na próxima apresentação."
1930,"Sinto um cinismo e irritação com todo mundo da faculdade. a solidão bateu forte hoje, mesmo estando rodeado de gente. estou desorientado e não consigo manter o foco em nada. minhas notas refletem meu desinteresse. o trânsito estava horrível, cheguei atrasado na primeira aula."
1931,"Estou animado com o novo tópico da matéria. me senti produtivo e o trabalho fluiu bem. o trânsito estava horrível, cheguei atrasado na primeira aula. as preocupações de ontem diminuíram hoje."
1932,"Sinto que sou um fardo para minha família e amigos. tirei uma nota alta na prova difícil, estou aliviado. o trânsito estava horrível, cheguei atrasado na primeira aula."
1933,"Meu estômago está revirado só de pensar na próxima apresentação. minhas notas refletem meu desinteresse. é um esforço enorme levantar da cama. não consigo parar de pensar no prazo final. choveu o dia todo, não consegui sair para a rua."
1934,"Comi uma coisa nova no ru, estava razoável. o tcc está travado, não consigo escrever uma linha coerente. não vejo sentido em continuar tentando. é um esforço enorme levantar da cama."
1935,"Lavei as roupas hoje, a pilha estava gigante. não estou sentindo aquela pressão de antes. tenho acumulado muitas faltas, a recuperação será difícil. me senti produtivo e o trabalho fluiu bem."
1936,"Não vejo sentido em continuar tentando. é um esforço enorme levantar da cama. fui mal na prova e isso só piora meu humor. comi uma coisa nova no ru, estava razoável."
1937,"Tirei uma nota alta na prova difícil, estou aliviado. meu estômago está revirado só de pensar na próxima apresentação. lavei as roupas hoje, a pilha estava gigante. me senti produtivo e o trabalho fluiu bem. consegui me organizar bem para a prova."
1938,"O tcc está travado, não consigo escrever uma linha coerente. tudo parece cinzento e sem cor. não vejo sentido em continuar tentando. lavei as roupas hoje, a pilha estava gigante."
1939,"Consegui me organizar bem para a prova. o trânsito estava horrível, cheguei atrasado na primeira aula. organizei minha rotina e a exaustão diminuiu. tirei uma nota alta na prova difícil, estou aliviado."
1940,"Consegui me organizar bem para a prova. consegui ter um bom tempo de descanso hoje. choveu o dia todo, não consegui sair para a rua. estou sempre preocupado com o que pode dar errado. sinto que o tempo está correndo e eu estou ficando para trás. consegui avançar muito no projeto de pesquisa."
1941,"Estou animado com o novo tópico da matéria. consegui ter um bom tempo de descanso hoje. consegui me organizar bem para a prova. choveu o dia todo, não consegui sair para a rua."
1942,"Tenho acumulado muitas faltas, a recuperação será difícil. o trânsito estava horrível, cheguei atrasado na primeira aula. estou sempre preocupado com o que pode dar errado."
1943,"Sinto que sou um fardo para minha família e amigos. meu estômago está revirado só de pensar na próxima apresentação. estou com medo de ser reprovado em duas matérias. sinto que o tempo está correndo e eu estou ficando para trás. o trânsito estava horrível, cheguei atrasado na primeira aula. não consigo parar de pensar no prazo final."
1944,"Não vejo sentido em continuar tentando. não sinto mais prazer nas coisas que gostava. minhas notas vieram boas, o esforço valeu a pena!. o trânsito estava horrível, cheguei atrasado na primeira aula."
1945,"Tirei uma nota alta na prova difícil, estou aliviado. choveu o dia todo, não consegui sair para a rua. é um esforço enorme levantar da cama."
1946,"Choveu o dia todo, não consegui sair para a rua. me senti produtivo e o trabalho fluiu bem. minhas notas vieram boas, o esforço valeu a pena!. as preocupações de ontem diminuíram hoje."
1947,"Tenho acumulado muitas faltas, a recuperação será difícil. não vejo sentido em continuar tentando. o trânsito estava horrível, cheguei atrasado na primeira aula. tudo parece cinzento e sem cor. não consigo parar de pensar no prazo final."
1948,"Tenho acumulado muitas faltas, a recuperação será difícil. tudo parece cinzento e sem cor. estou exausto. o corpo dói e a mente está lenta. durmo mal e acordo com a sensação de não ter descansado. lavei as roupas hoje, a pilha estava gigante."
1949,"O trânsito estava horrível, cheguei atrasado na primeira aula. o esforço valeu a pena, senti-me competente. consegui me organizar bem para a prova. estou desorientado e não consigo manter o foco em nada. estou exausto. o corpo dói e a mente está lenta. consegui avançar muito no projeto de pesquisa."
1950,"Fui mal na prova e isso só piora meu humor. choveu o dia todo, não consegui sair para a rua. estou sempre preocupado com o que pode dar errado."
1951,"Tirei uma nota alta na prova difícil, estou aliviado. consegui me organizar bem para a prova. consegui ter um bom tempo de descanso hoje. lavei as roupas hoje, a pilha estava gigante."
1952,"O trânsito estava horrível, cheguei atrasado na primeira aula. sinto que sou um fardo para minha família e amigos. tudo parece cinzento e sem cor. o tcc está travado, não consigo escrever uma linha coerente."
1953,"O trânsito estava horrível, cheguei atrasado na primeira aula. estou sempre preocupado com o que pode dar errado. tenho tido ataques de pânico leves no meio da noite. tirei uma nota alta na prova difícil, estou aliviado. meu estômago está revirado só de pensar na próxima apresentação."
1954,"O tcc está travado, não consigo escrever uma linha coerente. choveu o dia todo, não consegui sair para a rua. não estou sentindo aquela pressão de antes. minha cabeça não desliga, repasso tudo mil vezes antes de dormir. me senti produtivo e o trabalho fluiu bem."
1955,"Organizei minha rotina e a exaustão diminuiu. minhas notas vieram boas, o esforço valeu a pena!. as preocupações de ontem diminuíram hoje. lavei as roupas hoje, a pilha estava gigante."
1956,"O trânsito estava horrível, cheguei atrasado na primeira aula. não sinto mais prazer nas coisas que gostava. a faculdade virou uma tortura, o trabalho nunca acaba. estou desorientado e não consigo manter o foco em nada. fui mal na prova e isso só piora meu humor."
1957,"Fui mal na prova e isso só piora meu humor. não vejo sentido em continuar tentando. lavei as roupas hoje, a pilha estava gigante. tenho tido ataques de pânico leves no meio da noite. a solidão bateu forte hoje, mesmo estando rodeado de gente."
1958,"Tudo parece cinzento e sem cor. sinto um cinismo e irritação com todo mundo da faculdade. a faculdade virou uma tortura, o trabalho nunca acaba. fui mal na prova e isso só piora meu humor. não sinto mais prazer nas coisas que gostava. comi uma coisa nova no ru, estava razoável."
1959,"Minhas notas vieram boas, o esforço valeu a pena!. estou sempre preocupado com o que pode dar errado. não estou sentindo aquela pressão de antes. comi uma coisa nova no ru, estava razoável. consegui ter um bom tempo de descanso hoje. sinto que o tempo está correndo e eu estou ficando para trás. meu estômago está revirado só de pensar na próxima apresentação."
1960,"Sinto que sou um fardo para minha família e amigos. sinto um cinismo e irritação com todo mundo da faculdade. o tcc está travado, não consigo escrever uma linha coerente. comi uma coisa nova no ru, estava razoável."
1961,"Quero largar tudo e sumir para ter paz mental. sinto um cinismo e irritação com todo mundo da faculdade. as preocupações de ontem diminuíram hoje. choveu o dia todo, não consegui sair para a rua. me senti produtivo e o trabalho fluiu bem. consegui avançar muito no projeto de pesquisa."
1962,"Consegui me organizar bem para a prova. tirei uma nota alta na prova difícil, estou aliviado. choveu o dia todo, não consegui sair para a rua. o esforço valeu a pena, senti-me competente."
1963,"O tcc está travado, não consigo escrever uma linha coerente. é um esforço enorme levantar da cama. choveu o dia todo, não consegui sair para a rua. não vejo sentido em continuar tentando."
1964,"O esforço valeu a pena, senti-me competente. estou animado com o novo tópico da matéria. consegui me organizar bem para a prova. choveu o dia todo, não consegui sair para a rua."
1965,"Tenho acumulado muitas faltas, a recuperação será difícil. choveu o dia todo, não consegui sair para a rua."
1966,"As coisas parecem sob controle. choveu o dia todo, não consegui sair para a rua. tirei uma nota alta na prova difícil, estou aliviado. organizei minha rotina e a exaustão diminuiu."
1967,"Estou com medo de ser reprovado em duas matérias. o trânsito estava horrível, cheguei atrasado na primeira aula. não vejo sentido em continuar tentando."
1968,"Tudo parece cinzento e sem cor. lavei as roupas hoje, a pilha estava gigante. o tcc está travado, não consigo escrever uma linha coerente."
1969,"As coisas parecem sob controle. estou animado com o novo tópico da matéria. choveu o dia todo, não consegui sair para a rua. organizei minha rotina e a exaustão diminuiu."
1970,"Estou exausto. o corpo dói e a mente está lenta. quero largar tudo e sumir para ter paz mental. as preocupações de ontem diminuíram hoje. o trânsito estava horrível, cheguei atrasado na primeira aula. organizei minha rotina e a exaustão diminuiu. estou animado com o novo tópico da matéria."
1971,"O trânsito estava horrível, cheguei atrasado na primeira aula. não estou sentindo aquela pressão de antes. consegui avançar muito no projeto de pesquisa. estou sempre preocupado com o que pode dar errado. não consigo parar de pensar no prazo final. minha cabeça não desliga, repasso tudo mil vezes antes de dormir. consegui ter um bom tempo de descanso hoje."
1972,"Sinto que o tempo está correndo e eu estou ficando para trás. meu estômago está revirado só de pensar na próxima apresentação. tenho tido ataques de pânico leves no meio da noite. comi uma coisa nova no ru, estava razoável. consegui avançar muito no projeto de pesquisa. consegui ter um bom tempo de descanso hoje. consegui me organizar bem para a prova."
1973,"As coisas parecem sob controle. estou sempre preocupado com o que pode dar errado. organizei minha rotina e a exaustão diminuiu. meu estômago está revirado só de pensar na próxima apresentação. estou animado com o novo tópico da matéria. tenho tido ataques de pânico leves no meio da noite. lavei as roupas hoje, a pilha estava gigante."
1974,"Estou com medo de ser reprovado em duas matérias. quero largar tudo e sumir para ter paz mental. lavei as roupas hoje, a pilha estava gigante. a solidão bateu forte hoje, mesmo estando rodeado de gente."
1975,"Não consigo parar de pensar no prazo final. não vejo sentido em continuar tentando. choveu o dia todo, não consegui sair para a rua. estou com medo de ser reprovado em duas matérias."
1976,"Não vejo sentido em continuar tentando. fui mal na prova e isso só piora meu humor. choveu o dia todo, não consegui sair para a rua. meu estômago está revirado só de pensar na próxima apresentação. não sinto mais prazer nas coisas que gostava."
1977,"Meu estômago está revirado só de pensar na próxima apresentação. o trânsito estava horrível, cheguei atrasado na primeira aula. não vejo sentido em continuar tentando. consegui avançar muito no projeto de pesquisa."
1978,"Minhas notas refletem meu desinteresse. a solidão bateu forte hoje, mesmo estando rodeado de gente. não consigo parar de pensar no prazo final. choveu o dia todo, não consegui sair para a rua. meu estômago está revirado só de pensar na próxima apresentação. minha cabeça não desliga, repasso tudo mil vezes antes de dormir."
1979,"Estou animado com o novo tópico da matéria. consegui me organizar bem para a prova. consegui ter um bom tempo de descanso hoje. estou desorientado e não consigo manter o foco em nada. comi uma coisa nova no ru, estava razoável."
1980,"Meu estômago está revirado só de pensar na próxima apresentação. o tcc está travado, não consigo escrever uma linha coerente. é um esforço enorme levantar da cama. lavei as roupas hoje, a pilha estava gigante."
1981,"Quero largar tudo e sumir para ter paz mental. a faculdade virou uma tortura, o trabalho nunca acaba. tirei uma nota alta na prova difícil, estou aliviado. as preocupações de ontem diminuíram hoje. lavei as roupas hoje, a pilha estava gigante. o esforço valeu a pena, senti-me competente."
1982,"Tudo parece cinzento e sem cor. a solidão bateu forte hoje, mesmo estando rodeado de gente. minhas notas refletem meu desinteresse. choveu o dia todo, não consegui sair para a rua."
1983,"Durmo mal e acordo com a sensação de não ter descansado. minhas notas vieram boas, o esforço valeu a pena!. lavei as roupas hoje, a pilha estava gigante. o esforço valeu a pena, senti-me competente. as preocupações de ontem diminuíram hoje."
1984,"Consegui ter um bom tempo de descanso hoje. comi uma coisa nova no ru, estava razoável. consegui avançar muito no projeto de pesquisa. as coisas parecem sob controle."
1985,"Consegui me organizar bem para a prova. durmo mal e acordo com a sensação de não ter descansado. estou animado com o novo tópico da matéria. sinto um cinismo e irritação com todo mundo da faculdade. o esforço valeu a pena, senti-me competente. choveu o dia todo, não consegui sair para a rua."
1986,"Fui mal na prova e isso só piora meu humor. sinto que sou um fardo para minha família e amigos. comi uma coisa nova no ru, estava razoável. não sinto mais prazer nas coisas que gostava."
1987,"É um esforço enorme levantar da cama. não sinto mais prazer nas coisas que gostava. tenho tido ataques de pânico leves no meio da noite. minha cabeça não desliga, repasso tudo mil vezes antes de dormir. minhas notas refletem meu desinteresse. choveu o dia todo, não consegui sair para a rua."
1988,"Comi uma coisa nova no ru, estava razoável. não vejo sentido em continuar tentando. minhas notas refletem meu desinteresse."
1989,"Estou com medo de ser reprovado em duas matérias. o esforço valeu a pena, senti-me competente. lavei as roupas hoje, a pilha estava gigante. sinto que o tempo está correndo e eu estou ficando para trás. as preocupações de ontem diminuíram hoje."
1990,"Me senti produtivo e o trabalho fluiu bem. comi uma coisa nova no ru, estava razoável. as coisas parecem sob controle. estou animado com o novo tópico da matéria."
1991,"Não estou sentindo aquela pressão de antes. estou com medo de ser reprovado em duas matérias. me senti produtivo e o trabalho fluiu bem. choveu o dia todo, não consegui sair para a rua."
1992,"Comi uma coisa nova no ru, estava razoável. tenho acumulado muitas faltas, a recuperação será difícil."
1993,"Consegui ter um bom tempo de descanso hoje. lavei as roupas hoje, a pilha estava gigante. minhas notas vieram boas, o esforço valeu a pena!. as preocupações de ontem diminuíram hoje."
1994,"Não consigo parar de pensar no prazo final. minha cabeça não desliga, repasso tudo mil vezes antes de dormir. choveu o dia todo, não consegui sair para a rua. consegui avançar muito no projeto de pesquisa. tudo parece cinzento e sem cor. sinto que sou um fardo para minha família e amigos."
1995,"Tenho tido ataques de pânico leves no meio da noite. durmo mal e acordo com a sensação de não ter descansado. estou com medo de ser reprovado em duas matérias. é um esforço enorme levantar da cama. lavei as roupas hoje, a pilha estava gigante. meu estômago está revirado só de pensar na próxima apresentação. minha cabeça não desliga, repasso tudo mil vezes antes de dormir."
1996,"Consegui ter um bom tempo de descanso hoje. consegui avançar muito no projeto de pesquisa. lavei as roupas hoje, a pilha estava gigante. as preocupações de ontem diminuíram hoje."
1997,"Não vejo sentido em continuar tentando. estou com medo de ser reprovado em duas matérias. sinto que sou um fardo para minha família e amigos. o trânsito estava horrível, cheguei atrasado na primeira aula."
1998,"Lavei as roupas hoje, a pilha estava gigante. minhas notas vieram boas, o esforço valeu a pena!."
1999,"Comi uma coisa nova no ru, estava razoável. fui mal na prova e isso só piora meu humor. quero largar tudo e sumir para ter paz mental."
2000,"Estou sempre preocupado com o que pode dar errado. estou com medo de ser reprovado em duas matérias. sinto que o tempo está correndo e eu estou ficando para trás. meu estômago está revirado só de pensar na próxima apresentação. lavei as roupas hoje, a pilha estava gigante. durmo mal e acordo com a sensação de não ter descansado."
